# JPS(C#/C) cold/hot vs A* benchmark   2026-07-08 01:16:02
Host OS:  Debian GNU/Linux 12 (bookworm) (Arm64)
Host CPU: Cortex-A55; 8 logical cores
          arch=aarch64  vendor=ARM  model=0  stepping=r2p0
          topology=1sock x 4core x 1thread  freq=408.0000..1800.0000 MHz
          cache: L1d=384 KiB (8 instances)  L1i=384 KiB (8 instances)  L2=2.5 MiB (8 instances)  L3=3 MiB (1 instance)
Runtime:  .NET 10.0.9 (Arm64)
Build config: corner-cutting=off, concurrent-cache=on
Native: enabled (/root/JPS/JPS.Benchmark/bin/Release/net10.0/libJPS.Native.so)
Scope: movingai/; 1354 .scen / 562 maps; rand target 1000/map; scen dedup 1414808 from 1423420
Parallelism: 4 map workers pinned to CPUs [4,5,6,7] (default: half of logical CPUs, every other)
Timing mode: parallel throughput by map group. Rows are emitted in map dispatch order as results arrive.
cold = before each query flip a few cells in a small window then restore + Sync (invalidates the jump-point cache); hot = warm cache reuse.

Columns:
  map          map name (relative path)
  size         width x height
  tag          rand = random sampled pairs / scen = .scen cases
  pairs        start/goal pairs timed
  JPSexp/A*exp mean expanded nodes per query (JPS / A*)
  cC# / cC     C# / C JPS cold-path mean time (us/query)
  wC# / wC     C# / C JPS hot-path mean time (us/query)
  A*us         A* mean time per query (us/query)
  A*/cC A*/wC  A*us divided by C cold / hot time (higher = C JPS faster than A*)
  color: cC/wC vs same-language C# faster=green slower=red; any JPS time slower than A*=red; A*/cC or A*/wC < 1 = red

------------------------------------------------------------------------------------------------------------------------------------
map                                  size   tag   pairs  JPSexp   A*exp      cC#       cC      wC#       wC     A*us   A*/cC   A*/wC
------------------------------------------------------------------------------------------------------------------------------------
bg512-map/AR0011SR                512x512  rand    1000      68   17354   350.65    75.25    66.75    29.38  4122.74    54.8   140.3
bg512-map/AR0011SR                512x512  scen    2180     130   32823   368.08    87.03    85.65    46.25  7878.31    90.5   170.3
bg512-map/AR0012SR                512x512  rand    1000      44    7750   178.25    50.53    41.03    19.30  1863.74    36.9    96.6
bg512-map/AR0012SR                512x512  scen    1370      68   12709   202.18    62.80    53.46    26.58  3133.03    49.9   117.9
bg512-map/AR0013SR                512x512  rand    1000      38    4775   171.28    51.95    44.10    19.27  1210.79    23.3    62.8
bg512-map/AR0013SR                512x512  scen    1260      66    8687   185.10    62.06    52.90    27.83  2262.53    36.5    81.3
bg512-map/AR0014SR                512x512  rand    1000      30    5156   175.12    38.61    33.14    15.38  1305.66    33.8    84.9
bg512-map/AR0014SR                512x512  scen    1290      51    9243   182.82    50.91    47.36    22.41  2376.68    46.7   106.1
bg512-map/AR0015SR                512x512  rand    1000      13    4645   204.68    32.69    28.67    12.57  1159.77    35.5    92.2
bg512-map/AR0015SR                512x512  scen    1310      21    9085   226.02    38.49    34.12    16.47  2318.33    60.2   140.8
bg512-map/AR0016SR                512x512  rand    1000      14    4797   186.79    41.12    32.06    13.16  1191.20    29.0    90.5
bg512-map/AR0016SR                512x512  scen    1220      18    7158   192.83    36.57    32.43    15.22  1803.43    49.3   118.5
bg512-map/AR0017SR                512x512  rand    1000      15    6734   223.46    49.02    34.60    14.52  1590.71    32.5   109.6
bg512-map/AR0017SR                512x512  scen    1400      25   13525   230.10    44.52    38.89    17.52  3303.46    74.2   188.6
bg512-map/AR0018SR                512x512  rand    1000      21    5238   197.29    33.73    29.05    12.25  1270.92    37.7   103.7
bg512-map/AR0018SR                512x512  scen    1490      59   16270   262.27    53.89    51.97    25.02  3994.21    74.1   159.6
bg512-map/AR0020SR                512x512  rand    1000       8    3172   246.13    31.09    32.27    10.44   761.67    24.5    72.9
bg512-map/AR0020SR                512x512  scen    1320      10    5557   269.63    32.71    35.65    13.59  1337.10    40.9    98.4
bg512-map/AR0041SR                512x512  rand    1000       5    4231   381.74    33.50    38.56    11.17  1012.26    30.2    90.6
bg512-map/AR0041SR                512x512  scen    1440       6    6223   395.13    35.47    36.74    12.84  1480.28    41.7   115.3
bg512-map/AR0042SR                512x512  rand    1000       5    4736   556.29    35.59    52.77    11.20  1066.42    30.0    95.2
bg512-map/AR0042SR                512x512  scen    1610       6    8105   617.44    40.33    52.54    13.64  1854.69    46.0   135.9
bg512-map/AR0043SR                512x512  rand    1000       5    4129   429.04    36.49    44.68    12.05   965.10    26.4    80.1
bg512-map/AR0043SR                512x512  scen    1390       7    6852   456.56    35.67    41.58    12.69  1603.99    45.0   126.4
bg512-map/AR0044SR                512x512  rand    1000       7    5930   807.13    47.18    89.17    15.23  1377.25    29.2    90.4
bg512-map/AR0044SR                512x512  scen    1670       9    8068   895.74    53.26    79.25    19.55  1918.25    36.0    98.1
bg512-map/AR0045SR                512x512  rand    1000       6    4223   337.12    34.04    33.87    10.39   971.86    28.6    93.5
bg512-map/AR0045SR                512x512  scen    1500      10   10292   360.49    36.53    37.76    13.53  2410.94    66.0   178.2
bg512-map/AR0046SR                512x512  rand    1000       8    5021   375.06    36.13    45.17    13.79  1195.52    33.1    86.7
bg512-map/AR0046SR                512x512  scen    1580      10    7487   393.77    41.01    46.05    17.31  1810.90    44.2   104.6
bg512-map/AR0070SR                512x512  rand    1000      56   21206   242.47    61.16    58.39    30.15  4767.18    77.9   158.1
bg512-map/AR0070SR                512x512  scen    2720      72   28231   247.79    68.88    66.11    36.48  6273.52    91.1   172.0
bg512-map/AR0071SR                512x512  rand    1000      63   14673   187.91    62.67    54.93    29.19  3531.22    56.3   121.0
bg512-map/AR0071SR                512x512  scen    1850      73   17510   183.07    61.71    59.11    32.41  4168.69    67.5   128.6
bg512-map/AR0072SR                512x512  rand    1000      33   11783   179.95    34.75    32.04    14.64  2567.31    73.9   175.3
bg512-map/AR0072SR                512x512  scen    2060      47   18117   188.04    38.56    35.30    18.21  3876.14   100.5   212.9
bg512-map/AR0201SR                512x512  rand    1000      16    2874    69.10    24.83    18.72     9.90   668.80    26.9    67.6
bg512-map/AR0201SR                512x512  scen    1380      25    4875    77.87    30.31    25.45    13.53  1117.41    36.9    82.6
bg512-map/AR0202SR                512x512  rand    1000     213   17343   218.19    93.46   100.40    59.09  3980.45    42.6    67.4
bg512-map/AR0202SR                512x512  scen    3170     295   23648   261.88   113.01   130.37    77.24  5475.72    48.5    70.9
bg512-map/AR0203SR                512x512  rand    1000       8    4538   323.09    30.07    37.31     9.69  1086.74    36.1   112.1
bg512-map/AR0203SR                512x512  scen    1360      12    8200   334.83    34.66    38.24    12.74  2015.49    58.1   158.2
bg512-map/AR0204SR                512x512  rand    1000     125   12241   187.18    63.51    62.08    34.73  2797.21    44.0    80.5
bg512-map/AR0204SR                512x512  scen    2210     177   16643   212.72    80.06    82.02    46.34  3776.77    47.2    81.5
bg512-map/AR0205SR                512x512  rand    1000     108    9859   215.03    64.69    60.90    34.52  2448.22    37.8    70.9
bg512-map/AR0205SR                512x512  scen    1900     216   18210   261.19    97.56    95.86    54.22  4612.22    47.3    85.1
bg512-map/AR0206SR                512x512  rand    1000      15    4094   158.72    27.29    25.84     9.85   965.91    35.4    98.0
bg512-map/AR0206SR                512x512  scen    1150      24    7291   168.68    35.29    31.20    13.44  1725.74    48.9   128.4
bg512-map/AR0300SR                512x512  rand    1000     170   11320   227.76    87.55    77.87    46.10  2669.41    30.5    57.9
bg512-map/AR0300SR                512x512  scen    1910     279   17707   253.33   104.29   106.38    66.62  4135.95    39.7    62.1
------------------------------------------------------------------------------------------------------------------------------------
map                                  size   tag   pairs  JPSexp   A*exp      cC#       cC      wC#       wC     A*us   A*/cC   A*/wC
------------------------------------------------------------------------------------------------------------------------------------
bg512-map/AR0301SR                512x512  rand    1000      17    6260   164.79    33.67    30.12    12.52  1490.15    44.3   119.1
bg512-map/AR0301SR                512x512  scen    1480      28   12009   185.52    41.11    38.97    18.32  2916.31    70.9   159.2
bg512-map/AR0302SR                512x512  rand    1000      18    5999   175.28    36.01    31.29    14.01  1480.62    41.1   105.7
bg512-map/AR0302SR                512x512  scen    1300      24    9077   183.87    41.31    35.78    17.68  2285.27    55.3   129.3
bg512-map/AR0303SR                512x512  rand    1000      14    5358   188.21    34.83    29.63    12.11  1315.03    37.8   108.6
bg512-map/AR0303SR                512x512  scen    1340      20    8995   202.90    37.20    35.25    15.66  2276.32    61.2   145.3
bg512-map/AR0304SR                512x512  rand    1000      21    6884   160.67    44.01    33.37    15.27  1645.50    37.4   107.7
bg512-map/AR0304SR                512x512  scen    1340      28    9696   159.86    44.11    36.82    17.34  2301.69    52.2   132.7
bg512-map/AR0305SR                512x512  rand    1000      26    6355   180.50    42.96    35.56    17.27  1554.93    36.2    90.0
bg512-map/AR0305SR                512x512  scen    1430      41   11362   182.99    41.77    41.10    19.51  2727.84    65.3   139.8
bg512-map/AR0306SR                512x512  rand    1000      19    7301   169.49    37.45    30.33    13.59  1774.97    47.4   130.6
bg512-map/AR0306SR                512x512  scen    1290      27   11185   179.93    39.39    33.68    16.38  2698.09    68.5   164.7
bg512-map/AR0307SR                512x512  rand    1000     359   14099   239.08   118.15   134.54    80.39  3110.03    26.3    38.7
bg512-map/AR0307SR                512x512  scen    3380     507   19945   296.19   149.99   183.87   111.48  4339.28    28.9    38.9
bg512-map/AR0308SR                512x512  rand    1000      46    8038   255.95    48.10    45.23    19.86  1900.72    39.5    95.7
bg512-map/AR0308SR                512x512  scen    1600     109   18354   309.40    67.56    70.79    35.33  4263.15    63.1   120.7
bg512-map/AR0309SR                512x512  rand    1000      43    7826   173.55    46.39    40.17    20.53  1924.08    41.5    93.7
bg512-map/AR0309SR                512x512  scen    1620      84   15312   209.11    60.68    59.20    32.94  3747.03    61.8   113.8
bg512-map/AR0310SR                512x512  rand    1000       6    2738   246.92    22.26    25.11     7.02   640.62    28.8    91.2
bg512-map/AR0310SR                512x512  scen    1070       8    4430   261.73    26.75    29.82     9.39  1010.74    37.8   107.7
bg512-map/AR0314SR                512x512  rand    1000      10    3482   181.68    27.13    26.78     9.54   823.04    30.3    86.2
bg512-map/AR0314SR                512x512  scen    1170      16    6746   196.56    31.53    31.48    12.42  1610.79    51.1   129.6
bg512-map/AR0316SR                512x512  rand    1000      12    3330   180.06    32.23    25.55    10.27   787.30    24.4    76.7
bg512-map/AR0316SR                512x512  scen    1230      21    7509   187.78    36.78    32.06    14.56  1784.72    48.5   122.6
bg512-map/AR0317SR                512x512  rand    1000      10    3498   196.27    35.10    28.99    10.99   814.20    23.2    74.1
bg512-map/AR0317SR                512x512  scen    1230      16    7213   206.92    30.89    32.44    13.02  1668.37    54.0   128.2
bg512-map/AR0331SR                512x512  rand    1000      14    5724   139.32    36.94    28.33    14.17  1378.04    37.3    97.3
bg512-map/AR0331SR                512x512  scen    1290      19    8446   143.84    35.03    30.33    14.34  1996.36    57.0   139.2
bg512-map/AR0400SR                512x512  rand    1000     142   21381   356.92    92.29    86.63    44.02  5145.94    55.8   116.9
bg512-map/AR0400SR                512x512  scen    2890     247   35184   392.12   123.15   120.95    68.98  8285.87    67.3   120.1
bg512-map/AR0404SR                512x512  rand    1000     106   11390   172.49    62.58    62.46    32.50  2583.28    41.3    79.5
bg512-map/AR0404SR                512x512  scen    1900     131   14324   176.69    70.20    67.89    39.15  3241.97    46.2    82.8
bg512-map/AR0405SR                512x512  rand    1000      67   16750   228.23    59.50    59.47    28.78  4056.88    68.2   141.0
bg512-map/AR0405SR                512x512  scen    1990      93   24331   249.83    67.97    69.12    36.91  5888.05    86.6   159.5
bg512-map/AR0406SR                512x512  rand    1000     201   13021   230.25   104.92    97.42    59.16  3061.78    29.2    51.8
bg512-map/AR0406SR                512x512  scen    2240     293   18781   264.04   111.52   124.93    74.74  4382.32    39.3    58.6
bg512-map/AR0410SR                512x512  rand    1000       8    2974   185.65    26.82    21.64     8.55   675.53    25.2    79.0
bg512-map/AR0410SR                512x512  scen    1160      11    5130   170.93    25.09    24.83     9.72  1140.56    45.5   117.3
bg512-map/AR0411SR                512x512  rand    1000     126   14481   187.43    72.28    65.94    37.19  3237.83    44.8    87.1
bg512-map/AR0411SR                512x512  scen    2430     154   17463   192.08    75.70    73.14    43.18  3895.84    51.5    90.2
bg512-map/AR0412SR                512x512  rand    1000      27    6171   225.73    43.55    41.34    18.04  1491.49    34.2    82.7
bg512-map/AR0412SR                512x512  scen    1500      50   11202   239.59    50.18    48.96    23.59  2623.63    52.3   111.2
bg512-map/AR0413SR                512x512  rand    1000      23    3665    64.94    26.77    17.85    10.29   827.40    30.9    80.4
bg512-map/AR0413SR                512x512  scen    1530      34    5912    73.86    25.61    22.07    12.58  1319.11    51.5   104.9
bg512-map/AR0414SR                512x512  rand    1000      49    5079   182.25    43.39    35.18    17.88  1209.56    27.9    67.6
bg512-map/AR0414SR                512x512  scen    1250     135   11977   233.60    67.86    65.41    36.45  2915.26    43.0    80.0
bg512-map/AR0418SR                512x512  rand    1000       3    1628   259.49    28.58    27.98     7.97   385.50    13.5    48.4
bg512-map/AR0418SR                512x512  scen     850       3    2853   248.71    27.62    31.89     8.06   668.22    24.2    82.9
bg512-map/AR0500SR                512x512  rand    1000     116   11041   219.49    72.91    65.90    36.40  2659.89    36.5    73.1
bg512-map/AR0500SR                512x512  scen    2140     200   18590   252.13    94.56    90.63    49.02  4473.21    47.3    91.3
------------------------------------------------------------------------------------------------------------------------------------
map                                  size   tag   pairs  JPSexp   A*exp      cC#       cC      wC#       wC     A*us   A*/cC   A*/wC
------------------------------------------------------------------------------------------------------------------------------------
bg512-map/AR0502SR                512x512  rand    1000      11    4591   209.74    38.42    32.38    13.45  1142.33    29.7    84.9
bg512-map/AR0502SR                512x512  scen    1240      15    7681   212.05    40.14    33.98    16.02  1944.34    48.4   121.4
bg512-map/AR0503SR                512x512  rand    1000      12    3129   105.38    28.15    20.73     9.17   734.53    26.1    80.1
bg512-map/AR0503SR                512x512  scen    1140      18    5515   110.89    31.35    23.16    11.91  1308.30    41.7   109.9
bg512-map/AR0504SR                512x512  rand    1000      52    6916   229.09    58.46    49.10    24.12  1737.65    29.7    72.1
bg512-map/AR0504SR                512x512  scen    1330      81   10754   240.83    68.92    61.40    31.75  2752.86    39.9    86.7
bg512-map/AR0505SR                512x512  rand    1000      46    8083   251.88    59.03    50.73    24.41  2079.55    35.2    85.2
bg512-map/AR0505SR                512x512  scen    1610     116   19873   327.73    85.27    84.30    43.11  5176.61    60.7   120.1
bg512-map/AR0506SR                512x512  rand    1000      12    4648   177.00    36.37    27.20    11.54  1093.28    30.1    94.7
bg512-map/AR0506SR                512x512  scen    1040      14    6187   176.68    37.89    28.28    12.47  1500.84    39.6   120.3
bg512-map/AR0509SR                512x512  rand    1000      18    5690   176.92    38.16    30.09    14.35  1385.39    36.3    96.5
bg512-map/AR0509SR                512x512  scen    1380      32   11590   198.43    46.52    39.13    19.39  2884.27    62.0   148.7
bg512-map/AR0510SR                512x512  rand    1000      46    6485   223.13    57.65    45.60    23.28  1672.20    29.0    71.8
bg512-map/AR0510SR                512x512  scen    1440      69   10419   250.16    67.06    58.42    27.26  2732.46    40.7   100.2
bg512-map/AR0511SR                512x512  rand    1000      24    6476   186.43    49.38    37.94    18.46  1575.16    31.9    85.3
bg512-map/AR0511SR                512x512  scen    1370      34    9753   200.11    41.83    39.10    19.73  2401.08    57.4   121.7
bg512-map/AR0513SR                512x512  rand    1000      13    5552   241.58    40.46    36.29    14.65  1334.58    33.0    91.1
bg512-map/AR0513SR                512x512  scen    1430      21   12097   253.65    42.26    40.13    17.41  3047.46    72.1   175.1
bg512-map/AR0516SR                512x512  rand    1000      37    5291   120.53    39.21    31.28    17.47  1297.95    33.1    74.3
bg512-map/AR0516SR                512x512  scen    1470      54    8119   135.64    44.43    38.77    21.60  2023.88    45.6    93.7
bg512-map/AR0517SR                512x512  rand    1000       3    2065   260.09    25.56    26.01     6.25   485.45    19.0    77.6
bg512-map/AR0517SR                512x512  scen     990       4    3644   246.02    22.93    26.57     5.91   848.02    37.0   143.6
bg512-map/AR0526SR                512x512  rand    1000      14    5724   134.51    34.16    24.58    12.07  1365.99    40.0   113.2
bg512-map/AR0526SR                512x512  scen    1270      19    8117   137.56    35.44    29.41    14.70  1927.63    54.4   131.1
bg512-map/AR0600SR                512x512  rand    1000      34    3194    71.04    29.33    20.55    11.74   725.99    24.7    61.9
bg512-map/AR0600SR                512x512  scen    1470      44    4551    73.83    31.27    24.62    14.01  1032.20    33.0    73.7
bg512-map/AR0601SR                512x512  rand    1000      28    4479   108.60    35.06    29.15    16.78  1067.60    30.5    63.6
bg512-map/AR0601SR                512x512  scen    1680      42    6968   115.27    35.73    33.43    21.12  1580.88    44.3    74.9
bg512-map/AR0602SR                512x512  rand    1000     285   15115   290.95   116.66   121.16    69.16  3539.54    30.3    51.2
bg512-map/AR0602SR                512x512  scen    2460     375   19847   324.38   151.37   160.68    86.92  4548.85    30.1    52.3
bg512-map/AR0603SR                512x512  rand    1000     124   12863   182.44    67.37    66.36    38.39  2959.59    43.9    77.1
bg512-map/AR0603SR                512x512  scen    2930     205   20394   211.56    87.36    94.25    55.67  4599.30    52.6    82.6
bg512-map/AR0604SR                512x512  rand    1000      30   12912   273.29    55.08    45.87    18.81  3154.73    57.3   167.7
bg512-map/AR0604SR                512x512  scen    2310      54   24985   280.38    57.31    54.44    27.51  5934.51   103.6   215.7
bg512-map/AR0605SR                512x512  rand    1000       9    4856   454.13    50.76    58.58    18.25  1170.98    23.1    64.2
bg512-map/AR0605SR                512x512  scen    1260      11    6353   428.39    40.06    46.99    15.47  1498.82    37.4    96.9
bg512-map/AR0700SR                512x512  rand    1000     236   13195   382.99   133.73   126.24    71.10  3426.36    25.6    48.2
bg512-map/AR0700SR                512x512  scen    1930     423   21893   478.33   175.77   194.00   113.57  5705.58    32.5    50.2
bg512-map/AR0701SR                512x512  rand    1000     108    7417   217.54    78.44    71.36    38.04  1843.59    23.5    48.5
bg512-map/AR0701SR                512x512  scen    1680     178   11719   256.54    89.38    89.46    51.10  2931.53    32.8    57.4
bg512-map/AR0702SR                512x512  rand    1000      26    5190   165.89    38.13    33.53    14.30  1274.75    33.4    89.1
bg512-map/AR0702SR                512x512  scen    1290      35    7960   162.57    42.50    35.43    17.48  1953.21    46.0   111.8
bg512-map/AR0704SR                512x512  rand    1000      30    7227   189.83    41.54    36.67    16.99  1803.82    43.4   106.2
bg512-map/AR0704SR                512x512  scen    1530      61   15853   214.15    52.39    51.65    25.51  4055.74    77.4   159.0
bg512-map/AR0705SR                512x512  rand    1000      98   18008   221.72    66.68    62.23    36.36  4163.69    62.4   114.5
bg512-map/AR0705SR                512x512  scen    2800     148   27059   238.85    87.59    83.66    49.04  6207.38    70.9   126.6
bg512-map/AR0709SR                512x512  rand    1000      15    4966   236.53    41.85    38.53    15.97  1233.21    29.5    77.2
bg512-map/AR0709SR                512x512  scen    1260      20    7554   254.99    45.15    38.65    17.64  1849.19    41.0   104.8
bg512-map/AR0711SR                512x512  rand    1000      40    5869   106.33    33.74    29.72    14.54  1344.76    39.9    92.5
bg512-map/AR0711SR                512x512  scen    1900      60    9356   112.52    38.73    35.08    19.71  2134.83    55.1   108.3
------------------------------------------------------------------------------------------------------------------------------------
map                                  size   tag   pairs  JPSexp   A*exp      cC#       cC      wC#       wC     A*us   A*/cC   A*/wC
------------------------------------------------------------------------------------------------------------------------------------
bgmaps-map/AR0011SR               216x224  rand    1000      53    3231   115.43    37.71    26.09    13.19   753.59    20.0    57.1
bgmaps-map/AR0011SR               216x224  scen     930     101    5909   140.80    51.43    40.77    21.47  1398.25    27.2    65.1
bgmaps-map/AR0012SR               148x139  rand    1000      37     665    43.88    21.92    15.30     7.98   159.05     7.3    19.9
bgmaps-map/AR0012SR               148x139  scen     380      54    1019    53.53    28.31    20.41    11.20   244.22     8.6    21.8
bgmaps-map/AR0013SR               148x144  rand    1000      39     474    38.81    21.30    15.09     8.20   115.86     5.4    14.1
bgmaps-map/AR0013SR               148x144  scen     360      61     756    48.72    28.38    21.74    11.93   183.83     6.5    15.4
bgmaps-map/AR0014SR               148x144  rand    1000      28     475    35.83    19.02    11.97     6.57   114.99     6.0    17.5
bgmaps-map/AR0014SR               148x144  scen     350      40     685    42.02    22.60    16.26     9.01   165.02     7.3    18.3
bgmaps-map/AR0015SR                 88x86  rand    1000      12     169    21.10    10.84     5.73     3.10    42.13     3.9    13.6
bgmaps-map/AR0015SR                 88x86  scen     200      15     224    23.55    13.75     8.07     4.11    54.86     4.0    13.4
bgmaps-map/AR0016SR                 88x86  rand    1000      14     184    22.24    12.00     7.43     3.41    45.89     3.8    13.4
bgmaps-map/AR0016SR                 88x86  scen     220      18     280    24.27    14.92     8.59     4.65    67.95     4.6    14.6
bgmaps-map/AR0017SR                 88x86  rand    1000      15     250    26.25    13.24     6.77     3.63    60.46     4.6    16.7
bgmaps-map/AR0017SR                 88x86  scen     220      20     368    28.59    15.67     9.16     4.99    87.89     5.6    17.6
bgmaps-map/AR0018SR                100x96  rand    1000      17     240    23.71    12.46     7.11     3.86    58.44     4.7    15.1
bgmaps-map/AR0018SR                100x96  scen     250      28     449    32.59    17.53    11.12     6.11   103.89     5.9    17.0
bgmaps-map/AR0020SR                 80x80  rand    1000       8     113    19.40     9.62     4.40     2.18    29.65     3.1    13.6
bgmaps-map/AR0020SR                 80x80  scen     190      10     172    23.00    11.41     6.59     3.11    41.60     3.6    13.4
bgmaps-map/AR0021SR                 60x64  rand    1000      12     126    16.69     9.86     4.84     2.60    31.30     3.2    12.0
bgmaps-map/AR0021SR                 60x64  scen     170      19     209    20.36    12.80     7.19     3.96    50.08     3.9    12.6
bgmaps-map/AR0022SR                 64x64  rand    1000       9     113    17.01     9.66     4.40     2.22    28.52     3.0    12.8
bgmaps-map/AR0022SR                 64x64  scen     150      11     157    18.30    11.08     6.03     3.06    38.31     3.5    12.5
bgmaps-map/AR0041SR                 80x80  rand    1000       5     149    25.94     9.50     3.87     1.65    36.76     3.9    22.3
bgmaps-map/AR0041SR                 80x80  scen     230       6     229    30.12    11.50     5.51     2.21    56.98     5.0    25.8
bgmaps-map/AR0042SR                 80x80  rand    1000       5     157    36.91    10.51     5.13     1.73    38.57     3.7    22.2
bgmaps-map/AR0042SR                 80x80  scen     240       5     252    41.84    12.53     6.89     2.24    60.04     4.8    26.9
bgmaps-map/AR0043SR                 80x80  rand    1000       5     129    27.45     9.04     3.88     1.58    31.95     3.5    20.2
bgmaps-map/AR0043SR                 80x80  scen     210       6     215    29.09    10.40     6.70     2.24    50.38     4.8    22.5
bgmaps-map/AR0044SR                 80x80  rand    1000       6     197    42.27    11.48     5.68     2.19    48.25     4.2    22.0
bgmaps-map/AR0044SR                 80x80  scen     250       8     255    46.91    13.24     9.04     2.92    61.76     4.7    21.1
bgmaps-map/AR0045SR                 80x80  rand    1000       6     151    25.06     9.53     4.11     1.91    36.91     3.9    19.3
bgmaps-map/AR0045SR                 80x80  scen     210       7     235    27.47    11.45     5.80     2.68    59.34     5.2    22.2
bgmaps-map/AR0046SR                 80x80  rand    1000       8     169    26.27    10.49     4.99     2.37    41.27     3.9    17.4
bgmaps-map/AR0046SR                 80x80  scen     240       9     235    31.26    12.59     7.08     3.13    59.28     4.7    18.9
bgmaps-map/AR0069SR               100x112  rand    1000      15     237    26.59    12.66     7.01     3.71    58.36     4.6    15.7
bgmaps-map/AR0069SR               100x112  scen     220      22     391    29.33    16.25    10.46     5.41    94.87     5.8    17.5
bgmaps-map/AR0070SR               124x134  rand    1000      46    1425    55.15    27.02    18.28     9.34   304.97    11.3    32.7
bgmaps-map/AR0070SR               124x134  scen     680      57    1795    61.09    30.11    20.88    11.10   383.25    12.7    34.5
bgmaps-map/AR0071SR               140x150  rand    1000      43    1177    48.39    25.94    17.05     8.94   265.65    10.2    29.7
bgmaps-map/AR0071SR               140x150  scen     510      48    1331    50.13    28.03    18.36    10.04   296.53    10.6    29.5
bgmaps-map/AR0072SR               160x160  rand    1000      31    1195    45.67    18.57    12.30     6.29   254.70    13.7    40.5
bgmaps-map/AR0072SR               160x160  scen     630      42    1775    52.67    22.30    15.69     8.06   376.64    16.9    46.7
bgmaps-map/AR0082SR                 52x54  rand    1000       5      21     7.48     5.71     2.37     1.16     6.00     1.1     5.2
bgmaps-map/AR0082SR                 52x54  scen      60       6      26     8.29     6.17     2.99     1.64     6.92     1.1     4.2
bgmaps-map/AR0201SR               140x166  rand    1000      14     283    19.87    10.89     6.63     3.59    67.07     6.2    18.7
bgmaps-map/AR0201SR               140x166  scen     380      20     411    22.03    13.01     8.66     4.72    96.46     7.4    20.4
bgmaps-map/AR0202SR               244x208  rand    1000     152    3443   100.22    56.46    49.42    29.42   743.61    13.2    25.3
bgmaps-map/AR0202SR               244x208  scen    1450     216    4746   119.64    67.93    67.55    38.66   994.44    14.6    25.7
bgmaps-map/AR0203SR                 76x75  rand    1000       8     133    24.53     9.78     4.71     2.13    32.90     3.4    15.4
bgmaps-map/AR0203SR                 76x75  scen     190      11     208    27.03    12.05     7.33     3.29    50.32     4.2    15.3
------------------------------------------------------------------------------------------------------------------------------------
map                                  size   tag   pairs  JPSexp   A*exp      cC#       cC      wC#       wC     A*us   A*/cC   A*/wC
------------------------------------------------------------------------------------------------------------------------------------
bgmaps-map/AR0204SR               260x294  rand    1000     100    3581    98.39    43.99    36.02    19.91   798.21    18.1    40.1
bgmaps-map/AR0204SR               260x294  scen    1160     136    4799   111.19    50.60    46.03    25.97  1039.86    20.5    40.0
bgmaps-map/AR0205SR               212x214  rand    1000      96    1702    83.26    40.67    32.60    18.44   408.88    10.1    22.2
bgmaps-map/AR0205SR               212x214  scen     740     171    2857   105.52    56.78    51.20    29.76   680.69    12.0    22.9
bgmaps-map/AR0206SR               104x128  rand    1000      12     244    26.98    12.24     6.53     3.33    59.14     4.8    17.7
bgmaps-map/AR0206SR               104x128  scen     260      19     410    30.09    14.86     9.18     4.87    97.50     6.6    20.0
bgmaps-map/AR0300SR               320x320  rand    1000     157    4431   139.50    60.05    55.86    32.32  1043.52    17.4    32.3
bgmaps-map/AR0300SR               320x320  scen    1200     259    6973   175.40    79.17    83.34    48.30  1634.77    20.6    33.8
bgmaps-map/AR0301SR                 92x86  rand    1000      15     228    20.86    11.88     6.67     3.44    52.66     4.4    15.3
bgmaps-map/AR0301SR                 92x86  scen     220      20     312    23.25    14.23     8.58     4.64    71.21     5.0    15.4
bgmaps-map/AR0302SR                 80x86  rand    1000      15     184    18.97    11.20     5.89     3.23    44.08     3.9    13.7
bgmaps-map/AR0302SR                 80x86  scen     190      17     228    20.35    12.67     7.31     4.04    53.63     4.2    13.3
bgmaps-map/AR0303SR                 80x86  rand    1000      12     165    18.39    10.37     5.61     2.84    40.47     3.9    14.3
bgmaps-map/AR0303SR                 80x86  scen     180      14     209    20.82    12.38     6.98     3.61    50.97     4.1    14.1
bgmaps-map/AR0304SR                 80x86  rand    1000      16     206    20.80    12.85     6.69     3.58    50.00     3.9    14.0
bgmaps-map/AR0304SR                 80x86  scen     200      17     236    20.64    13.34     7.89     4.23    56.47     4.2    13.3
bgmaps-map/AR0305SR                104x91  rand    1000      23     293    25.65    14.07     8.19     4.47    67.63     4.8    15.1
bgmaps-map/AR0305SR                104x91  scen     250      29     379    28.76    16.06    10.38     5.69    88.13     5.5    15.5
bgmaps-map/AR0306SR                 84x91  rand    1000      16     230    21.62    12.28     6.61     3.65    55.27     4.5    15.2
bgmaps-map/AR0306SR                 84x91  scen     220      24     353    25.28    15.28     9.13     5.17    81.31     5.3    15.7
bgmaps-map/AR0307SR               320x267  rand    1000     291    4615   149.14    87.31    90.54    51.53  1013.89    11.6    19.7
bgmaps-map/AR0307SR               320x267  scen    1650     356    5629   164.49    94.54   106.17    62.24  1189.49    12.6    19.1
bgmaps-map/AR0308SR               112x118  rand    1000      30     417    36.88    16.97    11.01     6.03    95.08     5.6    15.8
bgmaps-map/AR0308SR               112x118  scen     340      64     917    56.45    27.73    20.32    11.50   203.36     7.3    17.7
bgmaps-map/AR0309SR               120x118  rand    1000      40     477    34.88    20.41    13.85     7.44   109.50     5.4    14.7
bgmaps-map/AR0309SR               120x118  scen     350      64     753    43.33    25.95    19.31    11.04   169.35     6.5    15.3
bgmaps-map/AR0310SR                 80x80  rand    1000       6      92    17.82     7.99     3.48     1.61    22.21     2.8    13.8
bgmaps-map/AR0310SR                 80x80  scen     160       7     146    19.98     8.91     5.27     2.27    34.23     3.8    15.1
bgmaps-map/AR0311SR                 52x54  rand    1000       6      35     9.94     6.70     2.95     1.43     9.92     1.5     6.9
bgmaps-map/AR0311SR                 52x54  scen      90       7      47    11.10     7.47     3.90     2.01    11.98     1.6     6.0
bgmaps-map/AR0312SR                 52x54  rand    1000       6      47    10.56     7.07     3.55     1.41    12.44     1.8     8.8
bgmaps-map/AR0312SR                 52x54  scen     100       7      57    11.44     7.68     3.88     1.95    14.28     1.9     7.3
bgmaps-map/AR0313SR                 60x64  rand    1000      12     126    16.09    10.44     4.71     2.52    30.56     2.9    12.1
bgmaps-map/AR0313SR                 60x64  scen     160      16     188    18.55    11.82     6.41     3.51    44.37     3.8    12.7
bgmaps-map/AR0314SR                 64x70  rand    1000       9      79    13.68     8.14     3.92     2.09    19.29     2.4     9.2
bgmaps-map/AR0314SR                 64x70  scen     140      11     121    15.76     9.67     5.51     2.96    28.99     3.0     9.8
bgmaps-map/AR0315SR                 52x54  rand    1000       5      49    10.40     6.78     3.33     1.29    12.81     1.9    10.0
bgmaps-map/AR0315SR                 52x54  scen     100       6      70    11.12     7.14     3.53     1.71    16.35     2.3     9.6
bgmaps-map/AR0316SR                 64x70  rand    1000      10      76    14.04     8.32     4.14     2.24    18.62     2.2     8.3
bgmaps-map/AR0316SR                 64x70  scen     130      12      93    14.88     9.29     5.54     3.02    22.66     2.4     7.5
bgmaps-map/AR0317SR                 64x70  rand    1000       9      82    14.41     8.43     4.05     2.13    19.89     2.4     9.3
bgmaps-map/AR0317SR                 64x70  scen     140      11     109    16.16     9.74     5.99     3.00    26.52     2.7     8.8
bgmaps-map/AR0318SR                 60x64  rand    1000      14     209    18.61    10.82     4.96     2.59    45.64     4.2    17.7
bgmaps-map/AR0318SR                 60x64  scen     220      21     323    23.91    13.73     7.25     3.79    67.15     4.9    17.7
bgmaps-map/AR0319SR                 52x54  rand    1000       7      56    13.35     8.13     3.44     1.75    13.96     1.7     8.0
bgmaps-map/AR0319SR                 52x54  scen     120      10      89    14.14     9.26     5.04     2.62    21.92     2.4     8.4
bgmaps-map/AR0325SR                 52x54  rand    1000       5      57    13.32     7.30     2.86     1.30    13.95     1.9    10.7
bgmaps-map/AR0325SR                 52x54  scen     110       6      79    14.60     8.39     3.94     1.82    19.08     2.3    10.5
bgmaps-map/AR0330SR                 56x54  rand    1000       8      70    11.76     7.84     3.53     1.82    17.24     2.2     9.5
bgmaps-map/AR0330SR                 56x54  scen     110       9      84    12.69     8.29     4.69     2.47    20.38     2.5     8.3
------------------------------------------------------------------------------------------------------------------------------------
map                                  size   tag   pairs  JPSexp   A*exp      cC#       cC      wC#       wC     A*us   A*/cC   A*/wC
------------------------------------------------------------------------------------------------------------------------------------
bgmaps-map/AR0331SR                 72x80  rand    1000       9     154    14.76     9.27     4.24     2.10    34.48     3.7    16.4
bgmaps-map/AR0331SR                 72x80  scen     160      10     161    14.75     9.59     4.73     2.45    35.82     3.7    14.6
bgmaps-map/AR0332SR                 56x59  rand    1000       6      63    12.65     7.43     3.18     1.58    15.64     2.1     9.9
bgmaps-map/AR0332SR                 56x59  scen     130       8     102    14.73     8.95     4.67     2.43    24.83     2.8    10.2
bgmaps-map/AR0334SR                 60x64  rand    1000       7      71    13.95     8.08     3.35     1.67    17.13     2.1    10.3
bgmaps-map/AR0334SR                 60x64  scen     130       8      90    15.14     8.85     4.93     2.40    21.89     2.5     9.1
bgmaps-map/AR0335SR                 52x54  rand    1000       6      47    10.62     7.07     2.91     1.41    11.70     1.7     8.3
bgmaps-map/AR0335SR                 52x54  scen      90       6      53    11.02     7.37     3.88     1.91    13.42     1.8     7.0
bgmaps-map/AR0400SR               240x256  rand    1000     118    4838   133.84    54.03    42.65    23.27  1072.42    19.8    46.1
bgmaps-map/AR0400SR               240x256  scen    1350     205    8010   158.84    67.87    64.63    35.82  1711.23    25.2    47.8
bgmaps-map/AR0401SR                 52x59  rand    1000      11     179    19.81    10.69     4.85     2.46    42.25     4.0    17.1
bgmaps-map/AR0401SR                 52x59  scen     150      12     206    18.90    11.73     5.65     2.95    48.20     4.1    16.4
bgmaps-map/AR0402SR                 56x59  rand    1000      11     109    17.41     9.65     4.86     2.44    29.09     3.0    11.9
bgmaps-map/AR0402SR                 56x59  scen     150      13     138    17.13    10.70     5.92     3.11    34.24     3.2    11.0
bgmaps-map/AR0403SR                 56x59  rand    1000      10     104    15.84     9.30     5.45     2.44    26.76     2.9    11.0
bgmaps-map/AR0403SR                 56x59  scen     140      11     124    17.09    10.35     5.93     2.93    31.45     3.0    10.7
bgmaps-map/AR0404SR               204x251  rand    1000      59    2208    74.23    36.79    28.31    15.32   492.12    13.4    32.1
bgmaps-map/AR0404SR               204x251  scen     830      72    2763    78.73    37.87    32.82    17.51   602.86    15.9    34.4
bgmaps-map/AR0405SR               176x176  rand    1000      64    2141    71.95    32.98    24.89    12.97   486.04    14.7    37.5
bgmaps-map/AR0405SR               176x176  scen     680      82    2867    80.43    38.16    31.58    16.48   638.34    16.7    38.7
bgmaps-map/AR0406SR               244x192  rand    1000     119    2131    83.75    46.89    38.88    22.01   484.53    10.3    22.0
bgmaps-map/AR0406SR               244x192  scen     890     178    3152   103.39    59.45    54.64    31.26   706.72    11.9    22.6
bgmaps-map/AR0407SR                 52x54  rand    1000       6      37    10.35     7.08     3.15     1.57    10.61     1.5     6.8
bgmaps-map/AR0407SR                 52x54  scen      80       6      40    10.47     7.34     4.02     2.03    11.02     1.5     5.4
bgmaps-map/AR0408SR                 50x50  rand    1000       6      31    10.14     6.57     2.57     1.21     8.43     1.3     7.0
bgmaps-map/AR0408SR                 50x50  scen      80       7      45    10.48     7.24     3.72     1.85    11.77     1.6     6.4
bgmaps-map/AR0409SR                 52x54  rand    1000       6      37    10.79     7.14     3.10     1.56     9.94     1.4     6.4
bgmaps-map/AR0409SR                 52x54  scen      80       6      41    10.51     7.32     4.20     2.08    11.12     1.5     5.3
bgmaps-map/AR0410SR                 92x96  rand    1000       8     135    20.23     9.21     4.42     2.17    33.43     3.6    15.4
bgmaps-map/AR0410SR                 92x96  scen     190       9     176    21.93    10.49     5.65     2.83    41.91     4.0    14.8
bgmaps-map/AR0411SR               232x272  rand    1000     120    3623   101.54    49.62    42.24    25.43   828.46    16.7    32.6
bgmaps-map/AR0411SR               232x272  scen    1150     136    4075   100.79    51.56    47.52    27.69   910.71    17.7    32.9
bgmaps-map/AR0412SR               160x160  rand    1000      24     632    46.06    17.23    11.55     5.70   146.08     8.5    25.6
bgmaps-map/AR0412SR               160x160  scen     460      42    1108    55.51    22.93    18.27     8.72   242.01    10.6    27.7
bgmaps-map/AR0413SR               108x118  rand    1000      23     208    17.67    11.08     7.12     4.09    48.53     4.4    11.9
bgmaps-map/AR0413SR               108x118  scen     300      27     263    19.41    12.59     8.29     4.73    60.21     4.8    12.7
bgmaps-map/AR0414SR               280x320  rand    1000      48    1951    95.75    28.88    22.81    11.42   469.76    16.3    41.1
bgmaps-map/AR0414SR               280x320  scen     730      99    3689   123.71    41.59    38.80    20.68   896.77    21.6    43.4
bgmaps-map/AR0415SR                 52x54  rand    1000       6      35    10.14     6.67     3.45     1.43     9.21     1.4     6.4
bgmaps-map/AR0415SR                 52x54  scen      90       7      48    11.01     7.45     4.00     2.14    12.08     1.6     5.7
bgmaps-map/AR0416SR                 52x54  rand    1000       6      50    10.83     6.91     3.37     1.32    12.92     1.9     9.8
bgmaps-map/AR0416SR                 52x54  scen     100       6      59    11.28     7.32     3.60     1.82    14.54     2.0     8.0
bgmaps-map/AR0417SR                 52x54  rand    1000       8      63    12.06     7.83     3.63     1.89    16.67     2.1     8.8
bgmaps-map/AR0417SR                 52x54  scen     100       8      64    12.16     7.94     4.59     2.34    16.15     2.0     6.9
bgmaps-map/AR0418SR                 84x75  rand    1000       3      64    18.34     7.81     2.71     1.04    15.49     2.0    14.9
bgmaps-map/AR0418SR                 84x75  scen     120       3      88    17.69     7.42     3.99     1.35    20.78     2.8    15.4
bgmaps-map/AR0420SR                 60x64  rand    1000       4      44    11.27     6.56     3.16     1.16    11.66     1.8    10.1
bgmaps-map/AR0420SR                 60x64  scen      90       5      51    12.03     6.93     3.59     1.60    12.72     1.8     7.9
bgmaps-map/AR0500SR               320x320  rand    1000      97    4179   116.09    48.49    39.98    21.46   976.88    20.1    45.5
bgmaps-map/AR0500SR               320x320  scen    1320     171    7188   145.93    63.92    59.84    33.22  1646.66    25.8    49.6
------------------------------------------------------------------------------------------------------------------------------------
map                                  size   tag   pairs  JPSexp   A*exp      cC#       cC      wC#       wC     A*us   A*/cC   A*/wC
------------------------------------------------------------------------------------------------------------------------------------
bgmaps-map/AR0501SR                 56x54  rand    1000       8      70    12.36     8.04     3.67     1.88    17.78     2.2     9.5
bgmaps-map/AR0501SR                 56x54  scen     100       7      66    11.66     7.84     4.52     2.32    17.07     2.2     7.4
bgmaps-map/AR0502SR                 56x70  rand    1000       9      92    15.59     9.81     4.34     2.24    23.86     2.4    10.7
bgmaps-map/AR0502SR                 56x70  scen     140      12     121    16.29    10.44     5.65     3.00    30.18     2.9    10.0
bgmaps-map/AR0503SR                 68x75  rand    1000      12      87    13.16     8.84     4.73     2.50    22.32     2.5     8.9
bgmaps-map/AR0503SR                 68x75  scen     150      16     124    15.50    10.87     6.17     3.43    30.36     2.8     8.8
bgmaps-map/AR0504SR               160x160  rand    1000      46     741    52.28    24.06    17.03     9.55   176.00     7.3    18.4
bgmaps-map/AR0504SR               160x160  scen     400      62    1018    58.49    28.98    21.86    12.42   246.92     8.5    19.9
bgmaps-map/AR0505SR               160x160  rand    1000      45     942    59.74    25.19    18.13     9.44   231.10     9.2    24.5
bgmaps-map/AR0505SR               160x160  scen     490      89    1879    84.34    39.34    30.94    16.82   455.23    11.6    27.1
bgmaps-map/AR0506SR                 68x70  rand    1000      11     104    14.99     9.31     4.62     2.43    26.09     2.8    10.8
bgmaps-map/AR0506SR                 68x70  scen     140      14     146    17.03    10.87     6.15     3.42    35.62     3.3    10.4
bgmaps-map/AR0507SR                 52x54  rand    1000       5      57    12.96     7.54     2.85     1.33    15.00     2.0    11.3
bgmaps-map/AR0507SR                 52x54  scen      90       5      53    12.85     7.60     3.65     1.60    13.75     1.8     8.6
bgmaps-map/AR0508SR                 52x54  rand    1000       6      50    11.45     7.80     2.80     1.35    12.72     1.6     9.4
bgmaps-map/AR0508SR                 52x54  scen     100       7      68    12.45     7.84     4.08     2.04    17.14     2.2     8.4
bgmaps-map/AR0509SR                 72x75  rand    1000      18     153    18.25    11.35     7.45     3.66    37.91     3.3    10.4
bgmaps-map/AR0509SR                 72x75  scen     170      23     198    22.40    14.38     8.81     4.98    49.11     3.4     9.9
bgmaps-map/AR0510SR               128x118  rand    1000      39     427    39.15    20.21    13.94     7.93   103.01     5.1    13.0
bgmaps-map/AR0510SR               128x118  scen     360      58     689    47.71    26.15    20.05    11.51   167.75     6.4    14.6
bgmaps-map/AR0511SR               108x112  rand    1000      20     323    28.61    15.21     9.62     4.81    79.44     5.2    16.5
bgmaps-map/AR0511SR               108x112  scen     290      26     446    35.39    18.13    11.67     6.34   109.33     6.0    17.2
bgmaps-map/AR0512SR                 56x54  rand    1000       5      48    12.34     6.93     2.73     1.30    12.78     1.8     9.8
bgmaps-map/AR0512SR                 56x54  scen      90       5      52    12.23     7.14     3.96     1.75    13.49     1.9     7.7
bgmaps-map/AR0513SR                 80x80  rand    1000      11     165    21.00    10.97     5.43     2.85    40.68     3.7    14.3
bgmaps-map/AR0513SR                 80x80  scen     200      15     249    24.28    13.22     7.79     3.99    59.91     4.5    15.0
bgmaps-map/AR0514SR                 64x64  rand    1000      10     119    15.90    10.12     4.56     2.43    29.47     2.9    12.1
bgmaps-map/AR0514SR                 64x64  scen     140      11     127    15.58    10.14     5.67     3.05    31.40     3.1    10.3
bgmaps-map/AR0515SR                 64x64  rand    1000      10     118    17.23    10.23     4.90     2.53    29.61     2.9    11.7
bgmaps-map/AR0515SR                 64x64  scen     140      11     136    16.41    10.51     6.04     3.12    33.73     3.2    10.8
bgmaps-map/AR0516SR               244x187  rand    1000      36     991    43.77    21.15    15.09     8.14   233.21    11.0    28.7
bgmaps-map/AR0516SR               244x187  scen     650      53    1561    51.16    27.24    19.40    11.34   366.13    13.4    32.3
bgmaps-map/AR0517SR                 52x80  rand    1000       3      53    15.17     7.13     2.57     1.03    13.59     1.9    13.2
bgmaps-map/AR0517SR                 52x80  scen      90       3      50    14.78     7.13     3.83     1.46    13.05     1.8     9.0
bgmaps-map/AR0526SR                 72x80  rand    1000       9     154    16.40     9.62     4.81     2.24    35.87     3.7    16.0
bgmaps-map/AR0526SR                 72x80  scen     160      10     157    15.14     9.87     5.01     2.48    36.17     3.7    14.6
bgmaps-map/AR0527SR                 52x54  rand    1000       5      49    10.84     7.08     2.86     1.36    12.65     1.8     9.3
bgmaps-map/AR0527SR                 52x54  scen      90       6      55    10.87     7.54     3.67     1.79    13.94     1.8     7.8
bgmaps-map/AR0528SR                 52x54  rand    1000       6      47    12.25     7.73     3.17     1.51    12.62     1.6     8.4
bgmaps-map/AR0528SR                 52x54  scen     100       7      60    11.89     8.06     4.02     2.04    15.55     1.9     7.6
bgmaps-map/AR0529SR                 60x64  rand    1000      10     101    14.51     9.23     4.40     2.27    25.71     2.8    11.3
bgmaps-map/AR0529SR                 60x64  scen     150      13     152    17.57    11.54     6.11     3.27    38.00     3.3    11.6
bgmaps-map/AR0530SR                 60x64  rand    1000      14     209    20.12    11.19     5.26     2.74    47.26     4.2    17.2
bgmaps-map/AR0530SR                 60x64  scen     200      19     284    22.73    13.56     7.11     3.67    62.26     4.6    17.0
bgmaps-map/AR0531SR                 52x54  rand    1000       5      50    13.53     7.57     2.85     1.26    13.17     1.7    10.5
bgmaps-map/AR0531SR                 52x54  scen     110       6      70    14.13     8.38     3.96     1.82    18.10     2.2    10.0
bgmaps-map/AR0600SR               192x214  rand    1000      32     551    31.56    17.28    11.39     6.55   128.53     7.4    19.6
bgmaps-map/AR0600SR               192x214  scen     590      43     747    33.56    18.63    15.57     8.07   171.52     9.2    21.2
bgmaps-map/AR0601SR               160x160  rand    1000      24     457    29.61    15.47    11.49     6.27   106.53     6.9    17.0
bgmaps-map/AR0601SR               160x160  scen     490      34     646    32.47    18.42    13.81     8.06   145.89     7.9    18.1
------------------------------------------------------------------------------------------------------------------------------------
map                                  size   tag   pairs  JPSexp   A*exp      cC#       cC      wC#       wC     A*us   A*/cC   A*/wC
------------------------------------------------------------------------------------------------------------------------------------
bgmaps-map/AR0602SR               308x299  rand    1000     236    5359   172.55    87.79    81.56    47.70  1227.30    14.0    25.7
bgmaps-map/AR0602SR               308x299  scen    1370     285    6404   177.44    93.80    95.05    55.34  1460.22    15.6    26.4
bgmaps-map/AR0603SR               236x267  rand    1000     100    3202    94.27    46.23    37.85    21.66   714.10    15.4    33.0
bgmaps-map/AR0603SR               236x267  scen    1400     149    4614   108.66    55.61    51.84    29.84  1003.52    18.0    33.6
bgmaps-map/AR0604SR                92x102  rand    1000      25     486    31.39    15.90     9.76     5.12   109.39     6.9    21.4
bgmaps-map/AR0604SR                92x102  scen     410      41     856    42.30    21.49    13.59     7.55   184.22     8.6    24.4
bgmaps-map/AR0605SR                 80x86  rand    1000       8     157    27.39    10.24     5.03     2.30    37.41     3.7    16.2
bgmaps-map/AR0605SR                 80x86  scen     190       9     197    29.52    11.70     7.56     3.03    46.23     3.9    15.2
bgmaps-map/AR0606SR                 56x59  rand    1000       3      60    18.65     7.92     2.85     1.12    14.70     1.9    13.1
bgmaps-map/AR0606SR                 56x59  scen     110       4      70    18.92     8.12     4.85     1.57    17.03     2.1    10.8
bgmaps-map/AR0607SR                 60x54  rand    1000      11      85    15.63     8.93     4.82     2.60    20.73     2.3     8.0
bgmaps-map/AR0607SR                 60x54  scen     130      13      97    15.65     9.97     6.69     3.57    24.07     2.4     6.7
bgmaps-map/AR0700SR               320x320  rand    1000     193    4925   197.61    83.20    70.99    38.21  1176.54    14.1    30.8
bgmaps-map/AR0700SR               320x320  scen    1300     427    9832   287.23   132.14   143.00    76.92  2382.34    18.0    31.0
bgmaps-map/AR0701SR               204x235  rand    1000      80    1382    82.77    38.71    29.99    16.86   332.73     8.6    19.7
bgmaps-map/AR0701SR               204x235  scen     700     125    2128   103.09    51.36    41.68    25.68   522.67    10.2    20.4
bgmaps-map/AR0702SR                 80x86  rand    1000      24     173    21.70    13.20     8.32     4.68    43.71     3.3     9.3
bgmaps-map/AR0702SR                 80x86  scen     190      27     195    22.71    14.83     9.85     5.54    48.48     3.3     8.8
bgmaps-map/AR0703SR                 50x50  rand    1000       6      31     9.34     6.50     2.49     1.18     8.31     1.3     7.0
bgmaps-map/AR0703SR                 50x50  scen      80       8      48    10.63     7.31     3.72     1.90    12.27     1.7     6.5
bgmaps-map/AR0704SR                 80x80  rand    1000      26     217    23.34    14.97     8.60     4.83    52.87     3.5    10.9
bgmaps-map/AR0704SR                 80x80  scen     240      48     416    33.47    21.41    14.49     8.34    99.23     4.6    11.9
bgmaps-map/AR0705SR                100x86  rand    1000      73     580    40.45    25.96    19.34    11.40   127.38     4.9    11.2
bgmaps-map/AR0705SR                100x86  scen     460      98     786    49.00    31.39    24.78    14.73   169.26     5.4    11.5
bgmaps-map/AR0706SR                 60x64  rand    1000       7      71    14.36     8.09     3.46     1.74    18.44     2.3    10.6
bgmaps-map/AR0706SR                 60x64  scen     140       9     102    16.77     9.16     5.04     2.49    25.12     2.7    10.1
bgmaps-map/AR0707SR                 56x59  rand    1000       7      63    15.13     8.09     3.42     1.69    16.00     2.0     9.4
bgmaps-map/AR0707SR                 56x59  scen     120       8      80    15.08     8.85     4.90     2.36    20.26     2.3     8.6
bgmaps-map/AR0708SR                 52x54  rand    1000       5      50    12.76     7.38     2.76     1.26    12.96     1.8    10.3
bgmaps-map/AR0708SR                 52x54  scen     100       5      56    13.66     7.85     3.99     1.78    14.57     1.9     8.2
bgmaps-map/AR0709SR                 80x80  rand    1000      14     167    21.04    11.37     6.87     3.27    41.25     3.6    12.6
bgmaps-map/AR0709SR                 80x80  scen     190      17     203    24.61    13.21     7.93     4.20    49.35     3.7    11.8
bgmaps-map/AR0710SR                 52x54  rand    1000       5      46    11.22     7.84     2.81     1.34    12.04     1.5     9.0
bgmaps-map/AR0710SR                 52x54  scen     100       6      61    11.37     7.57     3.81     1.89    15.57     2.1     8.3
bgmaps-map/AR0711SR               200x118  rand    1000      34     578    30.57    17.67    12.62     6.87   137.35     7.8    20.0
bgmaps-map/AR0711SR               200x118  scen     580      46     813    35.60    19.59    14.84     8.68   184.61     9.4    21.3
bgmaps-map/AR0712SR                 64x64  rand    1000       9     113    15.63     9.23     4.33     2.12    26.92     2.9    12.7
bgmaps-map/AR0712SR                 64x64  scen     150      11     149    17.13    10.32     5.60     2.85    35.12     3.4    12.3
bgmaps-map/AR0713SR                 60x64  rand    1000      10     101    14.73     8.67     4.08     2.14    24.55     2.8    11.5
bgmaps-map/AR0713SR                 60x64  scen     140      12     137    16.45    10.25     5.80     3.11    32.59     3.2    10.5
da2-map/ca_cave                   183x277  rand    1000      26     831    40.92    16.47    11.11     5.83   191.53    11.6    32.8
da2-map/ca_cave                   183x277  scen     580      40    1370    47.64    21.19    16.06     8.44   316.81    15.0    37.5
da2-map/ca_cavern1_haunted        324x597  rand    1000     198    5757   117.24    63.83    63.40    37.79  1299.21    20.4    34.4
da2-map/ca_cavern1_haunted        324x597  scen    2180     266    7803   136.30    75.74    80.52    49.33  1762.69    23.3    35.7
da2-map/ca_caverns1               324x596  rand    1000     200    5849   119.39    66.13    65.55    39.71  1338.90    20.2    33.7
da2-map/ca_caverns1               324x596  scen    2200     269    7906   147.06    77.92    84.71    51.28  1807.77    23.2    35.3
da2-map/ca_caverns1_mines         324x597  rand    1000     201    5856   114.13    63.17    61.49    36.94  1281.96    20.3    34.7
da2-map/ca_caverns1_mines         324x597  scen    2190     266    7827   132.89    75.53    79.43    47.48  1703.04    22.5    35.9
da2-map/ca_caverns2               389x467  rand    1000     149    3317    83.64    46.68    45.40    26.63   755.63    16.2    28.4
da2-map/ca_caverns2               389x467  scen    1450     207    4725   102.39    56.97    59.86    34.93  1088.03    19.1    31.2
------------------------------------------------------------------------------------------------------------------------------------
map                                  size   tag   pairs  JPSexp   A*exp      cC#       cC      wC#       wC     A*us   A*/cC   A*/wC
------------------------------------------------------------------------------------------------------------------------------------
da2-map/ca_caverns2prc            389x467  rand    1000     108    3218    73.20    38.19    34.84    20.31   732.19    19.2    36.0
da2-map/ca_caverns2prc            389x467  scen    1470     156    4604    88.27    46.74    47.27    27.68  1045.35    22.4    37.8
da2-map/dr_0_deeproads            560x733  rand    1000     260   16997   187.47    97.28    96.92    59.56  3850.66    39.6    64.7
da2-map/dr_0_deeproads            560x733  scen    3590     351   23137   223.86   108.79   128.85    77.66  5166.93    47.5    66.5
da2-map/dr_dungeon                314x261  rand    1000      51    2321    72.45    30.22    22.07    11.97   540.78    17.9    45.2
da2-map/dr_dungeon                314x261  scen     960      75    3494    80.67    35.23    29.37    15.81   817.65    23.2    51.7
da2-map/dr_primevalentrance       315x221  rand    1000      39    1496    50.58    23.26    16.42     8.71   353.41    15.2    40.6
da2-map/dr_primevalentrance       315x221  scen     860      59    2356    57.92    26.75    22.82    12.28   553.29    20.7    45.0
da2-map/dr_primevaltomb           722x657  rand    1000     132    5842    93.52    49.92    50.71    30.02  1381.62    27.7    46.0
da2-map/dr_primevaltomb           722x657  scen    2290     184    8083   110.24    59.94    65.11    39.23  1864.14    31.1    47.5
da2-map/dr_slavers                315x260  rand    1000      54    2338    73.76    31.24    21.87    12.10   541.33    17.3    44.7
da2-map/dr_slavers                315x260  scen     910      71    3232    78.09    34.62    27.07    15.08   748.70    21.6    49.6
da2-map/ht_0_hightown             514x514  rand    1000     142    5835   146.61    59.41    56.37    31.04  1355.98    22.8    43.7
da2-map/ht_0_hightown             514x514  scen    1400     212    8862   168.45    71.69    77.40    43.55  2053.00    28.6    47.1
da2-map/ht_0_hightown_a2          514x514  rand    1000     143    5928   149.74    60.34    57.37    32.88  1377.12    22.8    41.9
da2-map/ht_0_hightown_a2          514x514  scen    1370     206    8606   165.76    71.16    75.82    42.70  1992.75    28.0    46.7
da2-map/ht_0_hightown_a3          514x514  rand    1000     145    5939   148.57    59.67    57.23    31.14  1380.07    23.1    44.3
da2-map/ht_0_hightown_a3          514x514  scen    1360     206    8524   167.26    70.58    74.62    42.13  1979.31    28.0    47.0
da2-map/ht_0_hightown_n           514x514  rand    1000     142    5958   162.12    63.54    60.84    33.65  1468.12    23.1    43.6
da2-map/ht_0_hightown_n           514x514  scen    1400     207    8828   174.72    74.13    79.29    46.20  2152.25    29.0    46.6
da2-map/ht_bartrand_n             133x270  rand    1000      46    1225    51.18    23.15    16.26     9.18   278.98    12.0    30.4
da2-map/ht_bartrand_n             133x270  scen     570      72    1972    59.15    29.67    23.43    13.15   437.14    14.7    33.2
da2-map/ht_brothel_n              133x270  rand    1000      58    1139    50.43    25.16    18.54    10.61   254.55    10.1    24.0
da2-map/ht_brothel_n              133x270  scen     530      76    1558    57.73    30.71    23.70    13.54   342.12    11.1    25.3
da2-map/ht_chantry                162x141  rand    1000      44    1233    54.12    23.37    16.86     8.87   272.25    11.7    30.7
da2-map/ht_chantry                162x141  scen     460      56    1559    57.56    26.41    19.92    10.81   343.51    13.0    31.8
da2-map/ht_chantry_n              162x141  rand    1000      43    1214    53.01    23.17    15.51     8.57   267.13    11.5    31.2
da2-map/ht_chantry_n              162x141  scen     450      54    1504    56.04    26.07    19.52    10.51   331.36    12.7    31.5
da2-map/ht_keep                   281x357  rand    1000      39    1841    58.17    24.94    17.39     9.40   428.05    17.2    45.5
da2-map/ht_keep                   281x357  scen     770      50    2454    61.05    27.33    21.20    11.79   573.91    21.0    48.7
da2-map/ht_keep_n                 281x357  rand    1000      39    1828    55.68    24.52    17.26     9.35   423.78    17.3    45.3
da2-map/ht_keep_n                 281x357  scen     800      53    2664    60.21    27.69    21.85    11.97   623.55    22.5    52.1
da2-map/ht_mansion2               358x308  rand    1000     132    3243    91.58    47.62    41.64    24.15   736.42    15.5    30.5
da2-map/ht_mansion2               358x308  scen    1040     179    4390   104.49    54.03    54.17    31.61   998.17    18.5    31.6
da2-map/ht_mansion2b              358x308  rand    1000     136    3582    96.28    50.05    43.54    24.94   810.56    16.2    32.5
da2-map/ht_mansion2b              358x308  scen    1030     164    4430   101.94    53.35    50.46    29.57  1010.34    18.9    34.2
da2-map/ht_mansion_n              133x270  rand    1000      43    1255    53.67    23.74    17.14     9.20   296.93    12.5    32.3
da2-map/ht_mansion_n              133x270  scen     580      65    2002    61.35    29.48    23.29    12.88   466.52    15.8    36.2
da2-map/ht_playershouse_n          185x68  rand    1000      24     585    30.36    15.19     9.23     5.08   133.59     8.8    26.3
da2-map/ht_playershouse_n          185x68  scen     360      28     725    31.94    16.62    10.85     5.84   165.19     9.9    28.3
da2-map/ht_store                    37x37  rand    1000       4      34     9.75     6.36     2.15     0.98     8.68     1.4     8.9
da2-map/ht_store                    37x37  scen      80       4      47    10.95     6.98     3.25     1.47    11.65     1.7     7.9
da2-map/lt_0_lowtown              514x514  rand    1000      66    3628    82.49    31.70    29.22    15.52   857.38    27.0    55.2
da2-map/lt_0_lowtown              514x514  scen    1180      95    5379    87.02    39.60    36.05    20.42  1274.38    32.2    62.4
da2-map/lt_0_lowtown_a2           514x514  rand    1000      66    3615    81.75    38.42    30.75    17.82   899.39    23.4    50.5
da2-map/lt_0_lowtown_a2           514x514  scen    1250     101    5881    94.79    44.35    40.85    23.97  1463.94    33.0    61.1
da2-map/lt_0_lowtown_a2_n         514x514  rand    1000      74    3631    80.69    36.86    30.53    16.97   856.67    23.2    50.5
da2-map/lt_0_lowtown_a2_n         514x514  scen    1230     119    5741    94.12    43.63    41.62    24.55  1367.40    31.3    55.7
da2-map/lt_0_lowtown_a2_n_c       514x514  rand    1000      87    4886    94.94    41.22    35.93    19.78  1151.60    27.9    58.2
da2-map/lt_0_lowtown_a2_n_c       514x514  scen    1280     116    6714   104.57    43.11    43.72    25.12  1597.22    37.1    63.6
------------------------------------------------------------------------------------------------------------------------------------
map                                  size   tag   pairs  JPSexp   A*exp      cC#       cC      wC#       wC     A*us   A*/cC   A*/wC
------------------------------------------------------------------------------------------------------------------------------------
da2-map/lt_0_lowtown_a3_n_c       514x514  rand    1000      85    4587    98.24    44.12    38.52    21.87  1141.83    25.9    52.2
da2-map/lt_0_lowtown_a3_n_c       514x514  scen    1300     117    6791   112.44    51.09    46.21    27.68  1694.43    33.2    61.2
da2-map/lt_0_lowtown_docks        514x386  rand    1000      60    2941    72.30    33.48    26.36    14.29   668.60    20.0    46.8
da2-map/lt_0_lowtown_docks        514x386  scen    1030      75    3713    76.97    35.63    30.40    17.14   847.28    23.8    49.4
da2-map/lt_0_lowtown_docks_a3     514x386  rand    1000      50    2522    68.72    29.04    23.42    12.59   579.62    20.0    46.0
da2-map/lt_0_lowtown_docks_a3     514x386  scen    1040      68    3572    74.23    32.83    28.76    15.78   826.11    25.2    52.3
da2-map/lt_0_lowtown_docks_a3~    514x386  rand    1000      50    2522    66.10    29.91    23.42    12.70   580.89    19.4    45.7
da2-map/lt_0_lowtown_docks_a3~    514x386  scen    1050      70    3653    73.11    33.09    29.20    16.35   848.02    25.6    51.9
da2-map/lt_0_lowtown_docks_n      514x386  rand    1000      60    2941    77.24    36.00    28.75    16.39   703.82    19.5    42.9
da2-map/lt_0_lowtown_docks_n      514x386  scen    1030      75    3710    81.97    38.58    32.71    19.31   896.17    23.2    46.4
da2-map/lt_0_lowtown_n            514x514  rand    1000      65    3690    79.89    35.73    27.47    15.43   874.12    24.5    56.6
da2-map/lt_0_lowtown_n            514x514  scen    1200      93    5488    87.42    41.40    36.66    20.03  1308.94    31.6    65.4
da2-map/lt_backalley_g            130x130  rand    1000      17     779    41.78    15.34     8.78     4.55   180.84    11.8    39.8
da2-map/lt_backalley_g            130x130  scen     420      23    1088    46.89    18.49    11.45     5.79   252.16    13.6    43.5
da2-map/lt_backalley_n            130x130  rand    1000      17     779    41.15    15.12     8.79     4.59   180.90    12.0    39.4
da2-map/lt_backalley_n            130x130  scen     420      23    1103    46.01    18.31    11.43     5.83   258.21    14.1    44.3
da2-map/lt_darktown               251x292  rand    1000      57    2109    62.75    27.68    21.76    11.56   469.54    17.0    40.6
da2-map/lt_darktown               251x292  scen     880      86    3147    71.73    35.77    29.26    16.19   695.80    19.4    43.0
da2-map/lt_foundry_n               109x92  rand    1000      28    1177    46.63    21.83    11.55     6.25   257.02    11.8    41.1
da2-map/lt_foundry_n               109x92  scen     510      33    1470    48.74    23.02    13.43     7.25   319.77    13.9    44.1
da2-map/lt_gallowscourtyard       514x642  rand    1000      60    2324    75.57    31.30    27.40    14.16   549.78    17.6    38.8
da2-map/lt_gallowscourtyard       514x642  scen    1030      98    3980    89.11    37.78    38.09    21.84   923.58    24.4    42.3
da2-map/lt_gallowscourtyard_n     514x642  rand    1000      18     762    38.35    17.12     9.27     5.01   176.82    10.3    35.3
da2-map/lt_gallowscourtyard_n     514x642  scen     730      26    1349    43.90    20.48    12.84     6.88   319.12    15.6    46.4
da2-map/lt_gallowsprison_n        116x242  rand    1000       6     182    26.45     8.11     3.97     1.86    42.48     5.2    22.9
da2-map/lt_gallowsprison_n        116x242  scen     320       8     318    27.97     9.37     5.28     2.54    73.35     7.8    28.9
da2-map/lt_gallowstemplar         251x180  rand    1000      51    1346    57.01    25.42    18.08    10.20   313.45    12.3    30.7
da2-map/lt_gallowstemplar         251x180  scen     610      59    1643    59.07    27.36    20.37    11.59   384.38    14.0    33.2
da2-map/lt_gallowstemplar_f       251x180  rand    1000      49    1276    56.33    24.74    17.86     9.76   299.51    12.1    30.7
da2-map/lt_gallowstemplar_f       251x180  scen     600      61    1619    58.04    26.75    20.80    11.85   379.93    14.2    32.1
da2-map/lt_gallowstemplar_n       251x180  rand    1000      51    1356    57.87    24.63    18.71    10.54   327.06    13.3    31.0
da2-map/lt_gallowstemplar_n       251x180  scen     620      64    1728    63.16    28.15    23.60    12.75   420.66    14.9    33.0
da2-map/lt_gamlenshouse_n         156x102  rand    1000       6      84    13.16     7.32     3.26     1.61    21.09     2.9    13.1
da2-map/lt_gamlenshouse_n         156x102  scen     130       6     100    13.98     8.11     4.17     2.07    24.32     3.0    11.7
da2-map/lt_hangedman              129x135  rand    1000      43     865    39.91    20.22    13.74     7.87   195.52     9.7    24.9
da2-map/lt_hangedman              129x135  scen     520      67    1345    49.64    25.85    20.72    11.17   299.27    11.6    26.8
da2-map/lt_hangedman_n            129x135  rand    1000      43     865    40.04    20.99    13.85     7.85   198.16     9.4    25.2
da2-map/lt_hangedman_n            129x135  scen     500      62    1254    46.44    24.90    18.41    10.60   278.43    11.2    26.3
da2-map/lt_house                    54x53  rand    1000       8      94    14.91     8.61     3.60     1.87    23.68     2.7    12.6
da2-map/lt_house                    54x53  scen      20       2       7     8.08     5.11     4.27     1.80     2.42     0.5     1.3
da2-map/lt_ruinedhouse_n          156x102  rand    1000       6      85    13.50     7.58     3.35     1.62    21.93     2.9    13.5
da2-map/lt_ruinedhouse_n          156x102  scen     130       7      97    13.31     8.01     4.47     2.15    24.33     3.0    11.3
da2-map/lt_shop                   156x102  rand    1000       7      88    12.83     7.48     3.56     1.82    22.05     2.9    12.1
da2-map/lt_shop                   156x102  scen     130       9     117    12.81     7.95     4.56     2.38    28.60     3.6    12.0
da2-map/lt_undercitydungeon       184x177  rand    1000      86    2888    84.70    36.08    29.27    16.31   641.13    17.8    39.3
da2-map/lt_undercitydungeon       184x177  scen     930     111    3729    91.77    42.09    36.04    19.89   816.59    19.4    41.0
da2-map/lt_undercityencounter     128x283  rand    1000      44    2102    67.58    25.97    18.67     9.94   483.75    18.6    48.6
da2-map/lt_undercityencounter     128x283  scen     750      53    2635    71.31    28.50    22.47    11.74   603.59    21.2    51.4
da2-map/lt_undercityserialkil~    184x177  rand    1000     102    2756    84.48    38.12    30.85    17.35   593.77    15.6    34.2
da2-map/lt_undercityserialkil~    184x177  scen     910     139    3760    95.74    45.89    41.21    22.73   797.86    17.4    35.1
------------------------------------------------------------------------------------------------------------------------------------
map                                  size   tag   pairs  JPSexp   A*exp      cC#       cC      wC#       wC     A*us   A*/cC   A*/wC
------------------------------------------------------------------------------------------------------------------------------------
da2-map/lt_warehouse              194x130  rand    1000      28     959    39.70    17.80    11.05     5.97   210.23    11.8    35.2
da2-map/lt_warehouse              194x130  scen     450      36    1342    43.43    19.64    13.71     7.34   286.17    14.6    39.0
da2-map/lt_warehouse_n            194x130  rand    1000      26     891    38.59    16.68    11.26     5.72   194.20    11.6    34.0
da2-map/lt_warehouse_n            194x130  scen     450      36    1298    43.98    20.08    14.04     7.43   274.34    13.7    36.9
da2-map/w_blightlands             514x514  rand    1000     115    4628    79.32    43.36    41.25    24.70   989.72    22.8    40.1
da2-map/w_blightlands             514x514  scen    2150     174    6757   101.53    54.62    58.93    36.30  1433.89    26.3    39.5
da2-map/w_bonepit                 514x450  rand    1000      55    2961    69.64    29.82    23.68    13.49   697.91    23.4    51.7
da2-map/w_bonepit                 514x450  scen    1120      92    5105    83.98    37.76    34.75    19.80  1188.62    31.5    60.0
da2-map/w_bonepitdestroyed_a3     514x450  rand    1000      70    6891   110.58    37.65    34.11    17.54  1553.65    41.3    88.6
da2-map/w_bonepitdestroyed_a3     514x450  scen    1720      99   10010   120.98    42.96    40.86    22.51  2208.30    51.4    98.1
da2-map/w_bonepitmining_a2        514x450  rand    1000      55    2893    66.57    28.54    23.15    12.29   647.52    22.7    52.7
da2-map/w_bonepitmining_a2        514x450  scen    1140      91    4905    77.67    35.52    32.14    18.04  1080.38    30.4    59.9
da2-map/w_encounter1              258x514  rand    1000      17     647    37.40    15.41     9.60     5.07   156.39    10.1    30.9
da2-map/w_encounter1              258x514  scen     520      25     972    39.46    18.72    12.77     7.03   233.11    12.5    33.1
da2-map/w_encounter2              514x514  rand    1000      29    3316    85.30    30.53    23.07    12.12   801.14    26.2    66.1
da2-map/w_encounter2              514x514  scen    1150      43    5499    91.43    33.73    30.16    16.43  1354.24    40.1    82.4
da2-map/w_encounter2_camp         514x514  rand    1000      37    3816    84.62    29.55    23.69    12.55   879.28    29.8    70.1
da2-map/w_encounter2_camp         514x514  scen    1190      51    5894    90.39    33.37    29.27    15.73  1364.18    40.9    86.7
da2-map/w_encounter3              386x642  rand    1000      28    1055    35.80    19.00    12.44     7.10   243.50    12.8    34.3
da2-map/w_encounter3              386x642  scen     850      48    1847    43.60    23.51    18.32    10.57   426.14    18.1    40.3
da2-map/w_sundermount             770x770  rand    1000     103    5548   115.52    55.10    50.47    30.34  1347.47    24.5    44.4
da2-map/w_sundermount             770x770  scen    1730     155    8188   130.31    66.30    67.22    41.24  1966.67    29.7    47.7
da2-map/w_woundedcoast            642x578  rand    1000     191    7427   125.64    69.89    67.91    40.45  1686.42    24.1    41.7
da2-map/w_woundedcoast            642x578  scen    2100     235    9363   153.39    72.91    78.50    47.68  2109.38    28.9    44.2
dao-map/arena                       49x49  rand    1000       6      83    19.81     8.61     3.74     1.66    20.70     2.4    12.5
dao-map/arena                       49x49  scen     130       6      86    20.20     9.41     5.80     2.22    21.30     2.3     9.6
dao-map/arena2                    281x209  rand    1000      48    2929   105.30    33.84    23.66    11.73   675.36    20.0    57.6
dao-map/arena2                    281x209  scen     910      87    5536   130.07    45.36    37.06    18.81  1291.30    28.5    68.7
dao-map/brc000d                   257x261  rand    1000     103    2019   123.26    46.19    40.04    21.98   477.06    10.3    21.7
dao-map/brc000d                   257x261  scen     850     258    4665   188.83    75.70    81.72    46.17  1104.39    14.6    23.9
dao-map/brc100d                   512x492  rand    1000     204    6204   150.81    67.94    68.66    39.63  1427.28    21.0    36.0
dao-map/brc100d                   512x492  scen    1360     317    9271   184.27    89.79    99.68    58.74  2120.75    23.6    36.1
dao-map/brc101d                   384x639  rand    1000     122    5309   129.61    52.52    49.31    27.88  1283.87    24.4    46.0
dao-map/brc101d                   384x639  scen    1570     173    7475   141.49    62.30    63.94    37.38  1822.00    29.2    48.7
dao-map/brc200d                   528x209  rand    1000      92    2740    79.28    40.26    33.25    19.67   675.87    16.8    34.4
dao-map/brc200d                   528x209  scen    1280     174    5224   106.60    56.06    55.73    32.77  1302.30    23.2    39.7
dao-map/brc201d                   391x388  rand    1000     164    5727   123.94    59.64    56.25    33.29  1240.28    20.8    37.3
dao-map/brc201d                   391x388  scen    2090     245    8508   149.20    75.13    78.20    47.43  1796.10    23.9    37.9
dao-map/brc202d                   530x481  rand    1000     423   11855   227.32   115.95   126.74    77.91  2706.58    23.3    34.7
dao-map/brc202d                   530x481  scen    2550     581   16229   268.25   138.66   166.19   100.81  3646.97    26.3    36.2
dao-map/brc203d                   274x391  rand    1000     120    3500   102.97    46.85    41.32    24.22   850.32    18.1    35.1
dao-map/brc203d                   274x391  scen    1290     183    5452   124.06    59.04    57.01    34.04  1323.75    22.4    38.9
dao-map/brc204d                   431x429  rand    1000     123    3729   102.67    48.80    43.97    26.60   900.88    18.5    33.9
dao-map/brc204d                   431x429  scen    1460     182    5577   117.34    57.87    57.54    34.46  1345.84    23.3    39.1
dao-map/brc300d                   359x252  rand    1000      69    1600    48.12    26.38    22.53    13.04   349.80    13.3    26.8
dao-map/brc300d                   359x252  scen    1120      95    2259    55.27    30.70    29.20    17.25   487.69    15.9    28.3
dao-map/brc501d                   225x288  rand    1000     429    9515   446.95   136.11   145.45    78.44  2234.86    16.4    28.5
dao-map/brc501d                   225x288  scen    1410     779   16112   557.10   196.22   243.10   136.95  3614.73    18.4    26.4
dao-map/brc502d                   486x254  rand    1000      15     411    32.73    13.60     8.16     4.25    97.52     7.2    22.9
dao-map/brc502d                   486x254  scen     460      31     944    39.71    18.79    14.28     7.71   220.96    11.8    28.7
------------------------------------------------------------------------------------------------------------------------------------
map                                  size   tag   pairs  JPSexp   A*exp      cC#       cC      wC#       wC     A*us   A*/cC   A*/wC
------------------------------------------------------------------------------------------------------------------------------------
dao-map/brc503d                   320x257  rand    1000     494   11778   467.82   151.86   165.69    88.67  2763.75    18.2    31.2
dao-map/brc503d                   320x257  scen    1570     852   19394   594.41   214.29   272.57   147.19  4425.84    20.7    30.1
dao-map/brc504d                   260x256  rand    1000     623   11689   391.95   169.07   181.40   103.96  2610.03    15.4    25.1
dao-map/brc504d                   260x256  scen    1610     863   15645   453.92   204.69   247.07   139.07  3400.07    16.6    24.4
dao-map/brc505d                   261x193  rand    1000     496    7117   363.71   147.78   153.02    86.56  1669.03    11.3    19.3
dao-map/brc505d                   261x193  scen    1510    1061   15006   564.43   252.16   307.44   175.19  3410.49    13.5    19.5
dao-map/brc997d                   256x256  rand    1000      36    1032    77.63    25.90    18.45     9.46   235.83     9.1    24.9
dao-map/brc997d                   256x256  scen     660      62    1941    89.80    31.58    25.83    13.76   435.04    13.8    31.6
dao-map/brc999d                   518x512  rand    1000      11     460    45.35    14.30     8.39     3.81   104.75     7.3    27.5
dao-map/brc999d                   518x512  scen     450      17     920    49.14    18.01    13.31     5.63   196.71    10.9    35.0
dao-map/combat                    177x193  rand    1000       5    1085   175.94    17.96    15.11     3.46   246.35    13.7    71.2
dao-map/combat                    177x193  scen     680       7    2185   204.16    22.63    19.53     5.41   518.11    22.9    95.7
dao-map/combat2                   177x193  rand    1000       5    1056   178.24    17.78    14.81     3.53   241.11    13.6    68.2
dao-map/combat2                   177x193  scen     680       7    2239   202.95    23.40    19.52     5.49   527.68    22.5    96.1
dao-map/den000d                   503x351  rand    1000     103    6909   194.86    60.14    53.24    26.96  1696.67    28.2    62.9
dao-map/den000d                   503x351  scen    1310     171   11324   222.17    73.42    74.54    39.62  2841.33    38.7    71.7
dao-map/den001d                    211x80  rand    1000      21     889    47.21    16.94    10.02     5.06   200.92    11.9    39.7
dao-map/den001d                    211x80  scen     480      21     955    48.97    17.90    11.11     5.56   216.29    12.1    38.9
dao-map/den005d                   241x328  rand    1000     156    4599   108.31    53.54    47.65    27.16  1072.17    20.0    39.5
dao-map/den005d                   241x328  scen    1500     246    7165   133.31    67.48    68.34    39.97  1646.00    24.4    41.2
dao-map/den009d                     50x34  rand    1000       9     173    19.26    10.61     4.60     1.84    38.51     3.6    20.9
dao-map/den009d                     50x34  scen     170      11     240    22.21    12.45     5.31     2.56    51.21     4.1    20.0
dao-map/den011d                   247x167  rand    1000      80    2138    75.82    36.72    26.47    15.20   481.46    13.1    31.7
dao-map/den011d                   247x167  scen     750     105    2838    84.41    40.39    33.39    19.05   630.64    15.6    33.1
dao-map/den012d                   310x350  rand    1000     120    4342   119.05    47.14    40.60    22.48   980.02    20.8    43.6
dao-map/den012d                   310x350  scen    1180     174    6391   131.35    54.85    53.41    30.39  1393.29    25.4    45.8
dao-map/den020d                    89x118  rand    1000      24     516    29.77    15.16     8.94     5.05   118.96     7.8    23.6
dao-map/den020d                    89x118  scen     380      33     737    33.85    17.95    11.34     6.41   170.65     9.5    26.6
dao-map/den101d                     73x41  rand    1000      14     211    20.02    11.74     5.63     3.09    49.39     4.2    16.0
dao-map/den101d                     73x41  scen     210      18     292    21.81    13.73     7.32     4.09    66.78     4.9    16.3
dao-map/den200d                   320x455  rand    1000      79    2363    76.95    33.23    29.09    16.33   569.39    17.1    34.9
dao-map/den200d                   320x455  scen    1030     126    3952    96.15    43.38    43.10    24.81   961.93    22.2    38.8
dao-map/den200n                   320x455  rand    1000      85    2308    76.71    34.12    29.78    16.76   538.38    15.8    32.1
dao-map/den200n                   320x455  scen     990     137    3806    95.12    44.64    43.58    25.30   894.81    20.0    35.4
dao-map/den201d                     37x37  rand    1000       5      43    10.50     7.01     3.20     1.23    11.39     1.6     9.2
dao-map/den201d                     37x37  scen     100       6      61    12.38     8.16     3.82     1.92    14.86     1.8     7.8
dao-map/den202d                     39x40  rand    1000       5      50    11.69     7.12     2.54     1.20    12.94     1.8    10.7
dao-map/den202d                     39x40  scen     110       7      98    14.77     9.76     3.97     2.01    23.31     2.4    11.6
dao-map/den203d                     93x77  rand    1000      28     504    29.91    15.66     9.33     5.24   109.54     7.0    20.9
dao-map/den203d                     93x77  scen     330      35     663    35.60    18.37    11.43     6.47   143.34     7.8    22.2
dao-map/den204d                     66x66  rand    1000      13     182    24.07    11.21     5.85     3.06    42.92     3.8    14.0
dao-map/den204d                     66x66  scen     200      19     303    30.82    14.96     9.11     4.65    71.28     4.8    15.3
dao-map/den206d                    50x190  rand    1000      32    1033    44.54    19.90    12.03     6.33   235.30    11.8    37.2
dao-map/den206d                    50x190  scen     580      39    1259    48.95    22.17    14.47     7.54   286.96    12.9    38.1
dao-map/den207d                     38x50  rand    1000       7      84    14.65     8.78     3.58     1.86    21.15     2.4    11.4
dao-map/den207d                     38x50  scen     140       9     123    16.48     9.95     4.91     2.60    30.36     3.1    11.7
dao-map/den308d                    100x88  rand    1000      16     358    30.72    13.50     7.66     3.84    86.87     6.4    22.6
dao-map/den308d                    100x88  scen     290      23     549    34.71    16.30    10.04     5.24   133.97     8.2    25.6
dao-map/den312d                     65x81  rand    1000      22     343    26.48    14.15     7.95     4.54    81.23     5.7    17.9
dao-map/den312d                     65x81  scen     290      28     477    30.93    17.07     9.94     5.66   113.35     6.6    20.0
------------------------------------------------------------------------------------------------------------------------------------
map                                  size   tag   pairs  JPSexp   A*exp      cC#       cC      wC#       wC     A*us   A*/cC   A*/wC
------------------------------------------------------------------------------------------------------------------------------------
dao-map/den400d                   259x268  rand    1000      61    1996   123.91    35.07    28.59    14.27   469.62    13.4    32.9
dao-map/den400d                   259x268  scen     810     114    3786   154.73    48.25    45.63    23.87   901.15    18.7    37.8
dao-map/den401d                   259x113  rand    1000      70    1862    74.41    34.20    25.96    13.80   455.59    13.3    33.0
dao-map/den401d                   259x113  scen     730      85    2253    76.19    36.40    28.30    16.20   551.14    15.1    34.0
dao-map/den403d                     74x49  rand    1000      13     246    25.88    13.11     5.86     3.07    60.83     4.6    19.8
dao-map/den403d                     74x49  scen     200      13     291    26.54    13.81     7.30     3.70    72.79     5.3    19.7
dao-map/den404d                     28x34  rand    1000       6      64    11.35     7.33     2.55     1.29    15.40     2.1    11.9
dao-map/den404d                     28x34  scen     100       7      76    11.47     8.05     3.29     1.75    17.43     2.2    10.0
dao-map/den405d                     74x42  rand    1000       8      93    14.30     8.50     3.80     1.88    22.77     2.7    12.1
dao-map/den405d                     74x42  scen     140       9     111    13.70     8.72     4.65     2.43    26.35     3.0    10.8
dao-map/den407d                     33x57  rand    1000       6      69    13.27     8.30     3.20     1.57    17.28     2.1    11.0
dao-map/den407d                     33x57  scen     140       7      96    14.97     8.98     4.40     2.20    22.38     2.5    10.2
dao-map/den408d                     34x50  rand    1000       6      48    11.87     7.81     2.86     1.48    12.77     1.6     8.6
dao-map/den408d                     34x50  scen     120       8      75    13.44     8.50     4.21     2.22    18.83     2.2     8.5
dao-map/den500d                   288x417  rand    1000     125    6129   132.48    54.07    46.13    24.86  1403.24    26.0    56.4
dao-map/den500d                   288x417  scen    1600     177    8564   143.71    61.24    58.33    32.60  1914.86    31.3    58.7
dao-map/den501d                   320x338  rand    1000     161    4725   133.91    57.44    53.83    30.20  1107.95    19.3    36.7
dao-map/den501d                   320x338  scen    1170     200    6014   137.45    62.83    63.54    36.69  1383.10    22.0    37.7
dao-map/den502d                   211x251  rand    1000      13    1533   107.88    20.22    16.11     5.79   360.90    17.8    62.3
dao-map/den502d                   211x251  scen     680      18    2627   119.62    24.51    21.51     8.15   610.36    24.9    74.9
dao-map/den504d                   158x227  rand    1000      51    1748    74.05    26.86    20.24    10.34   405.22    15.1    39.2
dao-map/den504d                   158x227  scen     630      58    2153    78.71    29.90    22.40    11.87   494.75    16.5    41.7
dao-map/den505d                   288x432  rand    1000     116    5904   130.10    54.36    46.00    26.09  1417.09    26.1    54.3
dao-map/den505d                   288x432  scen    1600     175    8666   145.50    63.99    61.48    35.35  2012.39    31.4    56.9
dao-map/den510d                   385x467  rand    1000     314   11149   265.63   102.72   105.93    61.45  2640.10    25.7    43.0
dao-map/den510d                   385x467  scen    1940     650   20853   377.20   165.89   202.09   118.16  5072.27    30.6    42.9
dao-map/den520d                   256x257  rand    1000      75    3418   129.40    40.30    32.78    16.65   816.33    20.3    49.0
dao-map/den520d                   256x257  scen     870     104    4742   139.94    46.26    40.81    21.42  1122.74    24.3    52.4
dao-map/den600d                   354x169  rand    1000     117    3905    91.06    44.39    37.39    21.18   882.03    19.9    41.6
dao-map/den600d                   354x169  scen    1390     177    5895   110.11    56.25    52.76    30.04  1322.46    23.5    44.0
dao-map/den601d                   374x187  rand    1000     150    5032   115.35    56.88    49.97    28.37  1162.58    20.4    41.0
dao-map/den601d                   374x187  scen    1450     235    7725   148.23    75.68    73.52    42.62  1776.94    23.5    41.7
dao-map/den602d                   710x402  rand    1000     370    9491   195.10   109.68   116.89    72.32  2283.89    20.8    31.6
dao-map/den602d                   710x402  scen    2660     593   14782   265.57   154.85   178.80   110.07  3561.52    23.0    32.4
dao-map/den900d                   128x128  rand    1000      13     395    36.27    12.72     7.25     3.75    92.56     7.3    24.7
dao-map/den900d                   128x128  scen     360      15     545    38.51    14.71     9.82     4.82   124.47     8.5    25.8
dao-map/den901d                   129x128  rand    1000      14     565    52.26    15.65     8.51     4.01   131.14     8.4    32.7
dao-map/den901d                   129x128  scen     440      27    1268    68.67    20.28    14.35     6.81   289.45    14.3    42.5
dao-map/den998d                     62x86  rand    1000      17     207    20.67    11.49     6.28     3.43    48.86     4.3    14.2
dao-map/den998d                     62x86  scen     230      21     282    24.42    13.72     8.08     4.47    65.70     4.8    14.7
dao-map/hrt000d                   408x876  rand    1000     289   12507   452.91   133.22   141.39    75.90  3143.63    23.6    41.4
dao-map/hrt000d                   408x876  scen    2260     584   24337   609.99   176.27   222.01   125.43  6212.06    35.2    49.5
dao-map/hrt001d                   104x112  rand    1000      15     343    28.64    12.30     7.65     3.63    82.65     6.7    22.7
dao-map/hrt001d                   104x112  scen     320      23     578    36.26    16.40     9.94     5.35   137.45     8.4    25.7
dao-map/hrt002d                     49x50  rand    1000      13     118    15.88     9.70     4.79     2.58    28.49     2.9    11.1
dao-map/hrt002d                     49x50  scen     170      20     209    20.35    12.88     7.02     4.00    49.30     3.8    12.3
dao-map/hrt201d                   297x272  rand    1000     119    3106   101.18    48.84    40.09    23.19   742.83    15.2    32.0
dao-map/hrt201d                   297x272  scen    1100     212    5404   130.75    68.47    63.68    37.76  1275.14    18.6    33.8
dao-map/hrt201n                   294x305  rand    1000     162    4329   117.19    57.59    50.92    29.81   996.51    17.3    33.4
dao-map/hrt201n                   294x305  scen    1180     213    5687   127.98    66.15    63.19    37.54  1293.79    19.6    34.5
------------------------------------------------------------------------------------------------------------------------------------
map                                  size   tag   pairs  JPSexp   A*exp      cC#       cC      wC#       wC     A*us   A*/cC   A*/wC
------------------------------------------------------------------------------------------------------------------------------------
dao-map/isound1                     55x63  rand    1000       5     290    35.25    12.35     4.76     1.82    67.72     5.5    37.2
dao-map/isound1                     55x63  scen     200       5     352    37.05    13.61     6.57     2.17    80.34     5.9    37.0
dao-map/lak100c                   538x793  rand    1000     240    8805   156.07    76.26    80.08    47.98  2032.48    26.7    42.4
dao-map/lak100c                   538x793  scen    1920     353   12884   191.63    96.29   111.43    68.09  2983.06    31.0    43.8
dao-map/lak100d                   538x792  rand    1000     286    9245   173.98    86.70    91.66    54.57  2089.70    24.1    38.3
dao-map/lak100d                   538x792  scen    2040     469   14572   227.45   112.54   138.18    84.09  3315.25    29.5    39.4
dao-map/lak100n                   538x793  rand    1000     282    8525   171.39    87.27    93.76    56.19  1986.43    22.8    35.4
dao-map/lak100n                   538x793  scen    1910     416   12455   212.65   110.15   132.65    79.72  2955.07    26.8    37.1
dao-map/lak101d                     30x31  rand    1000       3      26     8.97     6.15     1.94     0.85     6.94     1.1     8.2
dao-map/lak101d                     30x31  scen      60       3      29     9.06     6.65     2.97     1.33     7.58     1.1     5.7
dao-map/lak102d                     38x30  rand    1000       7      61    12.54     8.06     3.98     1.63    15.01     1.9     9.2
dao-map/lak102d                     38x30  scen     100       8      74    12.04     8.48     4.07     2.13    18.32     2.2     8.6
dao-map/lak103d                     49x49  rand    1000      15     191    16.95    10.95     5.39     2.89    43.55     4.0    15.1
dao-map/lak103d                     49x49  scen     230      20     279    20.43    13.36     6.99     3.83    61.48     4.6    16.0
dao-map/lak104d                     41x41  rand    1000       7      67    14.01     8.44     3.38     1.67    16.95     2.0    10.2
dao-map/lak104d                     41x41  scen     120       8      90    14.56     9.45     4.72     2.42    22.65     2.4     9.4
dao-map/lak105d                     31x25  rand    1000       8      58    11.77     8.10     3.40     1.75    14.73     1.8     8.4
dao-map/lak105d                     31x25  scen      90       9      71    12.65     9.31     4.45     2.43    17.62     1.9     7.2
dao-map/lak106d                    97x113  rand    1000       7     160    21.55     8.92     4.15     2.08    38.49     4.3    18.5
dao-map/lak106d                    97x113  scen     230      11     295    23.94    13.43     5.89     3.04    69.87     5.2    23.0
dao-map/lak107d                     36x26  rand    1000       4      47    10.89     7.11     2.29     1.10    11.54     1.6    10.5
dao-map/lak107d                     36x26  scen     100       6      79    12.79     8.83     3.49     1.74    18.79     2.1    10.8
dao-map/lak108d                     27x26  rand    1000       4      27     8.58     6.34     2.22     1.05     7.95     1.3     7.6
dao-map/lak108d                     27x26  scen      60       5      28     8.60     6.60     3.02     1.53     7.44     1.1     4.9
dao-map/lak109d                     33x42  rand    1000       7      48     9.67     6.91     2.76     1.36    12.15     1.8     8.9
dao-map/lak109d                     33x42  scen     100       8      57    10.29     7.77     3.49     1.82    14.34     1.8     7.9
dao-map/lak110d                     30x21  rand    1000       4      19     6.91     5.50     1.84     0.86     5.16     0.9     6.0
dao-map/lak110d                     30x21  scen      50       4      19     7.37     5.86     2.41     1.25     5.24     0.9     4.2
dao-map/lak200d                   352x261  rand    1000      20     966    42.66    15.92     9.64     5.10   225.04    14.1    44.1
dao-map/lak200d                   352x261  scen     560      32    1736    49.82    20.94    14.57     7.55   393.09    18.8    52.1
dao-map/lak201d                   252x163  rand    1000      72    2288    69.15    32.56    24.35    13.64   519.97    16.0    38.1
dao-map/lak201d                   252x163  scen     790      85    2692    71.27    34.98    27.94    15.65   607.61    17.4    38.8
dao-map/lak202d                   159x182  rand    1000      44    1403    47.13    23.03    15.63     8.36   312.16    13.6    37.3
dao-map/lak202d                   159x182  scen     670      60    1963    52.20    26.86    18.85    10.79   430.57    16.0    39.9
dao-map/lak203d                   112x146  rand    1000      14     243    19.50    10.99     5.98     3.29    59.03     5.4    17.9
dao-map/lak203d                   112x146  scen     320      24     455    23.61    13.70     9.19     5.14   111.33     8.1    21.7
dao-map/lak250d                   257x257  rand    1000      10     164    22.96    11.46     5.99     3.05    40.76     3.6    13.3
dao-map/lak250d                   257x257  scen     270      21     359    30.26    16.87    11.22     5.96    88.44     5.2    14.9
dao-map/lak300d                   384x528  rand    1000      24     993    52.72    18.88    12.88     6.61   235.87    12.5    35.7
dao-map/lak300d                   384x528  scen     730      40    1789    61.26    23.68    18.34     9.88   423.52    17.9    42.9
dao-map/lak302d                   193x289  rand    1000      88    3421    81.42    37.32    29.34    16.32   758.93    20.3    46.5
dao-map/lak302d                   193x289  scen    1000     115    4528    88.05    40.48    34.78    20.04  1001.35    24.7    50.0
dao-map/lak303d                   194x194  rand    1000     163    3472   123.27    58.60    49.74    27.93   768.76    13.1    27.5
dao-map/lak303d                   194x194  scen    1040     250    5140   148.78    73.35    70.88    40.31  1095.33    14.9    27.2
dao-map/lak304d                   193x194  rand    1000     104    2725    92.32    43.24    33.41    18.53   612.64    14.2    33.1
dao-map/lak304d                   193x194  scen     750     156    3851   109.46    53.65    46.19    25.98   855.73    16.0    32.9
dao-map/lak307d                     84x84  rand    1000       6     179    34.89     9.50     4.82     1.87    41.37     4.4    22.1
dao-map/lak307d                     84x84  scen     200       6     211    37.15    10.62     7.59     2.39    48.70     4.6    20.4
dao-map/lak308d                   298x324  rand    1000     106    2596    71.93    37.46    32.13    18.61   587.09    15.7    31.5
dao-map/lak308d                   298x324  scen    1240     148    3595    84.17    44.30    41.82    25.70   814.34    18.4    31.7
------------------------------------------------------------------------------------------------------------------------------------
map                                  size   tag   pairs  JPSexp   A*exp      cC#       cC      wC#       wC     A*us   A*/cC   A*/wC
------------------------------------------------------------------------------------------------------------------------------------
dao-map/lak400d                 1057x1057  rand    1000     143    5294   132.50    62.31    62.42    35.76  1343.19    21.6    37.6
dao-map/lak400d                 1057x1057  scen    1320     202    7467   154.05    74.44    84.37    48.12  1892.94    25.4    39.3
dao-map/lak401d                   401x593  rand    1000     270    9429   197.80    95.50    91.92    56.22  2267.36    23.7    40.3
dao-map/lak401d                   401x593  scen    2180     392   13411   232.08   114.57   124.61    74.57  3187.26    27.8    42.7
dao-map/lak403d                   403x649  rand    1000      31    1444    86.12    27.89    18.68     9.78   333.55    12.0    34.1
dao-map/lak403d                   403x649  scen    1090      34    2301    79.88    26.23    20.03    10.46   548.77    20.9    52.5
dao-map/lak404d                    528x70  rand    1000      52    2217    76.12    29.90    20.60    11.11   535.59    17.9    48.2
dao-map/lak404d                    528x70  scen    1330      81    3509    96.61    38.08    29.49    15.72   851.29    22.4    54.1
dao-map/lak405d                  833x1006  rand    1000     402   12131   212.46   124.66   138.40    86.88  2853.63    22.9    32.8
dao-map/lak405d                  833x1006  scen    4040     519   15860   251.41   147.41   172.18   102.42  3688.05    25.0    36.0
dao-map/lak503d                   194x194  rand    1000     175    4717   140.70    62.73    52.89    29.40   993.12    15.8    33.8
dao-map/lak503d                   194x194  scen    1220     265    7032   169.08    79.81    75.05    42.32  1437.85    18.0    34.0
dao-map/lak504d                   193x194  rand    1000      98    2617    95.66    44.81    35.16    19.26   615.06    13.7    31.9
dao-map/lak504d                   193x194  scen     720     138    3612   108.00    53.34    45.01    25.42   834.45    15.6    32.8
dao-map/lak505d                   194x195  rand    1000     191    3804   155.92    68.46    60.07    34.58   857.29    12.5    24.8
dao-map/lak505d                   194x195  scen     920     279    5549   179.64    83.66    82.07    47.69  1203.78    14.4    25.2
dao-map/lak506d                   194x205  rand    1000     201    4063   125.45    64.26    57.02    32.69   856.87    13.3    26.2
dao-map/lak506d                   194x205  scen    1110     255    5149   138.49    72.66    70.86    40.23  1082.92    14.9    26.9
dao-map/lak507d                     84x84  rand    1000       4     163    36.57     9.53     4.64     1.62    39.80     4.2    24.6
dao-map/lak507d                     84x84  scen     210       5     231    38.39    11.23     7.76     2.18    55.39     4.9    25.4
dao-map/lak510d                   287x253  rand    1000      15     565    37.94    13.42     9.24     4.33   133.31     9.9    30.8
dao-map/lak510d                   287x253  scen     420      18     734    41.06    15.82    10.45     5.24   172.91    10.9    33.0
dao-map/lak511d                   207x533  rand    1000      66    2385    99.55    38.42    29.18    16.51   586.07    15.3    35.5
dao-map/lak511d                   207x533  scen    1050     111    4381   114.00    49.27    43.01    24.55  1068.15    21.7    43.5
dao-map/lak512d                   297x658  rand    1000     205    6748   152.80    64.99    66.73    39.95  1575.34    24.2    39.4
dao-map/lak512d                   297x658  scen    2100     288    9623   180.63    82.36    90.00    53.89  2268.88    27.5    42.1
dao-map/lak513d                   389x637  rand    1000      59    2444    99.24    37.06    29.77    15.45   589.61    15.9    38.2
dao-map/lak513d                   389x637  scen     880      65    2926    88.69    38.57    33.58    17.28   704.79    18.3    40.8
dao-map/lak514d                   409x339  rand    1000      11     403    47.02    18.48    12.19     5.25    99.33     5.4    18.9
dao-map/lak514d                   409x339  scen     420      17     938    47.41    22.67    18.18     7.17   224.10     9.9    31.2
dao-map/lak515d                   114x112  rand    1000       6      86    19.38     8.00     3.91     1.67    21.59     2.7    13.0
dao-map/lak515d                   114x112  scen     180       8     155    24.73    10.46     6.49     2.76    37.94     3.6    13.8
dao-map/lak519d                   168x145  rand    1000      27     888    73.58    21.07    15.24     7.05   216.32    10.3    30.7
dao-map/lak519d                   168x145  scen     480      39    1487    89.73    27.14    20.57     9.75   364.26    13.4    37.4
dao-map/lak526d                   129x124  rand    1000      10     129    14.96     8.45     4.49     2.48    31.74     3.8    12.8
dao-map/lak526d                   129x124  scen     210      14     202    16.53    10.39     5.96     3.26    46.50     4.5    14.3
dao-map/lgt101d                     44x28  rand    1000      10      57    11.55     8.22     4.02     2.17    14.73     1.8     6.8
dao-map/lgt101d                     44x28  scen     110      14      83    12.76     9.72     5.40     3.11    20.29     2.1     6.5
dao-map/lgt300d                   531x747  rand    1000     183    5745   169.91    69.58    73.53    43.66  1403.06    20.2    32.1
dao-map/lgt300d                   531x747  scen    1730     317    9339   222.74    94.96   115.59    67.57  2311.94    24.3    34.2
dao-map/lgt600d                   643x645  rand    1000      18    1497    62.35    22.64    13.58     7.21   356.33    15.7    49.4
dao-map/lgt600d                   643x645  scen     940      41    4137    74.68    28.72    25.79    13.14  1014.54    35.3    77.2
dao-map/lgt601d                   258x258  rand    1000      30    1566   107.61    26.82    19.98     9.48   377.61    14.1    39.8
dao-map/lgt601d                   258x258  scen     800      40    2475   129.17    35.68    28.44    13.99   606.93    17.0    43.4
dao-map/lgt602d                   266x277  rand    1000     110    4751   152.83    52.29    43.13    23.19  1144.41    21.9    49.3
dao-map/lgt602d                   266x277  scen     980     147    6401   163.77    61.79    53.63    29.27  1529.83    24.8    52.3
dao-map/lgt603d                   261x262  rand    1000     184    7067   155.80    62.37    56.52    31.20  1535.67    24.6    49.2
dao-map/lgt603d                   261x262  scen    1480     248    9575   172.15    72.74    70.84    40.17  2061.07    28.3    51.3
dao-map/lgt604d                   258x252  rand    1000      24    1284    60.42    21.54    13.45     6.72   303.03    14.1    45.1
dao-map/lgt604d                   258x252  scen     770      42    2278    67.20    24.90    20.50    10.13   524.14    21.1    51.7
------------------------------------------------------------------------------------------------------------------------------------
map                                  size   tag   pairs  JPSexp   A*exp      cC#       cC      wC#       wC     A*us   A*/cC   A*/wC
------------------------------------------------------------------------------------------------------------------------------------
dao-map/lgt605d                   107x125  rand    1000       5     169    28.61     9.57     4.31     1.84    41.96     4.4    22.8
dao-map/lgt605d                   107x125  scen     220       6     216    32.87    10.65     6.11     2.43    52.09     4.9    21.4
dao-map/orz000d                    79x137  rand    1000       9     286    35.96    11.26     6.01     2.88    70.79     6.3    24.6
dao-map/orz000d                    79x137  scen     320      12     430    38.80    13.19     7.67     3.79   103.51     7.8    27.3
dao-map/orz100d                   412x395  rand    1000     704   25526   645.96   225.92   266.88   138.09  6155.84    27.2    44.6
dao-map/orz100d                   412x395  scen    2420     999   35185   685.69   259.93   331.26   188.81  8423.37    32.4    44.6
dao-map/orz101d                     48x95  rand    1000      10     168    19.56    10.17     4.83     2.53    40.93     4.0    16.2
dao-map/orz101d                     48x95  scen     210      11     195    21.20    11.30     6.07     3.20    46.85     4.1    14.6
dao-map/orz102d                     46x47  rand    1000       5      57    12.58     8.19     2.88     1.39    14.52     1.8    10.5
dao-map/orz102d                     46x47  scen     110       6      72    13.05     7.73     3.94     1.92    18.15     2.3     9.4
dao-map/orz103d                   463x456  rand    1000     590   15283   265.59   148.55   168.37   105.16  3417.70    23.0    32.5
dao-map/orz103d                   463x456  scen    3790     778   20130   315.25   170.05   211.39   131.44  4467.54    26.3    34.0
dao-map/orz105d                     47x60  rand    1000       5      55    11.84     6.68     2.50     1.20    14.07     2.1    11.7
dao-map/orz105d                     47x60  scen     120       6      73    13.11     7.48     3.48     1.69    17.53     2.3    10.4
dao-map/orz106d                     25x33  rand    1000       4      25     8.30     5.97     2.16     0.98     6.61     1.1     6.7
dao-map/orz106d                     25x33  scen      70       5      34     9.30     6.48     3.08     1.48     8.55     1.3     5.8
dao-map/orz107d                     34x48  rand    1000       5      56    12.09     7.21     2.59     1.19    14.53     2.0    12.2
dao-map/orz107d                     34x48  scen     100       5      63    13.00     7.69     3.66     1.66    15.30     2.0     9.2
dao-map/orz200d                   272x260  rand    1000      44     730    39.34    21.24    15.41     8.91   169.50     8.0    19.0
dao-map/orz200d                   272x260  scen     510      75    1277    50.70    30.19    24.02    13.80   286.48     9.5    20.8
dao-map/orz201d                     47x45  rand    1000       8      83    13.58     8.44     3.60     1.81    20.83     2.5    11.5
dao-map/orz201d                     47x45  scen     120       9     101    14.81     9.64     4.91     2.51    24.32     2.5     9.7
dao-map/orz203d                     19x35  rand    1000       3      20     7.96     5.81     1.71     0.72     5.31     0.9     7.4
dao-map/orz203d                     19x35  scen      60       3      27     8.47     6.23     2.64     1.21     6.79     1.1     5.6
dao-map/orz300d                   649x386  rand    1000     303   12155   296.64   115.89   118.28    65.17  2937.25    25.3    45.1
dao-map/orz300d                   649x386  scen    1560     429   16604   331.31   135.96   155.73    87.08  4017.51    29.5    46.1
dao-map/orz301d                   120x180  rand    1000      22     479    32.42    14.59     9.02     5.03   111.62     7.7    22.2
dao-map/orz301d                   120x180  scen     390      25     593    34.28    16.07    10.54     5.89   137.10     8.5    23.3
dao-map/orz302d                   146x145  rand    1000      18     699    35.78    15.34     8.84     4.76   157.65    10.3    33.1
dao-map/orz302d                   146x145  scen     490      27    1125    42.65    18.99    12.21     6.58   250.22    13.2    38.1
dao-map/orz303d                   390x267  rand    1000      93    3716   100.93    43.85    37.30    20.83   855.71    19.5    41.1
dao-map/orz303d                   390x267  scen    1140     132    5275   112.64    51.21    48.41    27.65  1235.28    24.1    44.7
dao-map/orz304d                    75x155  rand    1000      21     523    36.06    14.92     8.49     4.61   122.10     8.2    26.5
dao-map/orz304d                    75x155  scen     380      24     679    40.97    16.90    10.59     5.61   160.42     9.5    28.6
dao-map/orz500d                   303x342  rand    1000      33    1238    65.31    24.80    16.70     8.62   290.17    11.7    33.7
dao-map/orz500d                   303x342  scen     860      57    2144    73.21    29.85    24.12    13.16   500.76    16.8    38.1
dao-map/orz601d                    107x47  rand    1000      11     216    18.21     9.96     4.75     2.54    50.70     5.1    20.0
dao-map/orz601d                    107x47  scen     240      12     289    21.41    12.07     6.12     3.25    67.76     5.6    20.8
dao-map/orz700d                 1104x1260  rand    1000     631   20796   426.51   205.36   228.85   149.88  5045.60    24.6    33.7
dao-map/orz700d                 1104x1260  scen    3880     923   29577   444.52   256.20   309.81   210.02  6989.63    27.3    33.3
dao-map/orz701d                   839x722  rand    1000     372   11609   198.83   109.07   122.15    75.91  2640.65    24.2    34.8
dao-map/orz701d                   839x722  scen    3040     517   16210   236.01   124.21   157.32    97.04  3675.63    29.6    37.9
dao-map/orz702d                   718x939  rand    1000     829   20168   478.30   251.36   290.02   179.68  4829.95    19.2    26.9
dao-map/orz702d                   718x939  scen    4130    1412   33465   645.81   335.65   474.88   282.01  7897.21    23.5    28.0
dao-map/orz703d                   652x502  rand    1000     116    9776   178.64    55.25    54.35    30.17  2282.60    41.3    75.7
dao-map/orz703d                   652x502  scen    2240     206   16898   211.26    71.89    77.22    45.51  3948.56    54.9    86.8
dao-map/orz704d                     84x46  rand    1000       5     103    19.29     8.46     3.48     1.58    25.77     3.0    16.4
dao-map/orz704d                     84x46  scen     200       6     188    21.27     9.53     5.59     2.18    43.87     4.6    20.1
dao-map/orz800d                   868x844  rand    1000     147   11472   155.17    59.94    67.73    40.22  2778.03    46.4    69.1
dao-map/orz800d                   868x844  scen    3690     224   16337   191.35    75.58    91.57    54.07  3987.02    52.8    73.7
------------------------------------------------------------------------------------------------------------------------------------
map                                  size   tag   pairs  JPSexp   A*exp      cC#       cC      wC#       wC     A*us   A*/cC   A*/wC
------------------------------------------------------------------------------------------------------------------------------------
dao-map/orz900d                  1491x656  rand    1000     885   35777   495.69   257.04   311.91   191.97  8309.48    32.3    43.3
dao-map/orz900d                  1491x656  scen    7070    1247   50101   564.81   327.91   408.07   278.11 11323.83    34.5    40.7
dao-map/orz901d                   601x678  rand    1000     490   15618   250.29   126.95   150.38    90.15  3431.10    27.0    38.1
dao-map/orz901d                   601x678  scen    4190     679   21746   298.82   152.38   195.65   120.16  4691.16    30.8    39.0
dao-map/orz999d                   632x698  rand    1000      78    7036   137.32    46.27    42.71    25.12  1724.92    37.3    68.7
dao-map/orz999d                   632x698  scen    2430     118   10767   150.59    51.30    53.16    32.53  2581.69    50.3    79.4
dao-map/ost000a                   487x969  rand    1000    1038   20594   759.85   343.88   415.73   258.54  5036.33    14.6    19.5
dao-map/ost000a                   487x969  scen    2520    1322   25443   810.68   403.24   506.26   338.80  6194.12    15.4    18.3
dao-map/ost000t                   487x971  rand    1000     977   19726   676.84   283.85   361.35   213.97  4751.15    16.7    22.2
dao-map/ost000t                   487x971  scen    2620    1345   26692   799.70   368.81   472.47   288.89  6375.58    17.3    22.1
dao-map/ost001d                   194x194  rand    1000      64    1863    68.48    28.45    21.77    11.68   415.86    14.6    35.6
dao-map/ost001d                   194x194  scen     620      96    2779    80.27    37.01    29.57    16.42   617.76    16.7    37.6
dao-map/ost002d                   181x145  rand    1000      78    1433    76.19    32.55    25.70    14.44   319.83     9.8    22.1
dao-map/ost002d                   181x145  scen     610     128    2310    96.68    44.74    38.14    22.05   498.22    11.1    22.6
dao-map/ost003d                   194x194  rand    1000     103    3096   100.61    42.22    33.81    18.60   654.58    15.5    35.2
dao-map/ost003d                   194x194  scen     810     142    4258   110.22    49.04    44.09    24.22   863.95    17.6    35.7
dao-map/ost004d                     84x84  rand    1000       7     177    32.30     9.50     4.73     2.00    41.71     4.4    20.8
dao-map/ost004d                     84x84  scen     210       8     252    36.51    11.18     7.65     2.78    58.21     5.2    20.9
dao-map/ost100d                 1024x1025  rand    1000    1203   22571   798.17   375.76   506.71   304.29  5552.83    14.8    18.2
dao-map/ost100d                 1024x1025  scen    2930    2099   37682  1306.29   594.19   866.24   521.24  9320.02    15.7    17.9
dao-map/ost101d                   768x704  rand    1000      11     330    23.30    10.87     6.18     3.26    78.91     7.3    24.2
dao-map/ost101d                   768x704  scen     290      14     456    25.36    11.88     8.38     4.21   108.17     9.1    25.7
dao-map/ost102d                     28x22  rand    1000       4      22     8.06     6.08     1.93     0.89     6.16     1.0     6.9
dao-map/ost102d                     28x22  scen      60       4      29     8.80     6.62     2.76     1.37     7.58     1.1     5.6
dao-map/oth000d                   384x384  rand    1000      78    4435    88.81    37.47    33.48    19.55  1016.36    27.1    52.0
dao-map/oth000d                   384x384  scen    1750     123    7173   103.10    46.35    45.38    26.35  1600.33    34.5    60.7
dao-map/oth001d                   384x382  rand    1000      14     221    29.03    14.61     9.31     4.44    54.84     3.8    12.4
dao-map/oth001d                   384x382  scen     310      23     422    36.65    19.69    15.97     8.32   102.33     5.2    12.3
dao-map/oth999d                     49x32  rand    1000       2      70    19.85     8.59     2.98     0.93    17.98     2.1    19.3
dao-map/oth999d                     49x32  scen     140       2     113    20.89     9.82     4.16     1.18    27.18     2.8    23.1
dao-map/rmtst                      182x50  rand    1000      15     483    37.94    14.06     8.26     4.03   113.85     8.1    28.3
dao-map/rmtst                      182x50  scen     440      20     705    44.42    17.01    10.95     5.17   165.96     9.8    32.1
dao-map/rmtst01                    182x50  rand    1000      15     497    38.09    14.37     8.60     4.09   117.50     8.2    28.8
dao-map/rmtst01                    182x50  scen     440      20     723    43.63    17.34    10.49     5.16   169.46     9.8    32.8
dao-map/rmtst03                    182x49  rand    1000      15     521    38.74    14.67     7.98     4.07   123.16     8.4    30.3
dao-map/rmtst03                    182x49  scen     450      20     718    43.09    16.94    10.47     5.16   168.29     9.9    32.6
mapf-map/Berlin_1_256             256x256  rand    1000     102    3511   160.00    50.14    42.82    22.85   878.57    17.5    38.4
mapf-map/Berlin_1_256             256x256  scen   24148     179    5805   217.51    72.01    59.24    34.32  1481.37    20.6    43.2
mapf-map/Boston_0_256             256x256  rand    1000     128    3562   169.36    67.01    55.72    28.43   880.91    13.1    31.0
mapf-map/Boston_0_256             256x256  scen   23719     215    5553   232.45    93.05    78.02    42.07  1377.58    14.8    32.7
mapf-map/brc202d                  530x481  rand    1000     423   11855   257.78   127.79   138.74    77.71  2702.06    21.1    34.8
mapf-map/brc202d                  530x481  scen   62029     562   15685   283.16   139.26   163.37    99.22  3566.81    25.6    35.9
mapf-map/den312d                    65x81  rand    1000      22     343    27.49    14.36     8.89     4.57    82.24     5.7    18.0
mapf-map/den312d                    65x81  scen    7082      29     490    31.67    16.77     9.72     5.25   114.93     6.9    21.9
mapf-map/den520d                  256x257  rand    1000      75    3418   132.73    40.85    34.32    17.53   823.16    20.2    46.9
mapf-map/den520d                  256x257  scen   21640     101    4637   155.15    47.39    37.93    21.30  1123.13    23.7    52.7
mapf-map/empty-16-16                16x16  rand    1000       2      17     7.23     5.51     1.55     0.59     4.66     0.8     7.9
mapf-map/empty-16-16                16x16  scen    2992       2      17     7.66     5.75     1.72     0.56     4.99     0.9     8.9
mapf-map/empty-32-32                32x32  rand    1000       2      47    14.36     7.72     3.28     0.82    12.66     1.6    15.4
mapf-map/empty-32-32                32x32  scen   12736       2      47    14.76     7.75     2.40     0.75    12.12     1.6    16.1
------------------------------------------------------------------------------------------------------------------------------------
map                                  size   tag   pairs  JPSexp   A*exp      cC#       cC      wC#       wC     A*us   A*/cC   A*/wC
------------------------------------------------------------------------------------------------------------------------------------
mapf-map/empty-48-48                48x48  rand    1000       2      94    27.79     9.57     3.54     1.05    23.78     2.5    22.5
mapf-map/empty-48-48                48x48  scen   28731       2      89    27.39     9.37     3.06     0.96    22.18     2.4    23.0
mapf-map/empty-8-8                    8x8  rand    1000       2       7     4.57     3.71     1.12     0.45     2.12     0.6     4.8
mapf-map/empty-8-8                    8x8  scen     585       2       6     4.26     3.53     1.14     0.45     1.97     0.6     4.4
mapf-map/ht_chantry               162x141  rand    1000      44    1233    55.75    23.98    16.58     9.13   281.68    11.7    30.8
mapf-map/ht_chantry               162x141  scen   11513      56    1572    63.81    26.85    19.41    10.59   357.52    13.3    33.8
mapf-map/ht_mansion_n             133x270  rand    1000      43    1255    51.26    23.98    16.81     8.84   289.38    12.1    32.7
mapf-map/ht_mansion_n             133x270  scen   14015      62    1928    61.30    27.70    20.54    11.52   430.15    15.5    37.3
mapf-map/lak303d                  194x194  rand    1000     163    3472   123.36    58.26    49.67    27.99   767.63    13.2    27.4
mapf-map/lak303d                  194x194  scen   25657     251    5121   159.85    76.94    70.13    40.44  1104.34    14.4    27.3
mapf-map/lt_gallowstemplar_n      251x180  rand    1000      51    1356    58.75    25.51    18.26    10.32   317.66    12.5    30.8
mapf-map/lt_gallowstemplar_n      251x180  scen   15399      62    1676    62.29    25.93    20.00    11.43   391.48    15.1    34.2
mapf-map/maze-128-128-1           128x128  rand    1000     880    3228   206.94   138.47   164.41    97.33   437.83     3.2     4.5
mapf-map/maze-128-128-1           128x128  scen   48648     885    3241   204.37   136.38   163.89    98.98   437.44     3.2     4.4
mapf-map/maze-128-128-10          128x128  rand    1000      37    4687    99.61    39.80    22.13    10.26  1042.51    26.2   101.6
mapf-map/maze-128-128-10          128x128  scen   27046      47    6274   116.48    45.44    24.30    11.98  1380.26    30.4   115.2
mapf-map/maze-128-128-2           128x128  rand    1000     757    4929   229.47   144.62   161.90    92.76   901.78     6.2     9.7
mapf-map/maze-128-128-2           128x128  scen   64662     748    4869   224.19   140.10   157.15    89.86   876.34     6.3     9.8
mapf-map/maze-32-32-2               32x32  rand    1000      40     241    19.60    13.97     9.73     5.12    46.88     3.4     9.2
mapf-map/maze-32-32-2               32x32  scen    4613      40     244    19.48    13.54     9.37     5.05    46.18     3.4     9.1
mapf-map/maze-32-32-4               32x32  rand    1000      13     227    17.94    12.26     4.93     2.43    47.24     3.9    19.5
mapf-map/maze-32-32-4               32x32  scen    3273      15     281    19.74    12.93     5.45     2.60    57.04     4.4    21.9
mapf-map/orz900d                 1491x656  rand    1000     885   35777   491.04   295.97   310.47   221.25  8208.81    27.7    37.1
mapf-map/orz900d                 1491x656  scen  161069    1161   46719   596.74   339.53   394.94   278.11 10258.32    30.2    36.9
mapf-map/ost003d                  194x194  rand    1000     103    3096   106.26    43.80    35.91    19.47   681.51    15.6    35.0
mapf-map/ost003d                  194x194  scen   20476     142    4245   126.03    52.88    44.79    24.95   905.03    17.1    36.3
mapf-map/Paris_1_256              256x256  rand    1000     157    3776   184.14    69.92    58.77    31.66   951.19    13.6    30.0
mapf-map/Paris_1_256              256x256  scen   26387     377    8108   315.88   124.14   118.63    66.83  2056.22    16.6    30.8
mapf-map/random-32-32-10            32x32  rand    1000      17      51    14.18     9.54     6.13     3.54    13.55     1.4     3.8
mapf-map/random-32-32-10            32x32  scen    2547      23      65    16.46    11.02     7.77     4.32    17.15     1.6     4.0
mapf-map/random-32-32-20            32x32  rand    1000      31      72    18.04    12.86     9.47     5.60    18.61     1.4     3.3
mapf-map/random-32-32-20            32x32  scen     971      50     118    25.05    17.34    14.30     8.73    29.86     1.7     3.4
mapf-map/random-64-64-10            64x64  rand    1000      50     153    28.77    18.86    16.34     9.35    38.77     2.1     4.1
mapf-map/random-64-64-10            64x64  scen    5155      72     216    38.53    24.53    20.94    12.49    52.62     2.1     4.2
mapf-map/random-64-64-20            64x64  rand    1000      95     228    43.35    29.71    26.40    16.25    57.28     1.9     3.5
mapf-map/random-64-64-20            64x64  scen    2483     186     436    76.01    51.58    49.06    29.91   105.02     2.0     3.5
mapf-map/room-32-32-4               32x32  rand    1000      28      93    18.47    13.30     8.67     4.94    22.32     1.7     4.5
mapf-map/room-32-32-4               32x32  scen    2998      36     118    20.65    14.99    10.59     5.87    26.93     1.8     4.6
mapf-map/room-64-64-16              64x64  rand    1000      29     858    47.72    23.45    13.69     6.71   189.82     8.1    28.3
mapf-map/room-64-64-16              64x64  scen    9942      40    1264    60.06    29.52    16.51     8.43   268.66     9.1    31.9
mapf-map/room-64-64-8               64x64  rand    1000      44     548    39.75    24.28    16.03     8.28   123.84     5.1    15.0
mapf-map/room-64-64-8               64x64  scen    7604      60     779    49.54    30.23    19.75    10.31   170.19     5.6    16.5
mapf-map/warehouse-10-20-10-2~     161x63  rand    1000      35     534    43.97    17.18    13.25     6.59    93.85     5.5    14.2
mapf-map/warehouse-10-20-10-2~     161x63  scen   11168      45     696    51.00    19.97    15.49     7.92   118.57     5.9    15.0
mapf-map/warehouse-10-20-10-2~     170x84  rand    1000     154     899    80.45    38.59    37.95    21.45   191.87     5.0     8.9
mapf-map/warehouse-10-20-10-2~     170x84  scen   12226     214    1211   100.33    48.78    49.66    28.48   254.19     5.2     8.9
mapf-map/warehouse-20-40-10-2~    321x123  rand    1000     128    2073   131.09    42.25    43.60    21.38   350.65     8.3    16.4
mapf-map/warehouse-20-40-10-2~    321x123  scen   22737     162    2707   154.21    49.76    49.38    26.25   455.26     9.1    17.3
mapf-map/warehouse-20-40-10-2~    340x164  rand    1000     616    3225   280.50   133.42   152.64    87.24   697.37     5.2     8.0
mapf-map/warehouse-20-40-10-2~    340x164  scen   24990     951    4801   377.21   181.25   217.21   125.30  1009.56     5.6     8.1
------------------------------------------------------------------------------------------------------------------------------------
map                                  size   tag   pairs  JPSexp   A*exp      cC#       cC      wC#       wC     A*us   A*/cC   A*/wC
------------------------------------------------------------------------------------------------------------------------------------
mapf-map/w_woundedcoast           642x578  rand    1000     191    7427   135.44    74.58    71.59    42.68  1761.80    23.6    41.3
mapf-map/w_woundedcoast           642x578  scen   52517     237    9411   149.10    74.03    80.05    48.50  2172.13    29.3    44.8
sc1-map/AcrosstheCape             768x768  rand    1000     466   43972   962.62   315.15   322.68   195.15 11372.75    36.1    58.3
sc1-map/AcrosstheCape             768x768  scen    3150     691   62790  1037.82   382.05   394.58   265.02 16359.84    42.8    61.7
sc1-map/Aftershock                512x512  rand    1000     191   15771   481.59   139.36   131.36    72.52  3951.34    28.4    54.5
sc1-map/Aftershock                512x512  scen    1920     254   21571   436.20   118.36   127.34    69.36  5372.10    45.4    77.5
sc1-map/Archipelago               512x512  rand    1000     200   16391   340.44   103.62   107.71    57.18  4048.61    39.1    70.8
sc1-map/Archipelago               512x512  scen    2310     357   29112   409.79   139.22   152.98    88.00  7277.04    52.3    82.7
sc1-map/ArcticStation             768x768  rand    1000    1150   82589  1294.03   591.80   632.26   438.11 20085.36    33.9    45.8
sc1-map/ArcticStation             768x768  scen    4300    1688  118487  1565.71   805.64   854.39   648.50 28879.85    35.8    44.5
sc1-map/Aurora                   1024x768  rand    1000    1218   57069  1304.20   671.50   705.96   493.45 14670.44    21.8    29.7
sc1-map/Aurora                   1024x768  scen    3250    1878   83627  1667.39   939.62  1062.05   758.90 21801.61    23.2    28.7
sc1-map/Backwoods                 768x512  rand    1000     868   29851   762.08   325.28   375.87   224.72  7306.37    22.5    32.5
sc1-map/Backwoods                 768x512  scen    2540     895   30743   720.02   311.47   366.33   224.68  7577.08    24.3    33.7
sc1-map/BigGameHunters            512x512  rand    1000     125   17727   395.31    97.55    98.88    46.84  4368.44    44.8    93.3
sc1-map/BigGameHunters            512x512  scen    1890     127   18992   347.52    85.59    86.15    43.79  4752.75    55.5   108.5
sc1-map/BlackLotus                768x768  rand    1000     830   63633   879.92   405.32   424.02   281.36 16118.23    39.8    57.3
sc1-map/BlackLotus                768x768  scen    4130    1234   90019  1037.71   508.42   534.93   392.00 22739.29    44.7    58.0
sc1-map/BlastFurnace              768x768  rand    1000     620   45348  1043.26   374.34   406.03   245.31 11257.09    30.1    45.9
sc1-map/BlastFurnace              768x768  scen    3390    1075   76841  1287.61   533.07   601.78   403.15 19274.48    36.2    47.8
sc1-map/BrokenSteppes             768x768  rand    1000     294   31546   791.95   251.86   247.40   142.43  8339.77    33.1    58.6
sc1-map/BrokenSteppes             768x768  scen    3000     564   56807   972.28   360.10   346.88   241.01 15480.46    43.0    64.2
sc1-map/Brushfire                 512x512  rand    1000     354   20629   387.59   132.70   146.68    82.93  5036.11    38.0    60.7
sc1-map/Brushfire                 512x512  scen    2180     394   22451   378.71   134.99   153.61    88.93  5506.07    40.8    61.9
sc1-map/Caldera                   512x512  rand    1000      99   10763   358.40    75.36    82.29    36.15  2647.02    35.1    73.2
sc1-map/Caldera                   512x512  scen    1840     160   17228   398.08    92.12    94.49    50.03  4332.89    47.0    86.6
sc1-map/CatwalkAlley              512x512  rand    1000    1047   47588   826.61   415.16   441.13   299.45 11356.39    27.4    37.9
sc1-map/CatwalkAlley              512x512  scen    2720    1272   57628   866.08   460.76   489.34   336.89 13860.94    30.1    41.1
sc1-map/Cauldron                1024x1024  rand    1000    1070   66557  1604.87   722.90   776.99   538.30 17940.75    24.8    33.3
sc1-map/Cauldron                1024x1024  scen    4050    1841  107521  2179.45  1068.47  1368.26   860.88 29607.55    27.7    34.4
sc1-map/CrashSites                768x768  rand    1000     290   22924   463.04   143.29   161.83    88.15  5982.77    41.8    67.9
sc1-map/CrashSites                768x768  scen    2690     438   35872   538.52   186.52   212.07   128.45  9464.32    50.7    73.7
sc1-map/CrescentMoon              512x512  rand    1000     106   13827   326.05    70.43    75.65    36.36  3426.14    48.6    94.2
sc1-map/CrescentMoon              512x512  scen    1920     151   21161   336.84    79.46    86.26    44.39  5379.32    67.7   121.2
sc1-map/Crossroads                768x768  rand    1000     313   33122   966.22   237.72   293.22   136.61  8326.82    35.0    61.0
sc1-map/Crossroads                768x768  scen    2960     421   45637  1068.72   329.88   379.31   211.92 11646.42    35.3    55.0
sc1-map/DarkContinent             512x768  rand    1000     375   36956   774.63   229.18   236.65   133.13  9545.26    41.6    71.7
sc1-map/DarkContinent             512x768  scen    2650     496   49154   842.11   290.67   301.84   191.29 13209.84    45.4    69.1
sc1-map/Desolation                512x512  rand    1000     155   13081   418.05   102.22   106.23    54.50  3201.77    31.3    58.7
sc1-map/Desolation                512x512  scen    1900     214   18543   444.25   117.06   118.90    67.61  4569.27    39.0    67.6
sc1-map/EbonLakes                 512x512  rand    1000     246   20297   492.50   163.18   164.66    84.41  5215.22    32.0    61.8
sc1-map/EbonLakes                 512x512  scen    2010     344   28249   538.32   188.54   196.94   114.23  7334.22    38.9    64.2
sc1-map/Elderlands                768x768  rand    1000     390   26209   905.53   311.20   354.36   194.31  6502.45    20.9    33.5
sc1-map/Elderlands                768x768  scen    2780     507   31812   930.27   297.71   354.53   195.14  8227.82    27.6    42.2
sc1-map/Enigma                    768x768  rand    1000     853   43803   713.37   369.17   377.02   261.33 10893.11    29.5    41.7
sc1-map/Enigma                    768x768  scen    3370    1019   50993   724.42   386.01   399.23   292.75 12729.24    33.0    43.5
sc1-map/Entanglement              512x512  rand    1000     197    9999   350.57   110.79   105.92    59.46  2496.98    22.5    42.0
sc1-map/Entanglement              512x512  scen    1820     365   17737   435.86   157.00   158.30    96.98  4557.47    29.0    47.0
sc1-map/Eruption                  512x512  rand    1000     255   18118   435.25   135.80   144.76    72.22  4532.92    33.4    62.8
sc1-map/Eruption                  512x512  scen    1920     329   22807   423.09   141.01   156.61    85.42  5863.94    41.6    68.7
------------------------------------------------------------------------------------------------------------------------------------
map                                  size   tag   pairs  JPSexp   A*exp      cC#       cC      wC#       wC     A*us   A*/cC   A*/wC
------------------------------------------------------------------------------------------------------------------------------------
sc1-map/Expedition              1024x1024  rand    1000     691   34284  1250.65   431.27   492.57   289.25  8882.00    20.6    30.7
sc1-map/Expedition              1024x1024  scen    3580    1416   58623  1639.97   664.25   799.21   530.63 15901.37    23.9    30.0
sc1-map/FireWalker                512x384  rand    1000     328   27821   427.57   138.22   145.51    76.85  6561.61    47.5    85.4
sc1-map/FireWalker                512x384  scen    2550     392   33667   430.82   138.21   150.62    85.13  7938.96    57.4    93.3
sc1-map/FloodedPlains             768x768  rand    1000     437   32300   766.75   315.65   310.17   198.01  8693.85    27.5    43.9
sc1-map/FloodedPlains             768x768  scen    3050     768   53731   934.50   425.12   453.32   302.57 14698.25    34.6    48.6
sc1-map/GhostTown                 768x512  rand    1000     359   16912   723.87   220.10   232.41   133.93  4225.77    19.2    31.6
sc1-map/GhostTown                 768x512  scen    2510     970   39827  1142.13   436.47   523.07   330.83 10208.49    23.4    30.9
sc1-map/GladiatorPits             768x512  rand    1000     367   34740   668.52   220.42   212.16   128.46  8580.07    38.9    66.8
sc1-map/GladiatorPits             768x512  scen    2710     544   50026   792.87   263.74   250.51   168.59 12665.88    48.0    75.1
sc1-map/GreenerPastures           768x512  rand    1000     177   24525   751.42   146.06   152.13    75.46  6210.68    42.5    82.3
sc1-map/GreenerPastures           768x512  scen    2700     342   46794   897.58   195.32   235.44   114.45 12110.10    62.0   105.8
sc1-map/Hellfire                  768x768  rand    1000     294   29613   671.47   217.70   211.78   125.57  7714.77    35.4    61.4
sc1-map/Hellfire                  768x768  scen    3030     462   46183   741.05   252.29   247.30   160.44 12311.87    48.8    76.7
sc1-map/HotZone                   512x512  rand    1000     126   12800   399.77    92.35    93.98    43.96  3294.28    35.7    74.9
sc1-map/HotZone                   512x512  scen    1850     166   17398   396.77    98.60   104.86    53.20  4565.07    46.3    85.8
sc1-map/IceFloes                  384x384  rand    1000     283   14650   285.23    98.06   101.57    53.06  3414.29    34.8    64.4
sc1-map/IceFloes                  384x384  scen    1680     417   21137   319.14   120.23   132.54    73.59  5052.92    42.0    68.7
sc1-map/IceMountain               512x512  rand    1000     934   43828   955.46   337.99   416.11   230.83 10517.48    31.1    45.6
sc1-map/IceMountain               512x512  scen    3580    1496   68540  1173.27   456.54   609.70   348.50 16397.44    35.9    47.1
sc1-map/Inferno                   768x768  rand    1000    2114   99218  1511.94   893.29   965.47   724.39 23414.82    26.2    32.3
sc1-map/Inferno                   768x768  scen    6010    2546  120085  1751.78  1032.98  1128.38   869.17 28314.15    27.4    32.6
sc1-map/Isolation                 512x512  rand    1000     157   21006   543.47   115.73   125.09    59.51  5285.78    45.7    88.8
sc1-map/Isolation                 512x512  scen    2090     298   37596   614.08   151.01   157.51    84.34  9306.06    61.6   110.3
sc1-map/JungleSiege               768x768  rand    1000     867   67619   992.80   431.65   440.77   308.98 16872.55    39.1    54.6
sc1-map/JungleSiege               768x768  scen    3490    1074   83736  1038.07   492.07   495.96   377.58 20913.32    42.5    55.4
sc1-map/Labyrinth                768x1024  rand    1000     804   69388   994.50   424.12   434.58   303.34 17421.70    41.1    57.4
sc1-map/Labyrinth                768x1024  scen    4440    1029   87872  1028.17   470.53   459.69   354.37 22435.87    47.7    63.3
sc1-map/LakeShore                 768x768  rand    1000     938   76349  1160.85   522.05   543.80   372.07 19534.07    37.4    52.5
sc1-map/LakeShore                 768x768  scen    3950    1449  114286  1425.94   709.81   751.87   556.02 29649.29    41.8    53.3
sc1-map/Legacy                    512x512  rand    1000    1209   21695   867.56   356.56   450.29   256.06  5415.39    15.2    21.1
sc1-map/Legacy                    512x512  scen    2060    1830   29530  1053.39   470.58   634.61   371.25  7520.66    16.0    20.3
sc1-map/Medusa                    768x768  rand    1000     803   48569   908.38   413.80   415.49   283.91 12133.40    29.3    42.7
sc1-map/Medusa                    768x768  scen    3360    1281   72487  1261.86   569.07   598.37   432.94 18442.27    32.4    42.6
sc1-map/Nightshade               1024x768  rand    1000     484   45121  1035.32   345.14   356.35   223.91 12017.17    34.8    53.7
sc1-map/Nightshade               1024x768  scen    3610     785   71179  1323.60   520.28   543.43   389.30 19703.95    37.9    50.6
sc1-map/NovaStation               512x512  rand    1000     439   24605   402.15   170.53   183.44   112.46  6145.70    36.0    54.6
sc1-map/NovaStation               512x512  scen    2770     512   28848   415.54   184.18   201.04   125.75  7150.10    38.8    56.9
sc1-map/Octopus                 1024x1024  rand    1000     654   40838   935.74   425.45   486.16   302.74 10188.18    23.9    33.7
sc1-map/Octopus                 1024x1024  scen    3480     912   54343   947.29   463.64   512.58   348.07 13745.34    29.6    39.5
sc1-map/OrbitalGully              512x512  rand    1000     270   20873   537.26   176.83   175.28    93.61  5480.61    31.0    58.5
sc1-map/OrbitalGully              512x512  scen    2110     487   36538   572.41   190.95   203.82   120.43  9644.88    50.5    80.1
sc1-map/Predators                 512x512  rand    1000     130   10917   317.77    77.55    80.79    38.62  2734.15    35.3    70.8
sc1-map/Predators                 512x512  scen    1510     180   14970   339.77    85.50    91.23    47.54  3801.53    44.5    80.0
sc1-map/PrimevalIsles           1024x1024  rand    1000    1132   47540  1432.48   668.78   771.15   496.20 13089.73    19.6    26.4
sc1-map/PrimevalIsles           1024x1024  scen    3870    1940   78382  1995.22  1068.39  1234.33   871.55 22012.05    20.6    25.3
sc1-map/Ramparts                  512x512  rand    1000     729   36081   629.49   254.25   269.62   171.63  8748.17    34.4    51.0
sc1-map/Ramparts                  512x512  scen    2930     947   47245   695.62   298.29   333.93   213.46 11401.66    38.2    53.4
sc1-map/RedCanyons                512x512  rand    1000     132   13900   391.14    98.24   101.76    49.05  3456.83    35.2    70.5
sc1-map/RedCanyons                512x512  scen    1900     201   21347   414.95   110.77   110.24    61.34  5373.09    48.5    87.6
------------------------------------------------------------------------------------------------------------------------------------
map                                  size   tag   pairs  JPSexp   A*exp      cC#       cC      wC#       wC     A*us   A*/cC   A*/wC
------------------------------------------------------------------------------------------------------------------------------------
sc1-map/RiverLethe                512x768  rand    1000     608   30684   870.67   295.80   332.42   200.29  7992.51    27.0    39.9
sc1-map/RiverLethe                512x768  scen    3110    1539   68900  1455.22   570.39   743.92   461.88 18776.58    32.9    40.7
sc1-map/Rosewood                  512x512  rand    1000     360   13853   424.99   147.14   159.14    90.01  3391.22    23.0    37.7
sc1-map/Rosewood                  512x512  scen    2020     763   26780   593.51   238.85   276.13   171.24  6681.34    28.0    39.0
sc1-map/Sanctuary                 512x512  rand    1000     266   27099   469.45   131.76   142.35    74.51  6540.50    49.6    87.8
sc1-map/Sanctuary                 512x512  scen    2240     363   35573   486.50   146.83   160.29    92.27  8465.27    57.7    91.7
sc1-map/Sandstorm                 512x384  rand    1000     132   11473   208.95    60.39    61.37    32.05  2694.65    44.6    84.1
sc1-map/Sandstorm                 512x384  scen    1780     178   14838   212.32    69.23    70.89    39.67  3531.60    51.0    89.0
sc1-map/SapphireIsles             768x768  rand    1000     341   23528   532.05   191.46   194.70   120.97  5728.17    29.9    47.4
sc1-map/SapphireIsles             768x768  scen    3610     820   52254   763.75   329.54   356.43   239.50 12780.75    38.8    53.4
sc1-map/ShroudPlatform            512x512  rand    1000     483   29193   472.94   180.15   184.96   106.16  7173.46    39.8    67.6
sc1-map/ShroudPlatform            512x512  scen    2540     798   47443   569.50   229.99   253.51   156.89 11783.52    51.2    75.1
sc1-map/Sirocco                   768x512  rand    1000     643   62093   983.26   345.11   361.37   219.39 15614.16    45.2    71.2
sc1-map/Sirocco                   768x512  scen    3190     947   88296  1106.39   424.34   448.72   305.23 22404.40    52.8    73.4
sc1-map/SpaceAtoll                512x512  rand    1000     670   36134   593.45   230.26   249.55   145.46  8885.73    38.6    61.1
sc1-map/SpaceAtoll                512x512  scen    2800     895   47782   631.83   251.10   292.20   176.10 11838.91    47.1    67.2
sc1-map/SpaceDebris               512x512  rand    1000     300   22012   404.07   122.38   129.81    70.17  5325.17    43.5    75.9
sc1-map/SpaceDebris               512x512  scen    2410     479   32935   451.03   152.01   170.44    99.73  7938.58    52.2    79.6
sc1-map/SpringThaw               1024x512  rand    1000     870   40626  1321.18   437.66   591.81   307.86  9900.40    22.6    32.2
sc1-map/SpringThaw               1024x512  scen    3210    1356   61049  1622.58   597.26   868.66   462.74 15167.38    25.4    32.8
sc1-map/SteppingStones            512x512  rand    1000     127   11684   409.75    87.89    91.87    44.61  2911.05    33.1    65.3
sc1-map/SteppingStones            512x512  scen    2450     402   31462   585.32   163.55   185.62   104.62  7983.42    48.8    76.3
sc1-map/TaleofTwoCities           768x512  rand    1000     381   22500   745.43   220.06   238.01   131.85  5621.47    25.5    42.6
sc1-map/TaleofTwoCities           768x512  scen    2510     663   37214   904.29   299.35   327.31   205.21  9422.76    31.5    45.9
sc1-map/TheatreofWar              768x768  rand    1000     389   36764   687.37   211.43   221.27   127.39  9287.00    43.9    72.9
sc1-map/TheatreofWar              768x768  scen    3430     563   50952   749.67   251.75   280.03   172.19 12836.18    51.0    74.5
sc1-map/TheFrozenSea            1024x1024  rand    1000    1395   76380  1887.26   877.68  1003.70   659.07 20861.45    23.8    31.7
sc1-map/TheFrozenSea            1024x1024  scen    4090    2098  111764  2242.88  1203.13  1457.82  1042.93 31324.00    26.0    30.0
sc1-map/TheHighway                768x512  rand    1000    1144   60296  1111.24   448.66   534.75   327.13 14075.67    31.4    43.0
sc1-map/TheHighway                768x512  scen    4090    1871   97087  1493.04   675.84   829.21   538.64 22309.98    33.0    41.4
sc1-map/ThinIce                   768x512  rand    1000     649   38592   650.33   317.78   300.94   205.42  9587.38    30.2    46.7
sc1-map/ThinIce                   768x512  scen    3040     953   54089   795.87   383.45   377.38   263.46 13448.81    35.1    51.0
sc1-map/Tribes                    768x768  rand    1000     133   18769   591.15   152.72   151.13    79.31  4883.78    32.0    61.6
sc1-map/Tribes                    768x768  scen    2570     242   34023   681.22   188.60   176.91   109.57  9260.00    49.1    84.5
sc1-map/Triskelion                512x512  rand    1000     441   29224   597.87   209.01   215.88   121.47  7341.66    35.1    60.4
sc1-map/Triskelion                512x512  scen    2250     597   38751   625.82   234.30   249.54   149.01  9845.63    42.0    66.1
sc1-map/Turbo                     768x768  rand    1000     331   42045   744.25   227.11   245.60   132.69 10321.54    45.4    77.8
sc1-map/Turbo                     768x768  scen    3650     629   77599   981.93   356.54   379.19   241.60 19298.24    54.1    79.9
sc1-map/Typhoon                   768x512  rand    1000     215   16446   394.15   116.55   128.59    67.92  4015.87    34.5    59.1
sc1-map/Typhoon                   768x512  scen    1910     212   16569   378.05   116.79   131.28    70.07  4138.85    35.4    59.1
sc1-map/ValleyofRe                768x768  rand    1000     779   48769  1031.63   462.26   515.61   344.28 12463.30    27.0    36.2
sc1-map/ValleyofRe                768x768  scen    3920    1111   68211  1056.32   508.76   552.19   486.12 17314.02    34.0    35.6
sc1-map/WarpGates                 512x512  rand    1000     233   14974   429.66   144.66   153.32    75.22  3876.87    26.8    51.5
sc1-map/WarpGates                 512x512  scen    2020     362   22701   487.63   171.33   185.46   105.08  5912.36    34.5    56.3
sc1-map/WatersEdge                512x512  rand    1000     201   21123   395.71   119.56   125.73    65.19  5170.39    43.2    79.3
sc1-map/WatersEdge                512x512  scen    2200     216   22254   382.92   124.18   124.97    75.11  5461.08    44.0    72.7
sc1-map/WaypointJunction          512x512  rand    1000     246   15570   452.17   142.56   163.20    73.47  3976.29    27.9    54.1
sc1-map/WaypointJunction          512x512  scen    1610     308   19777   397.62   122.67   134.65    71.53  5050.88    41.2    70.6
sc1-map/WheelofWar                768x768  rand    1000     402   50482   817.11   259.54   259.07   158.57 12653.05    48.8    79.8
sc1-map/WheelofWar                768x768  scen    3020     509   63364   823.90   288.34   275.65   187.70 15938.85    55.3    84.9
------------------------------------------------------------------------------------------------------------------------------------
map                                  size   tag   pairs  JPSexp   A*exp      cC#       cC      wC#       wC     A*us   A*/cC   A*/wC
------------------------------------------------------------------------------------------------------------------------------------
sc1-map/WinterConquest            512x512  rand    1000     386   26649   512.15   156.67   177.64    95.94  6475.90    41.3    67.5
sc1-map/WinterConquest            512x512  scen    2210     456   30518   507.15   165.77   191.41   107.24  7446.47    44.9    69.4
wc3maps512-map/battleground       512x512  rand    1000      35    4597   195.65    41.58    39.20    18.22  1127.86    27.1    61.9
wc3maps512-map/battleground       512x512  scen    1330      62    8091   220.47    52.06    51.62    25.57  2061.99    39.6    80.6
wc3maps512-map/blastedlands       512x512  rand    1000      62    6957   251.96    62.30    59.36    27.20  1783.88    28.6    65.6
wc3maps512-map/blastedlands       512x512  scen    1360      83    9257   264.10    67.17    64.14    32.30  2384.36    35.5    73.8
wc3maps512-map/bloodvenomfalls    512x512  rand    1000     104    9188   289.77    72.54    71.55    34.30  2333.28    32.2    68.0
wc3maps512-map/bloodvenomfalls    512x512  scen    1570     197   16406   348.45    97.74   104.45    55.50  4263.72    43.6    76.8
wc3maps512-map/bootybay           512x512  rand    1000      82   12594   216.18    50.51    51.39    25.19  3064.53    60.7   121.7
wc3maps512-map/bootybay           512x512  scen    2210     179   27826   267.98    76.13    79.58    44.36  6774.35    89.0   152.7
wc3maps512-map/darkforest         512x512  rand    1000      45    6037   198.89    53.93    48.30    22.01  1524.14    28.3    69.3
wc3maps512-map/darkforest         512x512  scen    1510      84   10929   207.19    58.85    57.43    30.03  2805.09    47.7    93.4
wc3maps512-map/deadwaterdrop      512x512  rand    1000      41    5330   188.84    40.91    36.93    16.31  1326.73    32.4    81.3
wc3maps512-map/deadwaterdrop      512x512  scen    1120      59    7784   197.80    46.76    47.42    21.80  1983.64    42.4    91.0
wc3maps512-map/divideandconqu~    512x512  rand    1000     125   11796   285.54    80.93    76.20    39.19  3000.58    37.1    76.6
wc3maps512-map/divideandconqu~    512x512  scen    1630     216   19850   335.17   105.13   106.22    58.17  5129.57    48.8    88.2
wc3maps512-map/dragonfire         512x512  rand    1000      65    7346   215.06    57.15    53.74    26.33  1860.54    32.6    70.7
wc3maps512-map/dragonfire         512x512  scen    1460     112   12738   243.59    71.38    68.42    37.38  3278.99    45.9    87.7
wc3maps512-map/drywatergulch      512x512  rand    1000     174   21056   367.28   107.43    97.83    53.05  5109.73    47.6    96.3
wc3maps512-map/drywatergulch      512x512  scen    1980     315   36179   435.15   169.64   153.16    93.31  8787.28    51.8    94.2
wc3maps512-map/duskwood           512x512  rand    1000      39    7586   245.91    53.60    50.19    22.92  1911.58    35.7    83.4
wc3maps512-map/duskwood           512x512  scen    1540      57   11236   267.24    60.52    57.77    28.87  2916.38    48.2   101.0
wc3maps512-map/dustwallowkeys     512x512  rand    1000      69   10771   385.93    75.10    73.96    32.81  2759.11    36.7    84.1
wc3maps512-map/dustwallowkeys     512x512  scen    1690     125   18533   449.57    94.80    95.07    47.64  4902.31    51.7   102.9
wc3maps512-map/frostsabre         512x512  rand    1000      41    5287   185.66    43.83    41.05    19.67  1331.09    30.4    67.7
wc3maps512-map/frostsabre         512x512  scen    1310      64    8301   198.89    51.77    50.25    25.68  2142.87    41.4    83.4
wc3maps512-map/gardenofwar        512x512  rand    1000      58    8273   243.66    63.40    56.40    27.05  2119.17    33.4    78.3
wc3maps512-map/gardenofwar        512x512  scen    1440      73   11013   243.06    67.04    62.87    32.59  2876.48    42.9    88.3
wc3maps512-map/gnollwood          512x512  rand    1000      34    4535   192.44    41.93    38.86    16.83  1100.96    26.3    65.4
wc3maps512-map/gnollwood          512x512  scen    1260      47    6278   211.30    48.57    46.05    21.36  1560.10    32.1    73.0
wc3maps512-map/golemsinthemist    512x512  rand    1000      39    6414   228.05    48.98    47.10    21.40  1622.97    33.1    75.8
wc3maps512-map/golemsinthemist    512x512  scen    1400      56    9429   242.69    55.28    52.80    26.07  2424.20    43.9    93.0
wc3maps512-map/harvestmoon        512x512  rand    1000      98   10729   253.92    70.63    65.42    33.50  2644.95    37.4    78.9
wc3maps512-map/harvestmoon        512x512  scen    1420     129   13786   260.83    75.56    74.32    40.05  3424.24    45.3    85.5
wc3maps512-map/heart2heart        512x512  rand    1000      70   17134   285.26    55.89    54.44    25.14  4141.04    74.1   164.7
wc3maps512-map/heart2heart        512x512  scen    2030     115   27256   311.10    67.20    65.98    34.83  6553.93    97.5   188.2
wc3maps512-map/hillsofglory       512x512  rand    1000      24    6900   201.66    38.48    36.70    15.59  1715.35    44.6   110.1
wc3maps512-map/hillsofglory       512x512  scen    1350      40   12745   216.33    45.59    44.41    21.26  3238.75    71.0   152.3
wc3maps512-map/icecrown           512x512  rand    1000      41    6926   330.27    52.13    59.22    23.09  1661.08    31.9    71.9
wc3maps512-map/icecrown           512x512  scen    1720     112   17063   449.03    84.26    84.80    42.72  4345.08    51.6   101.7
wc3maps512-map/isleofdread        512x512  rand    1000     120   12293   342.57    85.88    84.28    40.42  3121.58    36.3    77.2
wc3maps512-map/isleofdread        512x512  scen    1580     176   18590   368.01    99.58   102.77    53.93  4785.06    48.1    88.7
wc3maps512-map/losttemple         512x512  rand    1000      53    5444   198.83    46.57    42.89    19.71  1307.99    28.1    66.4
wc3maps512-map/losttemple         512x512  scen    1390      90    8957   217.19    55.70    59.49    29.33  2186.91    39.3    74.6
wc3maps512-map/moonglade          512x512  rand    1000      43    6464   290.54    52.91    53.39    22.97  1597.45    30.2    69.5
wc3maps512-map/moonglade          512x512  scen    1710     130   17467   390.61    84.23    90.58    47.31  4555.89    54.1    96.3
wc3maps512-map/mysticisles        512x512  rand    1000     107   14954   288.42    76.19    71.95    35.98  3600.06    47.3   100.1
wc3maps512-map/mysticisles        512x512  scen    2060     189   26072   341.56   110.58   112.28    55.23  6299.25    57.0   114.1
wc3maps512-map/nighthaven         512x512  rand    1000      33    9721   303.99    50.19    48.96    20.88  2455.01    48.9   117.6
wc3maps512-map/nighthaven         512x512  scen    1420      46   14172   312.57    56.05    55.65    25.69  3674.82    65.6   143.1
------------------------------------------------------------------------------------------------------------------------------------
map                                  size   tag   pairs  JPSexp   A*exp      cC#       cC      wC#       wC     A*us   A*/cC   A*/wC
------------------------------------------------------------------------------------------------------------------------------------
wc3maps512-map/petrifiedforest    512x512  rand    1000      71    7878   250.52    62.98    56.55    28.21  1987.66    31.6    70.5
wc3maps512-map/petrifiedforest    512x512  scen    1520     124   12994   294.28    80.58    74.75    41.37  3462.53    43.0    83.7
wc3maps512-map/plaguelands        512x512  rand    1000      74    7920   196.06    52.59    49.79    25.63  1966.42    37.4    76.7
wc3maps512-map/plaguelands        512x512  scen    1600     140   15273   250.16    77.61    80.49    43.03  3913.13    50.4    90.9
wc3maps512-map/plainsofsnow       512x512  rand    1000      23    7174   221.94    38.24    37.25    13.78  1799.64    47.1   130.6
wc3maps512-map/plainsofsnow       512x512  scen    1480      35   12798   247.21    41.73    41.39    19.38  3237.81    77.6   167.1
wc3maps512-map/plunderisle        512x512  rand    1000      59   12761   446.43    71.44    73.69    32.01  3235.05    45.3   101.1
wc3maps512-map/plunderisle        512x512  scen    1640      78   16564   401.24    76.94    78.98    38.30  4270.68    55.5   111.5
wc3maps512-map/riverrun           512x512  rand    1000     263   15994   371.65   127.08   124.98    71.72  3884.07    30.6    54.2
wc3maps512-map/riverrun           512x512  scen    2010     494   28300   465.15   185.43   203.82   122.43  6839.20    36.9    55.9
wc3maps512-map/scorchedbasin      512x512  rand    1000      28    4337   162.24    38.16    32.47    14.62  1072.42    28.1    73.4
wc3maps512-map/scorchedbasin      512x512  scen    1270      54    8613   189.08    48.00    46.12    22.46  2186.71    45.6    97.4
wc3maps512-map/stromguarde        512x512  rand    1000      60    3535   206.18    41.84    43.01    19.03   860.10    20.6    45.2
wc3maps512-map/stromguarde        512x512  scen    1090     162    8507   299.68    77.40    81.30    42.93  2189.24    28.3    51.0
wc3maps512-map/swampofsorrows     512x512  rand    1000      74    6556   247.77    59.53    59.30    27.79  1661.38    27.9    59.8
wc3maps512-map/swampofsorrows     512x512  scen    1310     118   10067   275.46    72.50    73.89    37.83  2612.63    36.0    69.1
wc3maps512-map/thecrucible        512x512  rand    1000      54    5848   155.63    44.90    40.40    19.74  1453.62    32.4    73.6
wc3maps512-map/thecrucible        512x512  scen    1180      67    7517   161.95    48.28    45.64    23.07  1897.44    39.3    82.3
wc3maps512-map/theglaive          512x512  rand    1000      32    6397   230.87    44.20    40.10    17.23  1591.07    36.0    92.3
wc3maps512-map/theglaive          512x512  scen    1450      59   12642   263.68    56.44    52.96    24.58  3174.19    56.2   129.2
wc3maps512-map/timbermawhold      512x512  rand    1000      74    9793   430.68    96.15    91.01    43.08  2550.93    26.5    59.2
wc3maps512-map/timbermawhold      512x512  scen    2080     296   30614   615.62   165.80   175.60   102.56  7802.94    47.1    76.1
wc3maps512-map/tranquilpaths      512x512  rand    1000      69    6827   160.45    51.06    43.20    22.65  1632.25    32.0    72.0
wc3maps512-map/tranquilpaths      512x512  scen    1340      96    9662   170.54    57.57    51.80    28.11  2344.98    40.7    83.4
------------------------------------------------------------------------------------------------------------------------------------
[rand] 562000 pairs: C# cold 110615ms / hot 39586ms; C cold 39533ms / hot 23003ms; A* 1074751ms; A*/C cold 27.2x hot 46.7x; C#/C cold 2.80x hot 1.72x
[scen] 1414808 pairs: C# cold 501791ms / hot 254826ms; C cold 228767ms / hot 165006ms; A* 6679346ms; A*/C cold 29.2x hot 40.5x; C#/C cold 2.19x hot 1.54x
