# JPS(C#/C) 冷·热路径 vs A* · 随机投点 + .scen 合并基准   2026-07-03 22:15:39
构建配置（JPS.Core）：斜穿角=禁止，多线程共享缓存=开启
原生库：JPS.Native.dll 已加载（G:\GitHub\JPS\x64\Release\JPS.Native.dll）→ 同时测 C 版
范围：movingai/ 全部，1354 个 .scen / 562 张地图；随机投点每图目标 1000 组，scen 去重后用例 1414808（原始 1423420）
流程：每张图只解析一次 → 先随机投点(rand)、后 scen 两段；每段测 C#/C 冷/热与 A* 耗时（多轮取最小）。
冷=每次寻路前在小窗口内翻转少量格子(模拟局部更新)+Sync 令受影响行/列失效，再在改后地图上寻路；热=缓存复用。不校验路径（由 JPS.Accuracy 负责）。

列说明：
  map           地图名
  size          地图尺寸（宽 x 高）
  tag           段：rand=随机投点 / scen=场景用例
  pairs         用例对数
  JPSexp/A*exp  平均每次寻路的扩展节点数（JPS / A*）
  cC# / cC      C# / C 版 JPS 冷路径平均耗时（微秒/次）
  wC# / wC      C# / C 版 JPS 热路径平均耗时（微秒/次）
  着色：cC/wC 比同类 C# 快=绿 慢=红；四列(cC#/cC/wC#/wC)比 A* 慢=红（红优先）
  A*us          A* 平均每次寻路耗时（微秒/次）
  A*/cC A*/wC   A*us ÷ C 版冷、热耗时（越大表示 C 版 JPS 相对 A* 越快）

map                                  size   tag   pairs  JPSexp   A*exp      cC#       cC      wC#       wC     A*us   A*/cC   A*/wC
------------------------------------------------------------------------------------------------------------------------------------
bg512-map/AR0011SR                512x512  rand    1000      68   17271   136.92    45.65    19.90    16.01  1991.06    43.6   124.3
bg512-map/AR0011SR                512x512  scen    2180     130   32731   161.95    58.19    29.13    27.93  3919.93    67.4   140.4
bg512-map/AR0012SR                512x512  rand    1000      44    7727    82.30    30.64    14.62    11.81   939.61    30.7    79.6
bg512-map/AR0012SR                512x512  scen    1370      68   12706    84.46    35.58    18.26    16.56  1582.72    44.5    95.6
bg512-map/AR0013SR                512x512  rand    1000      38    4738    66.25    25.32    12.80     9.94   579.80    22.9    58.3
bg512-map/AR0013SR                512x512  scen    1260      66    8648    76.01    33.13    17.41    15.39  1100.30    33.2    71.5
bg512-map/AR0014SR                512x512  rand    1000      30    5139    67.57    23.89    11.01     8.50   630.20    26.4    74.2
bg512-map/AR0014SR                512x512  scen    1290      51    9225    72.75    29.32    14.17    12.43  1158.29    39.5    93.2
bg512-map/AR0015SR                512x512  rand    1000      13    4549    86.39    22.05     9.36     5.98   538.81    24.4    90.2
bg512-map/AR0015SR                512x512  scen    1310      21    9011    89.73    25.17    10.68     7.32  1114.10    44.3   152.1
bg512-map/AR0016SR                512x512  rand    1000      14    4744    76.30    21.32     9.86     6.49   567.16    26.6    87.4
bg512-map/AR0016SR                512x512  scen    1220      18    7090    77.14    23.60    10.61     7.47   872.33    37.0   116.7
bg512-map/AR0017SR                512x512  rand    1000      15    6698    93.10    24.66    11.38     7.18   786.47    31.9   109.5
bg512-map/AR0017SR                512x512  scen    1400      25   13490    96.39    28.57    13.11     9.73  1676.11    58.7   172.3
bg512-map/AR0018SR                512x512  rand    1000      21    5146    99.63    27.57    10.92     7.38   737.93    26.8   100.1
bg512-map/AR0018SR                512x512  scen    1490      59   16192   149.60    42.39    18.71    16.63  2408.47    56.8   144.9
bg512-map/AR0020SR                512x512  rand    1000       8    3097   138.45    23.62    11.68     5.97   447.42    18.9    74.9
bg512-map/AR0020SR                512x512  scen    1320      10    5477   142.17    28.54    12.77     6.97   758.63    26.6   108.9
bg512-map/AR0041SR                512x512  rand    1000       5    3982   211.03    31.85    12.92     6.29   556.04    17.5    88.5
bg512-map/AR0041SR                512x512  scen    1440       6    5676   229.78    35.21    12.41     7.18   723.27    20.5   100.8
bg512-map/AR0042SR                512x512  rand    1000       5    4586   350.36    49.47    22.17     9.38   659.00    13.3    70.2
bg512-map/AR0042SR                512x512  scen    1610       6    7589   375.58    56.15    19.63     8.91   983.67    17.5   110.4
bg512-map/AR0043SR                512x512  rand    1000       5    4011   237.31    34.86    17.29     7.96   545.21    15.6    68.5
bg512-map/AR0043SR                512x512  scen    1390       7    6856   263.34    41.04    16.07     7.67   852.29    20.8   111.1
bg512-map/AR0044SR                512x512  rand    1000       7    5615   442.88    58.60    42.57     9.84   717.89    12.3    72.9
bg512-map/AR0044SR                512x512  scen    1670       9    7867   478.91    74.70    25.62    11.47   978.56    13.1    85.4
bg512-map/AR0045SR                512x512  rand    1000       6    4220   206.71    34.64    16.69     6.17   615.83    17.8    99.9
bg512-map/AR0045SR                512x512  scen    1500      10   10120   223.18    37.48    12.89     7.43  1594.54    42.5   214.6
bg512-map/AR0046SR                512x512  rand    1000       8    4869   215.59    41.27    15.50     8.17   732.28    17.7    89.6
bg512-map/AR0046SR                512x512  scen    1580      10    7625   228.44    39.26    13.80     9.20  1128.74    28.8   122.6
bg512-map/AR0070SR                512x512  rand    1000      56   21138   124.10    44.05    21.06    17.08  2889.31    65.6   169.2
bg512-map/AR0070SR                512x512  scen    2720      72   28169   144.23    49.66    22.11    21.78  4113.35    82.8   188.8
bg512-map/AR0071SR                512x512  rand    1000      63   14636   101.10    42.51    19.92    18.50  2230.60    52.5   120.6
bg512-map/AR0071SR                512x512  scen    1850      73   17470    77.41    34.85    17.41    16.63  2035.06    58.4   122.3
bg512-map/AR0072SR                512x512  rand    1000      33   11703    89.82    27.41    11.98     8.63  1453.01    53.0   168.3
bg512-map/AR0072SR                512x512  scen    2060      47   18023    79.96    26.71    11.12     9.67  1844.97    69.1   190.8
bg512-map/AR0201SR                512x512  rand    1000      16    2843    26.26    11.52     5.66     4.26   310.69    27.0    72.9
bg512-map/AR0201SR                512x512  scen    1380      25    4844    28.05    12.42     7.12     5.47   518.43    41.7    94.9
bg512-map/AR0202SR                512x512  rand    1000     213   17340   117.85    68.20    34.75    43.55  2430.65    35.6    55.8
bg512-map/AR0202SR                512x512  scen    3170     295   23643   101.57    64.96    44.49    44.90  2503.60    38.5    55.8
bg512-map/AR0203SR                512x512  rand    1000       8    4338   146.57    29.57    13.92     6.66   514.98    17.4    77.3
bg512-map/AR0203SR                512x512  scen    1360      12    7993   144.03    31.52    12.53     7.30   960.10    30.5   131.5
bg512-map/AR0204SR                512x512  rand    1000     125   12187    79.17    39.67    23.40    20.76  1387.64    35.0    66.8
bg512-map/AR0204SR                512x512  scen    2210     177   16582    84.20    46.43    28.65    28.11  1839.80    39.6    65.5
bg512-map/AR0205SR                512x512  rand    1000     108    9832    83.99    38.25    20.36    18.85  1190.81    31.1    63.2
bg512-map/AR0205SR                512x512  scen    1900     216   18167   106.78    58.26    35.85    36.10  2759.68    47.4    76.5
bg512-map/AR0206SR                512x512  rand    1000      15    4019    86.25    22.48    12.64     5.59   615.22    27.4   110.1
bg512-map/AR0206SR                512x512  scen    1150      24    7178    95.02    24.93    12.04     8.53  1103.60    44.3   129.4
bg512-map/AR0300SR                512x512  rand    1000     170   11286   119.19    61.33    33.27    33.08  1669.83    27.2    50.5
bg512-map/AR0300SR                512x512  scen    1910     279   17646   143.97    80.68    50.73    46.49  2583.29    32.0    55.6
bg512-map/AR0301SR                512x512  rand    1000      17    6205    90.29    26.75    11.81     8.19   960.62    35.9   117.4
bg512-map/AR0301SR                512x512  scen    1480      28   11978    88.60    31.26    13.76    11.40  1900.93    60.8   166.8
bg512-map/AR0302SR                512x512  rand    1000      18    5936    80.63    24.21    10.86     7.46   899.42    37.1   120.6
bg512-map/AR0302SR                512x512  scen    1300      24    9007    88.68    28.77    12.94     9.95  1439.06    50.0   144.6
bg512-map/AR0303SR                512x512  rand    1000      14    5293    81.93    22.54    10.62     6.60   638.23    28.3    96.6
bg512-map/AR0303SR                512x512  scen    1340      20    8895    80.81    24.09    11.88     8.06  1096.71    45.5   136.1
bg512-map/AR0304SR                512x512  rand    1000      21    6842    67.71    22.66    10.75     7.77   806.97    35.6   103.9
bg512-map/AR0304SR                512x512  scen    1340      28    9649    64.82    23.47    11.63     8.43  1149.77    49.0   136.4
bg512-map/AR0305SR                512x512  rand    1000      26    6311    73.02    23.58    11.11     7.92   739.34    31.4    93.3
bg512-map/AR0305SR                512x512  scen    1430      41   11322    72.97    26.42    13.06    10.47  1307.24    49.5   124.8
bg512-map/AR0306SR                512x512  rand    1000      19    7252    71.32    22.14    10.83     7.17   850.75    38.4   118.7
bg512-map/AR0306SR                512x512  scen    1290      27   11115    74.13    24.19    11.19     8.56  1344.66    55.6   157.0
bg512-map/AR0307SR                512x512  rand    1000     359   14089   102.42    71.61    52.34    51.54  1451.67    20.3    28.2
bg512-map/AR0307SR                512x512  scen    3380     507   19937   120.40    90.20    68.64    69.54  2002.61    22.2    28.8
bg512-map/AR0308SR                512x512  rand    1000      46    7961   114.66    34.85    16.04    12.12   942.81    27.1    77.8
bg512-map/AR0308SR                512x512  scen    1600     109   18185   132.57    49.93    25.46    24.44  2117.29    42.4    86.6
bg512-map/AR0309SR                512x512  rand    1000      43    7800    76.95    31.06    14.08    11.18   991.76    31.9    88.7
bg512-map/AR0309SR                512x512  scen    1620      84   15289   114.09    44.78    25.27    21.88  2373.66    53.0   108.5
bg512-map/AR0310SR                512x512  rand    1000       6    2501   146.93    23.29    11.94     4.87   370.89    15.9    76.1
bg512-map/AR0310SR                512x512  scen    1070       8    4291   158.96    28.43    12.19     5.29   594.45    20.9   112.4
bg512-map/AR0314SR                512x512  rand    1000      10    3324    99.60    24.06    11.54     5.87   504.06    21.0    85.8
bg512-map/AR0314SR                512x512  scen    1170      16    6732    83.91    23.01    11.42     6.72   794.94    34.5   118.2
bg512-map/AR0316SR                512x512  rand    1000      12    3254    77.91    21.54     9.74     5.31   394.66    18.3    74.3
bg512-map/AR0316SR                512x512  scen    1230      21    7349    77.04    22.79    10.89     7.26   851.69    37.4   117.3
bg512-map/AR0317SR                512x512  rand    1000      10    3365    83.55    20.03     9.68     5.48   377.16    18.8    68.8
bg512-map/AR0317SR                512x512  scen    1230      16    7039    88.37    21.73    11.38     6.52   798.47    36.7   122.5
bg512-map/AR0331SR                512x512  rand    1000      14    5654    56.64    17.47     8.12     5.85   618.93    35.4   105.8
bg512-map/AR0331SR                512x512  scen    1290      19    8378    56.14    18.98     9.21     6.98   896.66    47.2   128.4
bg512-map/AR0400SR                512x512  rand    1000     142   21275   126.94    51.95    28.11    24.18  2327.22    44.8    96.2
bg512-map/AR0400SR                512x512  scen    2890     247   35089   145.96    68.70    40.07    38.75  3723.31    54.2    96.1
bg512-map/AR0404SR                512x512  rand    1000     106   11349    68.62    36.95    20.78    19.42  1232.64    33.4    63.5
bg512-map/AR0404SR                512x512  scen    1900     131   14281    69.93    39.64    22.92    22.78  1545.02    39.0    67.8
bg512-map/AR0405SR                512x512  rand    1000      67   16694    97.20    38.67    19.37    16.36  1874.35    48.5   114.6
bg512-map/AR0405SR                512x512  scen    1990      93   24264   102.27    43.23    22.59    21.47  2729.59    63.1   127.2
bg512-map/AR0406SR                512x512  rand    1000     201   13008    92.84    53.70    33.86    33.60  1451.49    27.0    43.2
bg512-map/AR0406SR                512x512  scen    2240     293   18770   103.10    65.19    44.14    44.43  2071.94    31.8    46.6
bg512-map/AR0410SR                512x512  rand    1000       8    2855    77.39    18.49     8.02     4.65   312.23    16.9    67.1
bg512-map/AR0410SR                512x512  scen    1160      11    4976    77.63    18.64     8.87     5.49   542.03    29.1    98.7
bg512-map/AR0411SR                512x512  rand    1000     126   14443    75.77    39.91    23.48    20.85  1536.90    38.5    73.7
bg512-map/AR0411SR                512x512  scen    2430     154   17414    76.58    41.87    26.01    24.85  1833.06    43.8    73.8
bg512-map/AR0412SR                512x512  rand    1000      27    6085    92.04    25.31    13.33     8.53   681.96    26.9    80.0
bg512-map/AR0412SR                512x512  scen    1500      50   11129    96.15    30.66    15.00    11.75  1189.86    38.8   101.2
bg512-map/AR0413SR                512x512  rand    1000      23    3632    28.07    11.91     6.03     4.84   396.68    33.3    81.9
bg512-map/AR0413SR                512x512  scen    1530      34    5882    30.36    13.58     7.34     6.14   633.07    46.6   103.1
bg512-map/AR0414SR                512x512  rand    1000      49    5052    75.52    25.36    13.01    10.19   586.73    23.1    57.6
bg512-map/AR0414SR                512x512  scen    1250     135   11865    97.96    41.03    24.57    23.15  1420.34    34.6    61.3
bg512-map/AR0418SR                512x512  rand    1000       3    1573   111.78    21.69    10.61     5.27   162.40     7.5    30.8
bg512-map/AR0418SR                512x512  scen     850       3    2749   103.67    21.01    12.43     5.27   272.47    13.0    51.7
bg512-map/AR0500SR                512x512  rand    1000     116   10986    86.63    38.89    21.45    18.79  1284.34    33.0    68.3
bg512-map/AR0500SR                512x512  scen    2140     200   18531   100.16    51.20    31.51    30.59  2143.09    41.9    70.1
bg512-map/AR0502SR                512x512  rand    1000      11    4508    83.77    21.57    10.65     6.04   524.53    24.3    86.9
bg512-map/AR0502SR                512x512  scen    1240      15    7591    84.83    22.55    10.19     6.95   902.16    40.0   129.8
bg512-map/AR0503SR                512x512  rand    1000      12    3072    45.29    14.28     6.99     4.72   349.76    24.5    74.1
bg512-map/AR0503SR                512x512  scen    1140      18    5481    47.28    15.89     7.74     5.78   641.45    40.4   111.1
bg512-map/AR0504SR                512x512  rand    1000      52    6862    91.97    32.64    15.26    12.32   811.18    24.9    65.8
bg512-map/AR0504SR                512x512  scen    1330      81   10727    95.03    37.70    20.44    17.77  1317.17    34.9    74.1
bg512-map/AR0505SR                512x512  rand    1000      46    8048    99.51    33.43    15.67    12.14   961.74    28.8    79.2
bg512-map/AR0505SR                512x512  scen    1610     116   19851   125.08    50.11    27.20    25.94  2458.76    49.1    94.8
bg512-map/AR0506SR                512x512  rand    1000      12    4587    73.99    20.19     9.56     5.76   515.33    25.5    89.4
bg512-map/AR0506SR                512x512  scen    1040      14    6161    74.47    20.96     9.84     6.42   723.56    34.5   112.7
bg512-map/AR0509SR                512x512  rand    1000      18    5640    76.61    21.73    10.07     6.87   688.64    31.7   100.2
bg512-map/AR0509SR                512x512  scen    1380      32   11514    83.43    27.49    12.60     9.72  1470.06    53.5   151.3
bg512-map/AR0510SR                512x512  rand    1000      46    6430    88.29    30.22    14.66    12.16   794.12    26.3    65.3
bg512-map/AR0510SR                512x512  scen    1440      69   10357    98.53    37.14    18.27    16.64  1313.35    35.4    78.9
bg512-map/AR0511SR                512x512  rand    1000      24    6432    78.46    24.16    11.22     7.97   767.27    31.8    96.2
bg512-map/AR0511SR                512x512  scen    1370      34    9690    80.52    27.25    12.80    10.15  1182.62    43.4   116.5
bg512-map/AR0513SR                512x512  rand    1000      13    5418   100.20    24.99    12.07     6.76   624.68    25.0    92.4
bg512-map/AR0513SR                512x512  scen    1430      21   11963   111.52    30.26    12.63     8.87  1486.21    49.1   167.6
bg512-map/AR0516SR                512x512  rand    1000      37    5243    48.43    18.60     9.69     7.83   598.77    32.2    76.5
bg512-map/AR0516SR                512x512  scen    1470      54    8044    51.10    22.54    11.70    10.25   947.39    42.0    92.4
bg512-map/AR0517SR                512x512  rand    1000       3    2003   109.18    21.43    10.70     4.82   200.12     9.3    41.5
bg512-map/AR0517SR                512x512  scen     990       4    3625   102.16    20.83    11.63     4.82   358.09    17.2    74.2
bg512-map/AR0526SR                512x512  rand    1000      14    5654    55.98    17.47     7.83     5.96   618.31    35.4   103.7
bg512-map/AR0526SR                512x512  scen    1270      19    8022    58.93    18.89     8.69     7.23   866.80    45.9   119.9
bg512-map/AR0600SR                512x512  rand    1000      34    3171    28.24    12.90     6.56     5.94   349.35    27.1    58.8
bg512-map/AR0600SR                512x512  scen    1470      44    4524    28.74    14.71     7.22     6.68   492.90    33.5    73.8
bg512-map/AR0601SR                512x512  rand    1000      28    4438    42.20    15.68     8.03     6.19   486.21    31.0    78.5
bg512-map/AR0601SR                512x512  scen    1680      42    6913    42.07    16.83     9.10     7.44   715.96    42.5    96.3
bg512-map/AR0602SR                512x512  rand    1000     285   15096   114.55    72.22    47.06    46.80  1649.04    22.8    35.2
bg512-map/AR0602SR                512x512  scen    2460     375   19826   125.95    82.62    58.33    57.80  2120.32    25.7    36.7
bg512-map/AR0603SR                512x512  rand    1000     124   12819    76.29    40.26    23.22    20.69  1397.81    34.7    67.5
bg512-map/AR0603SR                512x512  scen    2930     205   20355    85.25    50.35    32.14    31.62  2144.34    42.6    67.8
bg512-map/AR0604SR                512x512  rand    1000      30   12815   109.31    31.69    14.32     9.43  1456.06    46.0   154.5
bg512-map/AR0604SR                512x512  scen    2310      54   24897   114.72    37.85    16.00    14.05  2731.51    72.2   194.4
bg512-map/AR0605SR                512x512  rand    1000       9    4667   242.08    40.73    20.51     8.16   675.43    16.6    82.8
bg512-map/AR0605SR                512x512  scen    1260      11    6295   251.06    37.71    17.64     7.56   863.53    22.9   114.2
bg512-map/AR0700SR                512x512  rand    1000     236   13179   210.71    91.58    46.07    47.82  1846.49    20.2    38.6
bg512-map/AR0700SR                512x512  scen    1930     423   21858   243.67   146.10    92.56    96.64  3185.43    21.8    33.0
bg512-map/AR0701SR                512x512  rand    1000     108    7396   127.02    46.33    24.98    21.08  1040.89    22.5    49.4
bg512-map/AR0701SR                512x512  scen    1680     178   11686   143.04    66.12    37.33    36.02  1742.97    26.4    48.4
bg512-map/AR0702SR                512x512  rand    1000      26    5149    83.85    28.36    11.92     7.89   747.52    26.4    94.8
bg512-map/AR0702SR                512x512  scen    1290      35    7931    90.79    25.62    12.43    10.26  1187.32    46.3   115.7
bg512-map/AR0704SR                512x512  rand    1000      30    7175    87.30    24.89    13.25    11.42   991.79    39.8    86.8
bg512-map/AR0704SR                512x512  scen    1530      61   15818   117.82    36.90    17.11    15.77  2299.41    62.3   145.8
bg512-map/AR0705SR                512x512  rand    1000      98   17966    83.37    39.92    21.02    19.36  1964.39    49.2   101.5
bg512-map/AR0705SR                512x512  scen    2800     148   27004    92.76    48.09    28.06    28.07  3345.34    69.6   119.2
bg512-map/AR0709SR                512x512  rand    1000      15    4899   130.62    24.29    13.34     7.37   780.89    32.1   106.0
bg512-map/AR0709SR                512x512  scen    1260      20    7474   144.52    29.20    12.90     8.05  1161.40    39.8   144.3
bg512-map/AR0711SR                512x512  rand    1000      40    5834    49.51    17.66    10.05     8.23   856.70    48.5   104.1
bg512-map/AR0711SR                512x512  scen    1900      60    9320    60.33    22.41    12.51    10.60  1337.42    59.7   126.2
bgmaps-map/AR0011SR               216x224  rand    1000      53    3226    61.64    27.64    12.30     9.27   499.39    18.1    53.9
bgmaps-map/AR0011SR               216x224  scen     930     101    5899    85.62    31.59    16.93    16.35   884.63    28.0    54.1
bgmaps-map/AR0012SR               148x139  rand    1000      37     663    22.81    15.35     7.40     6.22   100.30     6.5    16.1
bgmaps-map/AR0012SR               148x139  scen     380      54    1019    25.34    18.64     9.25     8.39   144.80     7.8    17.3
bgmaps-map/AR0013SR               148x144  rand    1000      39     474    20.10    13.63     7.84     6.13    69.41     5.1    11.3
bgmaps-map/AR0013SR               148x144  scen     360      61     756    30.78    17.30    10.18    10.00   117.15     6.8    11.7
bgmaps-map/AR0014SR               148x144  rand    1000      28     472    17.30    11.13     5.78     4.58    66.96     6.0    14.6
bgmaps-map/AR0014SR               148x144  scen     350      40     684    20.72    14.71     8.71     6.30    86.19     5.9    13.7
bgmaps-map/AR0015SR                 88x86  rand    1000      12     168    10.62     6.75     3.21     2.63    20.72     3.1     7.9
bgmaps-map/AR0015SR                 88x86  scen     200      15     222    10.47     6.69     4.13     3.18    26.80     4.0     8.4
bgmaps-map/AR0016SR                 88x86  rand    1000      14     185    10.88     6.98     3.30     2.63    23.20     3.3     8.8
bgmaps-map/AR0016SR                 88x86  scen     220      18     279    12.15     7.91     5.76     3.98    37.98     4.8     9.5
bgmaps-map/AR0017SR                 88x86  rand    1000      15     250    12.86     7.71     3.50     3.21    33.82     4.4    10.5
bgmaps-map/AR0017SR                 88x86  scen     220      20     369    14.48     9.27     4.78     4.05    44.09     4.8    10.9
bgmaps-map/AR0018SR                100x96  rand    1000      17     239    13.04     8.23     3.64     3.08    30.88     3.8    10.0
bgmaps-map/AR0018SR                100x96  scen     250      28     443    17.48    10.70     6.40     4.72    63.42     5.9    13.4
bgmaps-map/AR0020SR                 80x80  rand    1000       8     112    10.44     5.62     2.60     1.85    13.75     2.4     7.4
bgmaps-map/AR0020SR                 80x80  scen     190      10     167    10.69     6.83     3.49     2.74    19.54     2.9     7.1
bgmaps-map/AR0021SR                 60x64  rand    1000      12     126     8.44     6.00     2.71     2.36    16.70     2.8     7.1
bgmaps-map/AR0021SR                 60x64  scen     170      19     209    10.17     9.50     4.08     3.36    26.88     2.8     8.0
bgmaps-map/AR0022SR                 64x64  rand    1000       9     113     8.61     5.79     2.54     1.87    13.99     2.4     7.5
bgmaps-map/AR0022SR                 64x64  scen     150      11     157     9.54     6.31     3.73     2.91    18.27     2.9     6.3
bgmaps-map/AR0041SR                 80x80  rand    1000       5     147    14.30     6.69     2.12     1.82    17.48     2.6     9.6
bgmaps-map/AR0041SR                 80x80  scen     230       6     216    15.04     6.69     3.14     2.52    24.99     3.7     9.9
bgmaps-map/AR0042SR                 80x80  rand    1000       5     155    21.01     6.73     2.52     1.75    18.99     2.8    10.9
bgmaps-map/AR0042SR                 80x80  scen     240       5     237    19.97     7.58     3.64     2.43    26.21     3.5    10.8
bgmaps-map/AR0043SR                 80x80  rand    1000       5     124    15.18     6.42     2.73     1.77    14.58     2.3     8.2
bgmaps-map/AR0043SR                 80x80  scen     210       6     199    14.17     6.38     4.48     2.46    21.32     3.3     8.7
bgmaps-map/AR0044SR                 80x80  rand    1000       6     189    22.70     7.30     3.20     2.16    23.28     3.2    10.8
bgmaps-map/AR0044SR                 80x80  scen     250       8     257    24.91     9.34     5.97     3.10    30.94     3.3    10.0
bgmaps-map/AR0045SR                 80x80  rand    1000       6     144    13.39     5.68     2.29     1.72    20.79     3.7    12.1
bgmaps-map/AR0045SR                 80x80  scen     210       7     230    15.82     7.17     3.47     2.72    27.78     3.9    10.2
bgmaps-map/AR0046SR                 80x80  rand    1000       8     169    15.56     6.85     2.82     2.06    22.71     3.3    11.0
bgmaps-map/AR0046SR                 80x80  scen     240       9     237    15.96     7.50     3.97     2.89    29.05     3.9    10.1
bgmaps-map/AR0069SR               100x112  rand    1000      15     235    13.60     7.41     3.50     3.05    29.52     4.0     9.7
bgmaps-map/AR0069SR               100x112  scen     220      22     388    16.53     9.54     5.94     4.41    46.20     4.8    10.5
bgmaps-map/AR0070SR               124x134  rand    1000      46    1423    31.14    15.86     7.59     6.52   192.94    12.2    29.6
bgmaps-map/AR0070SR               124x134  scen     680      57    1791    36.46    17.51     8.04     6.98   220.84    12.6    31.6
bgmaps-map/AR0071SR               140x150  rand    1000      43    1175    24.20    15.45     7.17     6.16   164.50    10.7    26.7
bgmaps-map/AR0071SR               140x150  scen     510      48    1331    22.96    15.92     7.57     7.64   177.64    11.2    23.2
bgmaps-map/AR0072SR               160x160  rand    1000      31    1192    24.39    11.47     5.64     4.45   164.97    14.4    37.1
bgmaps-map/AR0072SR               160x160  scen     630      42    1774    31.80    14.60     6.69     5.49   231.39    15.8    42.2
bgmaps-map/AR0082SR                 52x54  rand    1000       5      21     3.93     3.29     1.50     1.21     3.68     1.1     3.0
bgmaps-map/AR0082SR                 52x54  scen      60       6      26     5.11     4.31     2.99     2.20     4.74     1.1     2.2
bgmaps-map/AR0201SR               140x166  rand    1000      14     283     9.76     6.94     3.11     2.61    39.50     5.7    15.1
bgmaps-map/AR0201SR               140x166  scen     380      20     410    11.67     6.87     3.65     3.01    45.18     6.6    15.0
bgmaps-map/AR0202SR               244x208  rand    1000     153    3442    54.16    35.08    24.24    19.36   464.82    13.2    24.0
bgmaps-map/AR0202SR               244x208  scen    1450     216    4743    65.02    44.43    27.55    27.03   585.20    13.2    21.7
bgmaps-map/AR0203SR                 76x75  rand    1000       8     129    13.49     5.82     2.41     1.80    17.70     3.0     9.8
bgmaps-map/AR0203SR                 76x75  scen     190      11     202    13.75     6.60     3.63     2.60    23.15     3.5     8.9
bgmaps-map/AR0204SR               260x294  rand    1000     100    3566    55.32    28.68    16.53    15.05   527.35    18.4    35.0
bgmaps-map/AR0204SR               260x294  scen    1160     136    4782    52.31    35.11    22.20    19.99   662.18    18.9    33.1
bgmaps-map/AR0205SR               212x214  rand    1000      96    1700    42.90    25.04    14.50    12.66   253.03    10.1    20.0
bgmaps-map/AR0205SR               212x214  scen     740     171    2853    61.53    41.55    22.52    21.68   418.32    10.1    19.3
bgmaps-map/AR0206SR               104x128  rand    1000      12     241    12.94     6.52     3.33     2.74    28.94     4.4    10.6
bgmaps-map/AR0206SR               104x128  scen     260      19     404    14.14     8.43     4.95     3.95    47.12     5.6    11.9
bgmaps-map/AR0300SR               320x320  rand    1000     157    4409    60.22    36.46    22.19    20.35   491.42    13.5    24.2
bgmaps-map/AR0300SR               320x320  scen    1200     259    6954    74.91    48.69    34.70    32.10   775.08    15.9    24.1
bgmaps-map/AR0301SR                 92x86  rand    1000      15     228    10.62     6.85     3.32     2.62    27.22     4.0    10.4
bgmaps-map/AR0301SR                 92x86  scen     220      20     313    12.74     7.83     4.62     3.62    35.89     4.6     9.9
bgmaps-map/AR0302SR                 80x86  rand    1000      15     184     9.71     6.25     3.28     2.69    21.38     3.4     8.0
bgmaps-map/AR0302SR                 80x86  scen     190      17     226    11.56     8.55     4.74     3.53    25.86     3.0     7.3
bgmaps-map/AR0303SR                 80x86  rand    1000      12     166     9.75     6.32     3.08     2.54    19.78     3.1     7.8
bgmaps-map/AR0303SR                 80x86  scen     180      14     208    10.33     6.67     4.41     3.17    24.18     3.6     7.6
bgmaps-map/AR0304SR                 80x86  rand    1000      16     206     9.63     6.75     3.63     3.06    23.14     3.4     7.6
bgmaps-map/AR0304SR                 80x86  scen     200      17     237    10.03     7.06     4.29     3.38    26.23     3.7     7.8
bgmaps-map/AR0305SR                104x91  rand    1000      23     293    12.11     8.10     4.22     3.47    34.27     4.2     9.9
bgmaps-map/AR0305SR                104x91  scen     250      29     378    13.74     8.87     5.19     4.33    41.47     4.7     9.6
bgmaps-map/AR0306SR                 84x91  rand    1000      16     230    10.61     6.79     3.41     2.68    27.98     4.1    10.4
bgmaps-map/AR0306SR                 84x91  scen     220      24     353    12.80     8.12     5.18     4.07    39.68     4.9     9.8
bgmaps-map/AR0307SR               320x267  rand    1000     291    4614    67.03    51.75    38.10    35.82   460.92     8.9    12.9
bgmaps-map/AR0307SR               320x267  scen    1650     356    5628    71.48    57.64    43.90    41.30   547.27     9.5    13.3
bgmaps-map/AR0308SR               112x118  rand    1000      30     415    18.07    10.84     5.74     4.99    48.40     4.5     9.7
bgmaps-map/AR0308SR               112x118  scen     340      64     917    28.51    17.10    10.18     9.30   100.41     5.9    10.8
bgmaps-map/AR0309SR               120x118  rand    1000      40     477    17.40    12.14     6.57     5.78    55.72     4.6     9.6
bgmaps-map/AR0309SR               120x118  scen     350      64     753    22.68    16.22     9.32     8.55    83.52     5.1     9.8
bgmaps-map/AR0310SR                 80x80  rand    1000       6      94     9.96     4.83     2.22     1.55    10.91     2.3     7.0
bgmaps-map/AR0310SR                 80x80  scen     160       7     138     9.97     5.40     3.33     2.21    15.60     2.9     7.0
bgmaps-map/AR0311SR                 52x54  rand    1000       6      36     5.50     4.12     1.79     1.49     4.83     1.2     3.2
bgmaps-map/AR0311SR                 52x54  scen      90       7      46     6.14     4.47     2.63     2.08     6.33     1.4     3.0
bgmaps-map/AR0312SR                 52x54  rand    1000       6      47     5.74     4.11     1.75     1.46     6.10     1.5     4.2
bgmaps-map/AR0312SR                 52x54  scen     100       7      55     6.00     4.37     2.60     1.97     7.15     1.6     3.6
bgmaps-map/AR0313SR                 60x64  rand    1000      12     126     8.03     5.58     2.65     2.12    14.74     2.6     6.9
bgmaps-map/AR0313SR                 60x64  scen     160      16     188     9.59     6.64     3.72     2.95    21.53     3.2     7.3
bgmaps-map/AR0314SR                 64x70  rand    1000       9      79     7.29     4.66     2.35     1.79     9.49     2.0     5.3
bgmaps-map/AR0314SR                 64x70  scen     140      11     120     8.33     5.81     3.53     2.66    14.15     2.4     5.3
bgmaps-map/AR0315SR                 52x54  rand    1000       5      48     5.67     4.05     1.65     1.34     6.02     1.5     4.5
bgmaps-map/AR0315SR                 52x54  scen     100       6      69     5.78     4.47     2.26     1.84     8.14     1.8     4.4
bgmaps-map/AR0316SR                 64x70  rand    1000      10      76     7.00     4.90     2.42     1.95     9.45     1.9     4.8
bgmaps-map/AR0316SR                 64x70  scen     130      12      91     7.77     5.65     3.70     2.84    11.22     2.0     4.0
bgmaps-map/AR0317SR                 64x70  rand    1000       9      82     7.25     5.04     2.33     1.85    10.25     2.0     5.5
bgmaps-map/AR0317SR                 64x70  scen     140      11     108     8.87     5.97     3.97     3.11    13.40     2.2     4.3
bgmaps-map/AR0318SR                 60x64  rand    1000      14     210    10.56     6.57     3.18     2.20    23.23     3.5    10.5
bgmaps-map/AR0318SR                 60x64  scen     220      21     325    12.34     7.99     4.05     3.13    32.98     4.1    10.5
bgmaps-map/AR0319SR                 52x54  rand    1000       7      56     6.59     4.50     2.05     1.81     6.93     1.5     3.8
bgmaps-map/AR0319SR                 52x54  scen     120      10      88     7.90     5.71     3.83     3.00    11.20     2.0     3.7
bgmaps-map/AR0325SR                 52x54  rand    1000       5      57     6.92     4.45     2.04     1.78     7.44     1.7     4.2
bgmaps-map/AR0325SR                 52x54  scen     110       6      80     7.99     5.45     2.99     2.28    10.22     1.9     4.5
bgmaps-map/AR0330SR                 56x54  rand    1000       8      69     6.82     5.01     2.05     1.62     8.59     1.7     5.3
bgmaps-map/AR0330SR                 56x54  scen     110       9      84     7.08     5.07     3.45     2.63    11.04     2.2     4.2
bgmaps-map/AR0331SR                 72x80  rand    1000       9     154     7.56     5.38     2.38     1.87    17.14     3.2     9.1
bgmaps-map/AR0331SR                 72x80  scen     160      10     161     7.28     5.27     2.86     2.19    17.66     3.4     8.1
bgmaps-map/AR0332SR                 56x59  rand    1000       6      63     7.21     4.86     1.94     1.54     8.48     1.7     5.5
bgmaps-map/AR0332SR                 56x59  scen     130       8     101     8.46     5.32     3.02     2.34    12.26     2.3     5.2
bgmaps-map/AR0334SR                 60x64  rand    1000       7      70     7.50     4.80     2.09     1.66     8.93     1.9     5.4
bgmaps-map/AR0334SR                 60x64  scen     130       8      89     8.31     5.26     3.37     2.39    11.05     2.1     4.6
bgmaps-map/AR0335SR                 52x54  rand    1000       6      47     5.81     4.20     1.81     1.51     6.23     1.5     4.1
bgmaps-map/AR0335SR                 52x54  scen      90       6      53     5.99     4.55     2.81     2.06     7.17     1.6     3.5
bgmaps-map/AR0400SR               240x256  rand    1000     118    4817    59.55    32.49    17.47    15.47   513.02    15.8    33.2
bgmaps-map/AR0400SR               240x256  scen    1350     205    7993    74.58    43.49    26.70    25.32   843.38    19.4    33.3
bgmaps-map/AR0401SR                 52x59  rand    1000      11     179     9.24     6.16     2.68     2.29    20.08     3.3     8.8
bgmaps-map/AR0401SR                 52x59  scen     150      12     205    11.66     6.71     4.11     4.05    22.10     3.3     5.5
bgmaps-map/AR0402SR                 56x59  rand    1000      11     110     7.66     5.11     2.45     1.86    12.78     2.5     6.9
bgmaps-map/AR0402SR                 56x59  scen     150      13     137     8.74     6.33     3.50     2.68    15.98     2.5     6.0
bgmaps-map/AR0403SR                 56x59  rand    1000      10     104     8.15     5.28     2.77     2.16    12.42     2.4     5.8
bgmaps-map/AR0403SR                 56x59  scen     140      11     125     8.46     5.55     3.68     2.69    15.06     2.7     5.6
bgmaps-map/AR0404SR               204x251  rand    1000      59    2205    32.46    19.20    10.35     9.18   234.55    12.2    25.5
bgmaps-map/AR0404SR               204x251  scen     830      72    2758    33.50    21.59    12.48    11.25   289.73    13.4    25.8
bgmaps-map/AR0405SR               176x176  rand    1000      64    2137    34.63    18.89    10.22     8.57   231.45    12.3    27.0
bgmaps-map/AR0405SR               176x176  scen     680      82    2861    36.19    22.65    12.32    10.55   303.36    13.4    28.8
bgmaps-map/AR0406SR               244x192  rand    1000     119    2131    39.42    28.20    16.32    15.24   227.04     8.1    14.9
bgmaps-map/AR0406SR               244x192  scen     890     178    3153    45.72    35.70    23.61    22.02   332.02     9.3    15.1
bgmaps-map/AR0407SR                 52x54  rand    1000       6      36     5.57     4.05     1.90     1.50     5.12     1.3     3.4
bgmaps-map/AR0407SR                 52x54  scen      80       6      40     6.04     4.39     3.13     2.63     6.11     1.4     2.3
bgmaps-map/AR0408SR                 50x50  rand    1000       6      31     5.30     4.17     2.02     1.48     4.53     1.1     3.1
bgmaps-map/AR0408SR                 50x50  scen      80       7      44     5.83     4.47     3.06     2.38     6.55     1.5     2.7
bgmaps-map/AR0409SR                 52x54  rand    1000       6      36     6.17     4.32     2.21     1.86     5.61     1.3     3.0
bgmaps-map/AR0409SR                 52x54  scen      80       6      41     5.98     4.58     3.10     2.70     6.16     1.3     2.3
bgmaps-map/AR0410SR                 92x96  rand    1000       8     133     9.82     5.37     2.58     2.06    15.32     2.9     7.5
bgmaps-map/AR0410SR                 92x96  scen     190       9     173    11.31     5.69     3.32     2.57    19.06     3.3     7.4
bgmaps-map/AR0411SR               232x272  rand    1000     120    3616    44.26    28.01    16.44    14.41   374.66    13.4    26.0
bgmaps-map/AR0411SR               232x272  scen    1150     136    4069    43.34    28.75    17.90    16.26   421.92    14.7    25.9
bgmaps-map/AR0412SR               160x160  rand    1000      24     629    22.06    10.51     5.38     4.30    71.35     6.8    16.6
bgmaps-map/AR0412SR               160x160  scen     460      42    1106    26.57    13.50     7.51     6.21   115.68     8.6    18.6
bgmaps-map/AR0413SR               108x118  rand    1000      23     208     7.90     5.92     3.31     2.70    22.72     3.8     8.4
bgmaps-map/AR0413SR               108x118  scen     300      27     263     8.63     6.40     3.81     3.20    28.41     4.4     8.9
bgmaps-map/AR0414SR               280x320  rand    1000      47    1925    42.61    17.71     9.36     7.70   219.81    12.4    28.5
bgmaps-map/AR0414SR               280x320  scen     730      99    3666    54.34    26.21    16.46    14.46   426.80    16.3    29.5
bgmaps-map/AR0415SR                 52x54  rand    1000       6      36     5.38     4.03     1.84     1.45     5.05     1.3     3.5
bgmaps-map/AR0415SR                 52x54  scen      90       7      46     6.21     4.36     2.77     2.13     6.12     1.4     2.9
bgmaps-map/AR0416SR                 52x54  rand    1000       6      49     5.78     4.03     1.68     1.40     6.17     1.5     4.4
bgmaps-map/AR0416SR                 52x54  scen     100       6      59     5.94     4.14     2.37     1.88     7.37     1.8     3.9
bgmaps-map/AR0417SR                 52x54  rand    1000       8      63     6.24     4.60     2.18     1.76     7.98     1.7     4.5
bgmaps-map/AR0417SR                 52x54  scen     100       8      64     6.48     4.61     3.15     2.38     8.38     1.8     3.5
bgmaps-map/AR0418SR                 84x75  rand    1000       3      65     9.28     4.74     1.89     1.36     7.65     1.6     5.6
bgmaps-map/AR0418SR                 84x75  scen     120       3      87     9.15     5.00     3.51     2.07    10.23     2.0     4.9
bgmaps-map/AR0420SR                 60x64  rand    1000       4      43     6.43     4.01     1.59     1.40     5.79     1.4     4.1
bgmaps-map/AR0420SR                 60x64  scen      90       5      49     6.39     4.11     2.44     1.85     6.49     1.6     3.5
bgmaps-map/AR0500SR               320x320  rand    1000      97    4162    73.35    37.92    21.71    19.25   651.70    17.2    33.9
bgmaps-map/AR0500SR               320x320  scen    1320     171    7170    90.02    51.48    33.97    31.13  1082.26    21.0    34.8
bgmaps-map/AR0501SR                 56x54  rand    1000       8      69     6.31     4.59     2.28     1.65    10.56     2.3     6.4
bgmaps-map/AR0501SR                 56x54  scen     100       7      66     6.29     4.83     3.14     2.39     8.41     1.7     3.5
bgmaps-map/AR0502SR                 56x70  rand    1000       9      92     7.53     4.97     2.49     2.06    13.48     2.7     6.5
bgmaps-map/AR0502SR                 56x70  scen     140      12     120     9.38     6.30     3.98     3.16    15.16     2.4     4.8
bgmaps-map/AR0503SR                 68x75  rand    1000      12      86     7.60     5.38     2.67     2.44    13.46     2.5     5.5
bgmaps-map/AR0503SR                 68x75  scen     150      16     125     8.70     6.10     4.21     3.09    15.23     2.5     4.9
bgmaps-map/AR0504SR               160x160  rand    1000      46     738    35.87    20.86     8.90     7.65   113.73     5.5    14.9
bgmaps-map/AR0504SR               160x160  scen     400      62    1018    41.14    20.91    13.30    11.73   164.97     7.9    14.1
bgmaps-map/AR0505SR               160x160  rand    1000      45     937    41.06    21.07     8.92     7.52   145.98     6.9    19.4
bgmaps-map/AR0505SR               160x160  scen     490      89    1877    56.06    30.78    18.64    14.98   286.92     9.3    19.2
bgmaps-map/AR0506SR                 68x70  rand    1000      11     104     8.75     5.75     2.91     2.14    16.20     2.8     7.6
bgmaps-map/AR0506SR                 68x70  scen     140      14     146     9.02     6.34     4.07     3.05    17.57     2.8     5.8
bgmaps-map/AR0507SR                 52x54  rand    1000       5      57     7.08     4.93     1.68     1.55     7.66     1.6     5.0
bgmaps-map/AR0507SR                 52x54  scen      90       5      51     6.87     4.73     3.55     2.31     7.77     1.6     3.4
bgmaps-map/AR0508SR                 52x54  rand    1000       6      49     6.55     4.24     1.74     1.43     6.33     1.5     4.4
bgmaps-map/AR0508SR                 52x54  scen     100       7      68     9.97     4.94     2.81     3.00    12.12     2.5     4.0
bgmaps-map/AR0509SR                 72x75  rand    1000      18     153    11.75     7.09     4.09     3.31    24.11     3.4     7.3
bgmaps-map/AR0509SR                 72x75  scen     170      23     198    11.37     7.79     5.26     3.97    25.06     3.2     6.3
bgmaps-map/AR0510SR               128x118  rand    1000      39     425    25.30    16.33     8.16     6.48    68.01     4.2    10.5
bgmaps-map/AR0510SR               128x118  scen     360      58     688    32.74    21.00    12.05    10.39   103.00     4.9     9.9
bgmaps-map/AR0511SR               108x112  rand    1000      20     321    18.53     8.86     4.72     3.50    49.78     5.6    14.2
bgmaps-map/AR0511SR               108x112  scen     290      26     446    20.94    10.99     6.22     5.17    60.82     5.5    11.8
bgmaps-map/AR0512SR                 56x54  rand    1000       5      48     6.58     4.43     1.68     1.44     6.18     1.4     4.3
bgmaps-map/AR0512SR                 56x54  scen      90       5      51     6.55     4.30     3.23     2.23     7.13     1.7     3.2
bgmaps-map/AR0513SR                 80x80  rand    1000      11     164    13.86     6.88     3.40     2.71    25.76     3.7     9.5
bgmaps-map/AR0513SR                 80x80  scen     200      15     244    12.78     6.92     4.57     3.15    28.14     4.1     8.9
bgmaps-map/AR0514SR                 64x64  rand    1000      10     118     9.53     6.02     2.86     2.27    18.28     3.0     8.1
bgmaps-map/AR0514SR                 64x64  scen     140      11     128     8.28     6.10     3.78     3.22    19.11     3.1     5.9
bgmaps-map/AR0515SR                 64x64  rand    1000      10     118     9.41     5.66     2.67     2.20    18.02     3.2     8.2
bgmaps-map/AR0515SR                 64x64  scen     140      11     136     8.69     6.20     3.90     2.92    16.29     2.6     5.6
bgmaps-map/AR0516SR               244x187  rand    1000      36     983    23.77    15.06     6.87     5.22   149.43     9.9    28.6
bgmaps-map/AR0516SR               244x187  scen     650      53    1551    31.38    18.98    10.14     7.33   246.49    13.0    33.6
bgmaps-map/AR0517SR                 52x80  rand    1000       3      53     8.00     4.27     1.69     1.43     6.77     1.6     4.7
bgmaps-map/AR0517SR                 52x80  scen      90       3      51     7.70     4.39     2.92     2.12     6.67     1.5     3.1
bgmaps-map/AR0526SR                 72x80  rand    1000       9     154     9.68     5.37     2.84     2.07    21.64     4.0    10.4
bgmaps-map/AR0526SR                 72x80  scen     160      10     157     9.24     5.64     2.97     2.41    17.24     3.1     7.2
bgmaps-map/AR0527SR                 52x54  rand    1000       5      48     5.64     4.12     1.82     1.47     6.47     1.6     4.4
bgmaps-map/AR0527SR                 52x54  scen      90       6      54     6.16     4.49     3.10     2.27     7.34     1.6     3.2
bgmaps-map/AR0528SR                 52x54  rand    1000       6      47     6.35     4.17     1.88     1.43     6.04     1.4     4.2
bgmaps-map/AR0528SR                 52x54  scen     100       7      60     6.29     4.72     2.81     2.32     8.79     1.9     3.8
bgmaps-map/AR0529SR                 60x64  rand    1000      10     100     7.89     5.28     2.44     1.91    14.45     2.7     7.6
bgmaps-map/AR0529SR                 60x64  scen     150      13     152     9.37     6.38     3.67     3.15    19.46     3.1     6.2
bgmaps-map/AR0530SR                 60x64  rand    1000      14     210    13.68     6.69     2.98     2.34    29.38     4.4    12.6
bgmaps-map/AR0530SR                 60x64  scen     200      19     284    12.36     7.25     4.42     3.01    28.68     4.0     9.5
bgmaps-map/AR0531SR                 52x54  rand    1000       5      51     6.57     4.20     1.65     1.37     6.54     1.6     4.8
bgmaps-map/AR0531SR                 52x54  scen     110       6      73     8.02     5.30     3.33     2.61     9.64     1.8     3.7
bgmaps-map/AR0600SR               192x214  rand    1000      32     550    18.29     8.18     4.97     3.72    80.09     9.8    21.5
bgmaps-map/AR0600SR               192x214  scen     590      43     746    17.67    11.50     6.08     4.76   104.59     9.1    22.0
bgmaps-map/AR0601SR               160x160  rand    1000      24     452    18.40     7.68     3.94     3.28    65.03     8.5    19.9
bgmaps-map/AR0601SR               160x160  scen     490      34     640    20.17     9.29     5.20     4.21    88.66     9.5    21.1
bgmaps-map/AR0602SR               308x299  rand    1000     236    5358   103.96    69.50    48.99    43.12   745.98    10.7    17.3
bgmaps-map/AR0602SR               308x299  scen    1370     285    6399   114.33    76.35    56.20    51.23   860.64    11.3    16.8
bgmaps-map/AR0603SR               236x267  rand    1000     100    3201    57.26    35.35    20.18    18.94   451.66    12.8    23.8
bgmaps-map/AR0603SR               236x267  scen    1400     149    4613    66.34    45.07    27.30    25.74   635.68    14.1    24.7
bgmaps-map/AR0604SR                92x102  rand    1000      25     485    20.23    10.86     4.41     3.57    71.41     6.6    20.0
bgmaps-map/AR0604SR                92x102  scen     410      41     856    26.28    12.48     7.07     5.42   108.62     8.7    20.1
bgmaps-map/AR0605SR                 80x86  rand    1000       8     154    16.63     7.57     2.98     2.28    22.88     3.0    10.0
bgmaps-map/AR0605SR                 80x86  scen     190       9     192    20.07     6.84     5.32     3.52    23.17     3.4     6.6
bgmaps-map/AR0606SR                 56x59  rand    1000       3      61    11.62     5.07     2.18     1.59     7.54     1.5     4.8
bgmaps-map/AR0606SR                 56x59  scen     110       4      71    10.33     5.43     3.61     2.44     9.21     1.7     3.8
bgmaps-map/AR0607SR                 60x54  rand    1000      11      85    11.55     5.32     3.22     2.51    12.99     2.4     5.2
bgmaps-map/AR0607SR                 60x54  scen     130      13     100    10.87     6.68     5.99     3.43    12.80     1.9     3.7
bgmaps-map/AR0700SR               320x320  rand    1000     193    4914   127.43    70.34    41.46    38.22   725.73    10.3    19.0
bgmaps-map/AR0700SR               320x320  scen    1300     427    9817   183.97   119.16    83.68    83.15  1415.32    11.9    17.0
bgmaps-map/AR0701SR               204x235  rand    1000      80    1381    51.40    31.32    16.04    15.31   214.00     6.8    14.0
bgmaps-map/AR0701SR               204x235  scen     700     125    2129    63.24    41.12    27.37    23.54   305.86     7.4    13.0
bgmaps-map/AR0702SR                 80x86  rand    1000      24     173    13.30     7.56     4.36     4.00    25.52     3.4     6.4
bgmaps-map/AR0702SR                 80x86  scen     190      27     196    11.59     7.93     5.30     4.21    22.90     2.9     5.4
bgmaps-map/AR0703SR                 50x50  rand    1000       6      31     5.33     4.05     1.54     1.52     4.76     1.2     3.1
bgmaps-map/AR0703SR                 50x50  scen      80       8      47     6.25     4.69     3.04     2.53     6.67     1.4     2.6
bgmaps-map/AR0704SR                 80x80  rand    1000      26     217    15.99     8.34     4.96     4.03    34.79     4.2     8.6
bgmaps-map/AR0704SR                 80x80  scen     240      48     416    20.28    14.20     8.05     7.38    53.80     3.8     7.3
bgmaps-map/AR0705SR                100x86  rand    1000      73     580    28.65    19.54    10.09     7.87    79.40     4.1    10.1
bgmaps-map/AR0705SR                100x86  scen     460      98     787    33.89    22.78    15.86    11.87   106.23     4.7     8.9
bgmaps-map/AR0706SR                 60x64  rand    1000       7      70     7.40     4.80     2.34     1.54     8.65     1.8     5.6
bgmaps-map/AR0706SR                 60x64  scen     140       9     100     8.98     5.89     3.18     3.00    15.31     2.6     5.1
bgmaps-map/AR0707SR                 56x59  rand    1000       7      63     7.64     5.18     2.46     1.54     8.23     1.6     5.3
bgmaps-map/AR0707SR                 56x59  scen     120       8      79     8.19     5.84     3.83     2.60    10.29     1.8     4.0
bgmaps-map/AR0708SR                 52x54  rand    1000       5      51     6.44     4.72     2.16     1.37     6.86     1.5     5.0
bgmaps-map/AR0708SR                 52x54  scen     100       5      57     6.72     4.67     3.27     2.26     7.51     1.6     3.3
bgmaps-map/AR0709SR                 80x80  rand    1000      14     166    15.19     7.67     4.56     2.86    26.20     3.4     9.2
bgmaps-map/AR0709SR                 80x80  scen     190      16     200    12.01     8.99     5.17     3.58    28.44     3.2     7.9
bgmaps-map/AR0710SR                 52x54  rand    1000       5      45     5.70     4.31     1.72     1.61     6.43     1.5     4.0
bgmaps-map/AR0710SR                 52x54  scen     100       6      61     6.03     4.52     2.69     2.13     7.92     1.7     3.7
bgmaps-map/AR0711SR               200x118  rand    1000      34     576    18.12    12.57     5.48     4.73    82.67     6.6    17.5
bgmaps-map/AR0711SR               200x118  scen     580      46     809    20.59    11.93     6.44     5.54   119.36    10.0    21.6
bgmaps-map/AR0712SR                 64x64  rand    1000       9     113     9.83     5.68     2.64     2.00    16.78     3.0     8.4
bgmaps-map/AR0712SR                 64x64  scen     150      11     150     9.77     6.39     3.63     2.77    17.70     2.8     6.4
bgmaps-map/AR0713SR                 60x64  rand    1000      10     100     7.54     5.32     2.45     2.00    15.09     2.8     7.5
bgmaps-map/AR0713SR                 60x64  scen     140      12     138     8.23     6.04     3.75     2.97    16.49     2.7     5.5
da2-map/ca_cave                   183x277  rand    1000      26     828    26.64    12.96     6.06     4.88   131.92    10.2    27.1
da2-map/ca_cave                   183x277  scen     580      40    1368    30.76    13.97     8.63     5.96   217.63    15.6    36.5
da2-map/ca_cavern1_haunted        324x597  rand    1000     198    5753    70.02    47.36    35.36    29.93   777.55    16.4    26.0
da2-map/ca_cavern1_haunted        324x597  scen    2180     266    7799    83.06    58.20    46.94    41.50  1015.70    17.5    24.5
da2-map/ca_caverns1               324x596  rand    1000     200    5845    72.48    48.29    38.00    32.02   758.03    15.7    23.7
da2-map/ca_caverns1               324x596  scen    2200     269    7902    84.63    59.84    46.39    43.64  1036.86    17.3    23.8
da2-map/ca_caverns1_mines         324x597  rand    1000     201    5851    70.12    48.49    35.33    33.70   738.27    15.2    21.9
da2-map/ca_caverns1_mines         324x597  scen    2190     266    7823    82.42    60.23    47.51    43.14   995.56    16.5    23.1
da2-map/ca_caverns2               389x467  rand    1000     149    3315    54.12    37.39    29.11    25.11   476.78    12.8    19.0
da2-map/ca_caverns2               389x467  scen    1450     207    4723    64.78    47.28    38.58    33.24   660.17    14.0    19.9
da2-map/ca_caverns2prc            389x467  rand    1000     108    3216    44.29    27.88    20.59    18.00   479.21    17.2    26.6
da2-map/ca_caverns2prc            389x467  scen    1470     156    4599    55.43    32.39    25.29    22.99   665.30    20.5    28.9
da2-map/dr_0_deeproads            560x733  rand    1000     260   16982   113.27    68.94    54.19    49.87  2246.79    32.6    45.1
da2-map/dr_0_deeproads            560x733  scen    3590     351   23115   131.45    86.56    69.95    62.49  2837.30    32.8    45.4
da2-map/dr_dungeon                314x261  rand    1000      51    2317    32.26    17.13     9.65     8.22   265.96    15.5    32.4
da2-map/dr_dungeon                314x261  scen     960      75    3493    36.02    20.97    13.02    10.83   401.73    19.2    37.1
da2-map/dr_primevalentrance       315x221  rand    1000      39    1492    20.73    12.39     6.55     6.34   163.93    13.2    25.8
da2-map/dr_primevalentrance       315x221  scen     860      59    2352    24.62    14.79     8.93     8.12   258.04    17.4    31.8
da2-map/dr_primevaltomb           722x657  rand    1000     132    5840    38.10    27.03    19.37    17.94   619.78    22.9    34.6
da2-map/dr_primevaltomb           722x657  scen    2290     184    8083    44.45    32.75    26.00    23.58   866.37    26.5    36.7
da2-map/dr_slavers                315x260  rand    1000      54    2334    34.69    16.80     9.75     8.34   264.05    15.7    31.6
da2-map/dr_slavers                315x260  scen     910      71    3225    35.49    19.68    12.46    10.47   369.76    18.8    35.3
da2-map/ht_0_hightown             514x514  rand    1000     142    5816    65.07    36.37    23.97    22.48   669.05    18.4    29.8
da2-map/ht_0_hightown             514x514  scen    1400     212    8836    73.94    45.74    33.52    31.89  1004.71    22.0    31.5
da2-map/ht_0_hightown_a2          514x514  rand    1000     143    5913    67.99    38.50    24.58    22.57   678.57    17.6    30.1
da2-map/ht_0_hightown_a2          514x514  scen    1370     206    8581    98.86    53.02    41.53    32.19  1357.97    25.6    42.2
da2-map/ht_0_hightown_a3          514x514  rand    1000     144    5924    91.86    41.11    29.09    26.03   897.76    21.8    34.5
da2-map/ht_0_hightown_a3          514x514  scen    1360     206    8500    94.01    45.06    39.68    34.96  1135.78    25.2    32.5
da2-map/ht_0_hightown_n           514x514  rand    1000     142    5939    82.75    42.26    24.59    23.85   831.97    19.7    34.9
da2-map/ht_0_hightown_n           514x514  scen    1400     207    8801    85.87    53.33    38.65    33.08  1191.84    22.3    36.0
da2-map/ht_bartrand_n             133x270  rand    1000      46    1224    28.99    14.56     8.09     6.93   181.96    12.5    26.3
da2-map/ht_bartrand_n             133x270  scen     570      72    1973    32.16    17.22    11.30     9.19   261.85    15.2    28.5
da2-map/ht_brothel_n              133x270  rand    1000      58    1137    28.49    16.68     9.29     8.51   153.29     9.2    18.0
da2-map/ht_brothel_n              133x270  scen     530      76    1557    38.01    17.24    11.74     9.70   220.85    12.8    22.8
da2-map/ht_chantry                162x141  rand    1000      44    1230    31.69    15.36     8.14     7.10   182.72    11.9    25.7
da2-map/ht_chantry                162x141  scen     460      56    1558    32.89    16.90     9.95    10.25   236.15    14.0    23.0
da2-map/ht_chantry_n              162x141  rand    1000      43    1212    29.42    14.47     7.62     6.96   174.69    12.1    25.1
da2-map/ht_chantry_n              162x141  scen     450      54    1502    31.12    16.04    10.00     8.79   203.37    12.7    23.1
da2-map/ht_keep                   281x357  rand    1000      39    1838    28.90    15.44     8.76     6.72   292.38    18.9    43.5
da2-map/ht_keep                   281x357  scen     770      50    2451    30.47    15.21     9.47     7.90   352.83    23.2    44.6
da2-map/ht_keep_n                 281x357  rand    1000      39    1823    31.14    14.80     8.13     6.71   284.37    19.2    42.4
da2-map/ht_keep_n                 281x357  scen     800      53    2662    29.51    15.99    10.52     8.11   384.80    24.1    47.4
da2-map/ht_mansion2               358x308  rand    1000     132    3241    44.95    30.37    19.31    18.97   484.10    15.9    25.5
da2-map/ht_mansion2               358x308  scen    1040     179    4389    53.56    33.54    25.75    22.96   576.76    17.2    25.1
da2-map/ht_mansion2b              358x308  rand    1000     136    3581    51.79    33.43    21.54    19.50   539.67    16.1    27.7
da2-map/ht_mansion2b              358x308  scen    1030     164    4429    57.27    34.28    25.46    26.00   587.98    17.2    22.6
da2-map/ht_mansion_n              133x270  rand    1000      43    1252    26.76    14.66     7.65     6.39   188.22    12.8    29.5
da2-map/ht_mansion_n              133x270  scen     580      65    2004    38.06    18.16    11.44     8.56   290.96    16.0    34.0
da2-map/ht_playershouse_n          185x68  rand    1000      24     585    17.57     8.86     4.66     3.58    69.21     7.8    19.3
da2-map/ht_playershouse_n          185x68  scen     360      28     724    18.10    10.06     5.22     4.27    76.15     7.6    17.8
da2-map/ht_store                    37x37  rand    1000       4      35     6.06     3.94     1.52     1.24     4.85     1.2     3.9
da2-map/ht_store                    37x37  scen      80       4      47     6.38     4.81     2.64     2.30     6.69     1.4     2.9
da2-map/lt_0_lowtown              514x514  rand    1000      66    3622    40.98    23.11    11.93    11.26   575.25    24.9    51.1
da2-map/lt_0_lowtown              514x514  scen    1180      95    5368    40.46    22.42    14.68    13.82   753.34    33.6    54.5
da2-map/lt_0_lowtown_a2           514x514  rand    1000      66    3605    41.05    20.66    12.87    10.66   554.07    26.8    52.0
da2-map/lt_0_lowtown_a2           514x514  scen    1250     101    5869    39.60    27.23    17.71    14.62   821.95    30.2    56.2
da2-map/lt_0_lowtown_a2_n         514x514  rand    1000      74    3623    44.54    22.27    13.79    11.92   567.82    25.5    47.7
da2-map/lt_0_lowtown_a2_n         514x514  scen    1230     119    5729    49.41    26.48    18.29    17.99   772.10    29.2    42.9
da2-map/lt_0_lowtown_a2_n_c       514x514  rand    1000      87    4878    53.29    29.41    17.25    13.47   729.20    24.8    54.1
da2-map/lt_0_lowtown_a2_n_c       514x514  scen    1280     116    6703    51.61    30.52    19.80    16.67   917.48    30.1    55.0
da2-map/lt_0_lowtown_a3_n_c       514x514  rand    1000      85    4578    48.04    29.76    15.01    14.61   668.95    22.5    45.8
da2-map/lt_0_lowtown_a3_n_c       514x514  scen    1300     117    6783    46.12    26.70    18.29    18.60   918.17    34.4    49.4
da2-map/lt_0_lowtown_docks        514x386  rand    1000      60    2928    41.52    17.21    10.69     8.76   417.86    24.3    47.7
da2-map/lt_0_lowtown_docks        514x386  scen    1030      75    3699    42.44    18.18    12.50    10.44   523.97    28.8    50.2
da2-map/lt_0_lowtown_docks_a3     514x386  rand    1000      50    2507    33.32    17.01     9.60     7.63   376.60    22.1    49.4
da2-map/lt_0_lowtown_docks_a3     514x386  scen    1040      68    3555    32.22    21.11    12.00    11.41   560.11    26.5    49.1
da2-map/lt_0_lowtown_docks_a3…    514x386  rand    1000      50    2507    35.50    15.78     9.65     7.80   377.84    23.9    48.4
da2-map/lt_0_lowtown_docks_a3…    514x386  scen    1050      70    3642    36.67    18.91    11.98    10.64   482.10    25.5    45.3
da2-map/lt_0_lowtown_docks_n      514x386  rand    1000      60    2928    33.90    18.24    10.82     9.13   435.64    23.9    47.7
da2-map/lt_0_lowtown_docks_n      514x386  scen    1030      75    3689    39.23    18.42    12.57    10.76   504.67    27.4    46.9
da2-map/lt_0_lowtown_n            514x514  rand    1000      65    3685    38.47    19.65    12.21    10.70   572.30    29.1    53.5
da2-map/lt_0_lowtown_n            514x514  scen    1200      93    5476    46.79    23.70    14.95    13.29   739.12    31.2    55.6
da2-map/lt_backalley_g            130x130  rand    1000      17     774    20.11     9.20     4.15     3.27   103.11    11.2    31.6
da2-map/lt_backalley_g            130x130  scen     420      23    1082    24.24    11.06     6.11     4.25   159.04    14.4    37.4
da2-map/lt_backalley_n            130x130  rand    1000      17     774    19.76     9.39     4.31     3.18    96.49    10.3    30.4
da2-map/lt_backalley_n            130x130  scen     420      23    1099    25.16    11.13     5.47     4.18   163.13    14.7    39.0
da2-map/lt_darktown               251x292  rand    1000      57    2105    35.04    18.72     9.83     8.61   318.30    17.0    37.0
da2-map/lt_darktown               251x292  scen     880      86    3146    42.55    20.26    13.54    12.33   428.81    21.2    34.8
da2-map/lt_foundry_n               109x92  rand    1000      28    1176    26.52    13.39     6.00     4.21   151.18    11.3    35.9
da2-map/lt_foundry_n               109x92  scen     510      33    1468    25.82    13.83     6.20     4.82   190.71    13.8    39.5
da2-map/lt_gallowscourtyard       514x642  rand    1000      60    2312    36.43    20.37    10.92    10.75   352.10    17.3    32.7
da2-map/lt_gallowscourtyard       514x642  scen    1030      99    3963    49.37    24.70    15.79    15.99   535.37    21.7    33.5
da2-map/lt_gallowscourtyard_n     514x642  rand    1000      18     753    17.60     8.59     4.74     3.63    97.45    11.3    26.8
da2-map/lt_gallowscourtyard_n     514x642  scen     730      26    1344    21.79    10.35     6.67     4.74   177.54    17.1    37.5
da2-map/lt_gallowsprison_n        116x242  rand    1000       6     178    13.85     5.98     2.35     1.90    21.14     3.5    11.1
da2-map/lt_gallowsprison_n        116x242  scen     320       8     306    14.86     5.58     3.30     2.36    35.43     6.4    15.0
da2-map/lt_gallowstemplar         251x180  rand    1000      51    1345    34.48    16.56     8.88     7.78   194.67    11.8    25.0
da2-map/lt_gallowstemplar         251x180  scen     610      59    1642    31.86    16.99    10.46     9.64   242.31    14.3    25.1
da2-map/lt_gallowstemplar_f       251x180  rand    1000      49    1275    34.06    15.57     8.86     7.75   199.91    12.8    25.8
da2-map/lt_gallowstemplar_f       251x180  scen     600      61    1616    36.23    17.21    10.98     8.95   236.80    13.8    26.4
da2-map/lt_gallowstemplar_n       251x180  rand    1000      51    1352    28.36    15.87     8.72     7.73   213.82    13.5    27.7
da2-map/lt_gallowstemplar_n       251x180  scen     620      64    1725    31.70    18.27    10.90     9.57   249.12    13.6    26.0
da2-map/lt_gamlenshouse_n         156x102  rand    1000       6      85     6.81     4.55     2.09     1.55    12.79     2.8     8.3
da2-map/lt_gamlenshouse_n         156x102  scen     130       6      99     7.08     4.92     3.21     2.46    13.18     2.7     5.4
da2-map/lt_hangedman              129x135  rand    1000      43     864    20.85    12.34     7.25     5.83   113.61     9.2    19.5
da2-map/lt_hangedman              129x135  scen     520      67    1342    26.25    15.96     9.72     8.62   182.20    11.4    21.1
da2-map/lt_hangedman_n            129x135  rand    1000      43     864    21.88    12.59     7.04     6.06   103.89     8.3    17.1
da2-map/lt_hangedman_n            129x135  scen     500      62    1251    30.27    14.87     9.89     7.42   149.49    10.1    20.1
da2-map/lt_house                    54x53  rand    1000       8      94     7.41     4.92     2.19     1.69    12.42     2.5     7.3
da2-map/lt_house                    54x53  scen      20       2       7     6.58     5.98     6.02     5.14     4.74     0.8     0.9
da2-map/lt_ruinedhouse_n          156x102  rand    1000       6      85     6.77     4.63     1.88     1.53    10.96     2.4     7.2
da2-map/lt_ruinedhouse_n          156x102  scen     130       7      96     7.93     4.99     3.37     2.34    12.31     2.5     5.3
da2-map/lt_shop                   156x102  rand    1000       7      88     6.26     4.48     2.04     1.52    12.33     2.8     8.1
da2-map/lt_shop                   156x102  scen     130       9     118     6.90     4.87     3.17     2.53    13.94     2.9     5.5
da2-map/lt_undercitydungeon       184x177  rand    1000      86    2883    50.80    22.57    13.83    11.30   403.03    17.9    35.7
da2-map/lt_undercitydungeon       184x177  scen     930     111    3723    43.16    26.46    18.01    13.72   467.42    17.7    34.1
da2-map/lt_undercityencounter     128x283  rand    1000      44    2101    35.72    15.80     7.88     6.64   314.66    19.9    47.4
da2-map/lt_undercityencounter     128x283  scen     750      53    2634    38.66    17.93     9.76     7.63   360.70    20.1    47.3
da2-map/lt_undercityserialkil…    184x177  rand    1000     102    2751    52.08    26.53    18.20    13.76   381.00    14.4    27.7
da2-map/lt_undercityserialkil…    184x177  scen     910     139    3756    60.32    29.82    18.35    16.58   461.15    15.5    27.8
da2-map/lt_warehouse              194x130  rand    1000      28     958    19.07    11.06     5.35     4.59   124.20    11.2    27.0
da2-map/lt_warehouse              194x130  scen     450      36    1341    22.21    11.89     6.86     5.41   164.62    13.8    30.4
da2-map/lt_warehouse_n            194x130  rand    1000      26     890    19.50    11.33     5.44     4.46   127.14    11.2    28.5
da2-map/lt_warehouse_n            194x130  scen     450      36    1296    22.49    12.97     7.00     5.40   178.58    13.8    33.1
da2-map/w_blightlands             514x514  rand    1000     115    4599    35.04    25.78    13.93    14.45   594.44    23.1    41.1
da2-map/w_blightlands             514x514  scen    2150     174    6705    40.72    28.11    21.73    19.01   806.93    28.7    42.4
da2-map/w_bonepit                 514x450  rand    1000      55    2949    36.57    15.23     9.20     8.07   434.28    28.5    53.8
da2-map/w_bonepit                 514x450  scen    1120      92    5090    35.29    21.84    13.14    12.09   623.87    28.6    51.6
da2-map/w_bonepitdestroyed_a3     514x450  rand    1000      70    6863    60.16    24.17    12.42    10.70   857.79    35.5    80.2
da2-map/w_bonepitdestroyed_a3     514x450  scen    1720      99    9968    50.22    22.14    13.65    11.78  1211.51    54.7   102.9
da2-map/w_bonepitmining_a2        514x450  rand    1000      55    2878    33.01    15.24    10.04     8.82   368.80    24.2    41.8
da2-map/w_bonepitmining_a2        514x450  scen    1140      91    4884    32.53    18.71    12.70    10.94   520.77    27.8    47.6
da2-map/w_encounter1              258x514  rand    1000      17     643    14.59     7.80     3.83     3.29    75.27     9.6    22.9
da2-map/w_encounter1              258x514  scen     520      25     969    15.28     8.32     5.11     4.22   112.11    13.5    26.6
da2-map/w_encounter2              514x514  rand    1000      29    3277    34.30    14.14     7.33     6.18   375.38    26.5    60.7
da2-map/w_encounter2              514x514  scen    1150      43    5474    35.89    16.01     9.62     8.04   641.04    40.1    79.7
da2-map/w_encounter2_camp         514x514  rand    1000      37    3812    35.40    15.11     8.26     7.07   425.29    28.1    60.2
da2-map/w_encounter2_camp         514x514  scen    1190      51    5907    36.47    17.53    10.15     8.91   667.21    38.1    74.9
da2-map/w_encounter3              386x642  rand    1000      28    1054    13.92     9.55     5.22     4.53   120.20    12.6    26.5
da2-map/w_encounter3              386x642  scen     850      48    1844    16.41    10.73     7.30     5.74   211.13    19.7    36.8
da2-map/w_sundermount             770x770  rand    1000     103    5526    44.55    25.60    17.08    15.32   607.96    23.7    39.7
da2-map/w_sundermount             770x770  scen    1730     155    8162    50.67    32.67    23.26    21.85   893.32    27.3    40.9
da2-map/w_woundedcoast            642x578  rand    1000     191    7419    55.82    38.06    26.80    24.46   793.10    20.8    32.4
da2-map/w_woundedcoast            642x578  scen    2100     235    9356    56.19    40.90    30.34    29.05   991.10    24.2    34.1
dao-map/arena                       49x49  rand    1000       6      83     9.89     5.20     2.26     1.67     9.88     1.9     5.9
dao-map/arena                       49x49  scen     130       6      89    10.36     5.72     3.69     2.37    11.21     2.0     4.7
dao-map/arena2                    281x209  rand    1000      48    2904    48.42    19.90    10.03     8.45   334.05    16.8    39.5
dao-map/arena2                    281x209  scen     910      87    5519    58.60    29.15    15.83    13.79   640.58    22.0    46.5
dao-map/brc000d                   257x261  rand    1000     104    1997    57.18    29.59    17.52    15.52   229.50     7.8    14.8
dao-map/brc000d                   257x261  scen     850     258    4637   120.39    55.51    42.54    46.14   621.51    11.2    13.5
dao-map/brc100d                   512x492  rand    1000     204    6188    70.10    45.98    31.58    29.15   775.17    16.9    26.6
dao-map/brc100d                   512x492  scen    1360     317    9259    82.28    58.69    43.89    43.94  1191.42    20.3    27.1
dao-map/brc101d                   384x639  rand    1000     122    5299    71.16    30.18    24.13    17.50   792.44    26.3    45.3
dao-map/brc101d                   384x639  scen    1570     173    7462    63.72    40.14    26.88    25.74  1019.08    25.4    39.6
dao-map/brc200d                   528x209  rand    1000      92    2736    42.86    23.90    14.75    15.88   424.47    17.8    26.7
dao-map/brc200d                   528x209  scen    1280     174    5223    69.20    40.74    34.61    30.23   790.74    19.4    26.2
dao-map/brc201d                   391x388  rand    1000     165    5712    57.72    36.87    22.99    21.73   608.94    16.5    28.0
dao-map/brc201d                   391x388  scen    2090     245    8492    64.24    43.41    31.26    30.69   847.58    19.5    27.6
dao-map/brc202d                   530x481  rand    1000     423   11846   104.33    74.96    58.88    56.92  1271.34    17.0    22.3
dao-map/brc202d                   530x481  scen    2550     581   16216   123.08    94.54    76.42    75.28  1715.25    18.1    22.8
dao-map/brc203d                   274x391  rand    1000     120    3499    47.47    28.36    18.00    16.07   401.22    14.1    25.0
dao-map/brc203d                   274x391  scen    1290     183    5447    57.35    37.36    26.60    24.30   628.46    16.8    25.9
dao-map/brc204d                   431x429  rand    1000     123    3726    46.98    28.62    17.76    15.75   419.21    14.6    26.6
dao-map/brc204d                   431x429  scen    1460     182    5573    52.81    34.90    24.88    23.44   608.13    17.4    25.9
dao-map/brc300d                   359x252  rand    1000      69    1594    17.98    12.56     8.08     7.16   163.23    13.0    22.8
dao-map/brc300d                   359x252  scen    1120      95    2252    21.59    14.94     9.78     8.91   225.94    15.1    25.4
dao-map/brc501d                   225x288  rand    1000     428    9455   197.15    95.26    64.33    62.66  1041.98    10.9    16.6
dao-map/brc501d                   225x288  scen    1410     778   16059   378.21   190.90   148.60   141.79  2023.39    10.6    14.3
dao-map/brc502d                   486x254  rand    1000      15     397    13.47     7.76     3.66     2.92    49.34     6.4    16.9
dao-map/brc502d                   486x254  scen     460      31     927    18.58    10.70     6.22     4.96   143.38    13.4    28.9
dao-map/brc503d                   320x257  rand    1000     494   11733   273.38   140.45   100.15    79.62  1536.99    10.9    19.3
dao-map/brc503d                   320x257  scen    1570     851   19361   358.86   206.71   166.34   148.88  2424.52    11.7    16.3
dao-map/brc504d                   260x256  rand    1000     623   11673   260.96   161.07   121.15   100.37  1473.23     9.1    14.7
dao-map/brc504d                   260x256  scen    1610     862   15608   303.62   196.43   154.42   148.68  1866.12     9.5    12.6
dao-map/brc505d                   261x193  rand    1000     496    7107   232.67   116.00    85.42    72.44   913.90     7.9    12.6
dao-map/brc505d                   261x193  scen    1510    1061   15004   348.35   243.34   198.06   186.83  1807.43     7.4     9.7
dao-map/brc997d                   256x256  rand    1000      37    1001    43.00    14.62     8.45     6.51   141.21     9.7    21.7
dao-map/brc997d                   256x256  scen     660      62    1917    53.19    19.52    12.17    10.18   282.03    14.5    27.7
dao-map/brc999d                   518x512  rand    1000      11     437    22.55     7.84     4.24     2.83    47.02     6.0    16.6
dao-map/brc999d                   518x512  scen     450      17     883    28.69     8.58     6.55     3.97   106.37    12.4    26.8
dao-map/combat                    177x193  rand    1000       5    1033    87.93    16.53     6.87     3.29   133.35     8.1    40.6
dao-map/combat                    177x193  scen     680       7    2139   139.28    21.88     8.99     3.75   330.55    15.1    88.0
dao-map/combat2                   177x193  rand    1000       5     981    92.43    15.91     8.31     3.33   128.57     8.1    38.6
dao-map/combat2                   177x193  scen     680       7    2165   138.47    18.29     9.41     3.79   320.11    17.5    84.6
dao-map/den000d                   503x351  rand    1000     103    6888   117.95    40.83    20.71    18.23   985.19    24.1    54.0
dao-map/den000d                   503x351  scen    1310     171   11322   133.42    48.56    29.56    28.80  1660.61    34.2    57.7
dao-map/den001d                    211x80  rand    1000      21     880    22.51    11.27     4.83     3.97   108.05     9.6    27.2
dao-map/den001d                    211x80  scen     480      21     945    24.75    10.45     5.52     4.06   125.46    12.0    30.9
dao-map/den005d                   241x328  rand    1000     156    4595    68.98    34.69    22.94    19.95   628.38    18.1    31.5
dao-map/den005d                   241x328  scen    1500     246    7162    69.39    44.46    30.49    35.50   946.89    21.3    26.7
dao-map/den009d                     50x34  rand    1000       9     174    10.59     7.05     2.34     1.85    22.67     3.2    12.2
dao-map/den009d                     50x34  scen     170      11     241    14.45    10.17     3.48     2.59    33.35     3.3    12.9
dao-map/den011d                   247x167  rand    1000      80    2135    42.76    23.95    12.76    10.93   311.82    13.0    28.5
dao-map/den011d                   247x167  scen     750     106    2836    48.54    25.78    17.91    14.80   405.29    15.7    27.4
dao-map/den012d                   310x350  rand    1000     120    4327    67.11    30.80    19.01    17.38   583.54    18.9    33.6
dao-map/den012d                   310x350  scen    1180     174    6377    74.98    35.41    29.33    22.94   799.45    22.6    34.8
dao-map/den020d                    89x118  rand    1000      24     516    17.02     9.09     4.58     3.95    63.16     6.9    16.0
dao-map/den020d                    89x118  scen     380      33     735    20.62    10.71     6.40     4.67    93.65     8.7    20.1
dao-map/den101d                     73x41  rand    1000      14     210    10.07     6.86     3.23     2.52    23.85     3.5     9.5
dao-map/den101d                     73x41  scen     210      18     294    11.82     7.64     4.25     3.39    32.93     4.3     9.7
dao-map/den200d                   320x455  rand    1000      80    2357    41.71    22.06    13.09    11.97   359.77    16.3    30.1
dao-map/den200d                   320x455  scen    1030     126    3944    50.20    25.66    21.28    18.19   580.37    22.6    31.9
dao-map/den200n                   320x455  rand    1000      85    2304    46.62    20.60    14.04    12.61   379.04    18.4    30.1
dao-map/den200n                   320x455  scen     990     137    3803    55.96    28.66    19.99    18.69   533.72    18.6    28.5
dao-map/den201d                     37x37  rand    1000       5      42     6.34     4.34     1.60     1.39     5.75     1.3     4.1
dao-map/den201d                     37x37  scen     100       6      61     6.96     4.87     2.68     2.11     7.71     1.6     3.7
dao-map/den202d                     39x40  rand    1000       5      49     6.61     4.30     1.73     1.38     6.63     1.5     4.8
dao-map/den202d                     39x40  scen     110       7      97     8.93     6.35     3.34     2.67    12.67     2.0     4.7
dao-map/den203d                     93x77  rand    1000      28     504    16.05     9.43     4.93     4.14    58.53     6.2    14.1
dao-map/den203d                     93x77  scen     330      35     662    17.84    10.85     6.22     5.08    74.94     6.9    14.8
dao-map/den204d                     66x66  rand    1000      13     180    12.80     7.21     3.22     2.85    23.36     3.2     8.2
dao-map/den204d                     66x66  scen     200      19     300    16.62     8.99     5.65     4.03    36.04     4.0     8.9
dao-map/den206d                    50x190  rand    1000      32    1033    22.46    13.06     5.92     4.40   144.73    11.1    32.9
dao-map/den206d                    50x190  scen     580      39    1257    30.36    15.10     6.75     5.43   189.07    12.5    34.8
dao-map/den207d                     38x50  rand    1000       7      84     7.85     5.04     2.24     1.57    10.83     2.1     6.9
dao-map/den207d                     38x50  scen     140       9     121     8.95     6.32     3.35     2.68    15.27     2.4     5.7
dao-map/den308d                    100x88  rand    1000      16     357    16.98     7.82     3.84     3.04    47.23     6.0    15.5
dao-map/den308d                    100x88  scen     290      23     540    18.77    10.53     4.90     4.38    79.16     7.5    18.1
dao-map/den312d                     65x81  rand    1000      22     343    14.69     8.10     4.16     3.29    44.95     5.5    13.7
dao-map/den312d                     65x81  scen     290      28     475    14.55     9.61     4.91     4.02    52.09     5.4    13.0
dao-map/den400d                   259x268  rand    1000      61    1958    80.29    22.84    13.47    11.90   310.94    13.6    26.1
dao-map/den400d                   259x268  scen     810     113    3771    90.71    42.25    23.11    21.78   548.03    13.0    25.2
dao-map/den401d                   259x113  rand    1000      70    1859    39.09    19.77    11.75     9.75   254.67    12.9    26.1
dao-map/den401d                   259x113  scen     730      85    2252    34.18    22.53    13.00    11.17   259.78    11.5    23.3
dao-map/den403d                     74x49  rand    1000      13     245    12.16     6.99     2.93     2.34    29.09     4.2    12.4
dao-map/den403d                     74x49  scen     200      13     288    12.88     7.31     4.31     3.08    32.63     4.5    10.6
dao-map/den404d                     28x34  rand    1000       6      64     6.11     4.41     1.59     1.31     7.65     1.7     5.8
dao-map/den404d                     28x34  scen     100       7      76     6.23     4.97     2.19     1.88     8.75     1.8     4.7
dao-map/den405d                     74x42  rand    1000       8      93     7.02     4.80     2.08     1.61    11.59     2.4     7.2
dao-map/den405d                     74x42  scen     140       9     112     7.14     5.27     3.27     2.38    13.21     2.5     5.5
dao-map/den407d                     33x57  rand    1000       6      69     7.56     4.57     1.92     1.50     8.39     1.8     5.6
dao-map/den407d                     33x57  scen     140       7      94     8.27     5.27     3.30     2.17    11.05     2.1     5.1
dao-map/den408d                     34x50  rand    1000       6      48     6.06     4.05     1.75     1.50     6.07     1.5     4.1
dao-map/den408d                     34x50  scen     120       8      73     7.49     5.20     2.91     2.29     9.00     1.7     3.9
dao-map/den500d                   288x417  rand    1000     125    6120    62.00    33.77    19.45    17.19   657.63    19.5    38.3
dao-map/den500d                   288x417  scen    1600     177    8561    66.72    38.54    26.10    24.01   894.04    23.2    37.2
dao-map/den501d                   320x338  rand    1000     161    4720    62.62    37.95    24.91    21.84   507.03    13.4    23.2
dao-map/den501d                   320x338  scen    1170     200    6012    66.13    41.53    30.14    26.93   638.30    15.4    23.7
dao-map/den502d                   211x251  rand    1000      13    1486    50.72    11.73     6.08     3.61   166.46    14.2    46.1
dao-map/den502d                   211x251  scen     680      18    2553    53.44    14.17     7.61     4.76   273.92    19.3    57.6
dao-map/den504d                   158x227  rand    1000      51    1745    37.05    16.50     8.69     7.38   202.54    12.3    27.4
dao-map/den504d                   158x227  scen     630      58    2149    38.95    18.68    10.55     8.38   247.30    13.2    29.5
dao-map/den505d                   288x432  rand    1000     116    5896    59.62    31.89    18.74    16.36   635.82    19.9    38.9
dao-map/den505d                   288x432  scen    1600     175    8664    64.88    37.57    25.86    23.55   904.99    24.1    38.4
dao-map/den510d                   385x467  rand    1000     314   11117   119.09    68.19    47.63    45.27  1288.11    18.9    28.5
dao-map/den510d                   385x467  scen    1940     649   20816   169.51   112.75    87.64    87.73  2437.40    21.6    27.8
dao-map/den520d                   256x257  rand    1000      75    3381    58.63    24.49    14.05    11.58   387.55    15.8    33.5
dao-map/den520d                   256x257  scen     870     104    4728    61.68    29.37    17.92    14.94   533.55    18.2    35.7
dao-map/den600d                   354x169  rand    1000     117    3902    42.59    27.12    16.39    14.39   428.72    15.8    29.8
dao-map/den600d                   354x169  scen    1390     177    5893    50.58    34.88    22.82    21.19   645.27    18.5    30.5
dao-map/den601d                   374x187  rand    1000     150    5035    53.07    35.37    21.72    19.60   546.07    15.4    27.9
dao-map/den601d                   374x187  scen    1450     235    7727    66.86    47.04    32.42    30.47   843.82    17.9    27.7
dao-map/den602d                   710x402  rand    1000     370    9486    85.17    65.99    52.29    49.16  1044.10    15.8    21.2
dao-map/den602d                   710x402  scen    2660     593   14774   114.25    93.84    78.44    76.53  1628.86    17.4    21.3
dao-map/den900d                   128x128  rand    1000      13     392    17.24     7.69     3.48     2.60    46.61     6.1    17.9
dao-map/den900d                   128x128  scen     360      15     536    18.42     8.25     4.73     3.27    61.16     7.4    18.7
dao-map/den901d                   129x128  rand    1000      14     550    26.54     9.33     4.08     3.04    64.16     6.9    21.1
dao-map/den901d                   129x128  scen     440      27    1249    33.51    12.91     6.26     4.76   142.17    11.0    29.9
dao-map/den998d                     62x86  rand    1000      17     207    11.29     6.69     3.31     2.77    23.96     3.6     8.7
dao-map/den998d                     62x86  scen     230      21     282    13.06     7.88     4.53     3.89    32.53     4.1     8.4
dao-map/hrt000d                   408x876  rand    1000     289   12432   163.56    70.30    50.21    46.07  1557.66    22.2    33.8
dao-map/hrt000d                   408x876  scen    2260     584   24205   223.63   116.79    87.44    86.60  3101.87    26.6    35.8
dao-map/hrt001d                   104x112  rand    1000      14     336    13.05     6.86     3.62     2.67    39.74     5.8    14.9
dao-map/hrt001d                   104x112  scen     320      23     571    17.40     9.11     4.99     3.82    64.58     7.1    16.9
dao-map/hrt002d                     49x50  rand    1000      13     118     7.74     5.44     2.69     2.14    13.59     2.5     6.3
dao-map/hrt002d                     49x50  scen     170      20     209    10.00     6.96     3.76     3.01    22.92     3.3     7.6
dao-map/hrt201d                   297x272  rand    1000     119    3106    47.73    30.37    17.48    15.89   349.86    11.5    22.0
dao-map/hrt201d                   297x272  scen    1100     212    5403    59.98    42.11    29.07    27.97   605.82    14.4    21.7
dao-map/hrt201n                   294x305  rand    1000     162    4329    54.77    37.34    23.10    21.53   462.22    12.4    21.5
dao-map/hrt201n                   294x305  scen    1180     213    5687    58.53    41.43    29.11    27.47   601.25    14.5    21.9
dao-map/isound1                     55x63  rand    1000       5     287    17.85     7.60     2.52     1.72    33.25     4.4    19.3
dao-map/isound1                     55x63  scen     200       5     346    18.71     7.49     3.35     2.39    37.39     5.0    15.6
dao-map/lak100c                   538x793  rand    1000     240    8788    69.45    45.03    35.39    32.31   949.49    21.1    29.4
dao-map/lak100c                   538x793  scen    1920     353   12869    81.52    57.26    46.47    44.80  1395.69    24.4    31.2
dao-map/lak100d                   538x792  rand    1000     286    9230    76.54    51.53    40.83    38.02  1000.58    19.4    26.3
dao-map/lak100d                   538x792  scen    2040     469   14556   100.45    74.06    62.19    59.19  1593.96    21.5    26.9
dao-map/lak100n                   538x793  rand    1000     282    8504    73.13    50.51    39.60    37.22   924.24    18.3    24.8
dao-map/lak100n                   538x793  scen    1910     416   12438    88.94    66.67    54.68    52.75  1357.87    20.4    25.7
dao-map/lak101d                     30x31  rand    1000       3      26     5.07     3.81     1.45     1.39     3.93     1.0     2.8
dao-map/lak101d                     30x31  scen      60       3      28     6.22     4.67     3.18     2.40     5.11     1.1     2.1
dao-map/lak102d                     38x30  rand    1000       7      61     6.45     5.00     2.23     1.88     7.72     1.5     4.1
dao-map/lak102d                     38x30  scen     100       8      74     6.71     5.10     3.47     2.20     9.20     1.8     4.2
dao-map/lak103d                     49x49  rand    1000      15     191    10.47     6.83     3.12     2.42    21.44     3.1     8.8
dao-map/lak103d                     49x49  scen     230      20     279    11.32     7.86     4.11     3.63    30.37     3.9     8.4
dao-map/lak104d                     41x41  rand    1000       7      67     6.95     5.02     2.34     2.00     8.93     1.8     4.5
dao-map/lak104d                     41x41  scen     120       8      90     8.84     5.88     3.89     2.75    11.43     1.9     4.2
dao-map/lak105d                     31x25  rand    1000       8      58     6.51     4.97     2.28     1.84     7.66     1.5     4.2
dao-map/lak105d                     31x25  scen      90       9      71     6.86     5.23     2.97     2.26     8.96     1.7     4.0
dao-map/lak106d                    97x113  rand    1000       7     156    10.82     5.10     2.36     1.88    17.73     3.5     9.4
dao-map/lak106d                    97x113  scen     230      11     283    12.22     5.96     3.97     2.53    32.49     5.5    12.8
dao-map/lak107d                     36x26  rand    1000       4      47     5.63     4.26     1.51     1.21     5.91     1.4     4.9
dao-map/lak107d                     36x26  scen     100       6      79     6.74     4.98     2.22     1.79     9.02     1.8     5.0
dao-map/lak108d                     27x26  rand    1000       4      28     4.90     3.84     1.46     1.22     3.88     1.0     3.2
dao-map/lak108d                     27x26  scen      60       5      28     5.66     4.30     2.69     2.08     4.66     1.1     2.2
dao-map/lak109d                     33x42  rand    1000       7      48     5.18     3.82     1.63     1.33     6.03     1.6     4.5
dao-map/lak109d                     33x42  scen     100       8      57     5.36     4.15     2.21     1.76     7.07     1.7     4.0
dao-map/lak110d                     30x21  rand    1000       4      19     4.01     3.23     1.33     1.05     2.73     0.8     2.6
dao-map/lak110d                     30x21  scen      50       4      19     4.79     4.10     2.62     2.32     3.88     0.9     1.7
dao-map/lak200d                   352x261  rand    1000      20     956    18.69     8.44     4.57     3.71   104.29    12.4    28.1
dao-map/lak200d                   352x261  scen     560      32    1722    19.79     9.94     6.32     4.95   182.18    18.3    36.8
dao-map/lak201d                   252x163  rand    1000      72    2283    34.85    19.22    11.60     9.47   241.60    12.6    25.5
dao-map/lak201d                   252x163  scen     790      85    2689    32.19    20.65    12.58    10.84   281.66    13.6    26.0
dao-map/lak202d                   159x182  rand    1000      44    1401    22.83    12.62     6.90     5.92   150.31    11.9    25.4
dao-map/lak202d                   159x182  scen     670      60    1962    25.57    15.50     8.72     7.51   209.55    13.5    27.9
dao-map/lak203d                   112x146  rand    1000      14     242     9.64     6.14     3.09     2.77    29.09     4.7    10.5
dao-map/lak203d                   112x146  scen     320      24     452    11.44     7.33     4.95     3.90    50.73     6.9    13.0
dao-map/lak250d                   257x257  rand    1000      10     162     9.95     6.26     2.95     2.40    19.34     3.1     8.0
dao-map/lak250d                   257x257  scen     270      21     358    11.36     7.38     5.63     4.17    39.76     5.4     9.5
dao-map/lak300d                   384x528  rand    1000      24     972    22.27     9.73     5.76     4.74   107.32    11.0    22.6
dao-map/lak300d                   384x528  scen     730      40    1747    25.01    11.95     7.63     6.60   193.41    16.2    29.3
dao-map/lak302d                   193x289  rand    1000      88    3419    39.31    22.71    12.99    11.47   378.30    16.7    33.0
dao-map/lak302d                   193x289  scen    1000     115    4526    41.67    25.37    16.67    14.15   491.83    19.4    34.8
dao-map/lak303d                   194x194  rand    1000     163    3470    60.19    38.09    22.28    20.04   358.97     9.4    17.9
dao-map/lak303d                   194x194  scen    1040     250    5141    70.59    47.85    32.91    29.67   502.66    10.5    16.9
dao-map/lak304d                   193x194  rand    1000     104    2726    45.92    27.63    14.77    13.26   300.85    10.9    22.7
dao-map/lak304d                   193x194  scen     750     156    3846    52.42    34.41    22.08    20.02   415.30    12.1    20.7
dao-map/lak307d                     84x84  rand    1000       6     171    16.84     6.08     2.87     1.88    19.10     3.1    10.2
dao-map/lak307d                     84x84  scen     200       6     198    17.31     6.23     4.14     2.27    21.14     3.4     9.3
dao-map/lak308d                   298x324  rand    1000     106    2591    34.16    21.05    13.40    11.90   279.70    13.3    23.5
dao-map/lak308d                   298x324  scen    1240     148    3594    38.10    26.23    18.30    16.22   389.37    14.8    24.0
dao-map/lak400d                 1057x1057  rand    1000     143    5250    53.27    34.54    23.70    22.30   624.56    18.1    28.0
dao-map/lak400d                 1057x1057  scen    1320     202    7415    59.47    41.28    31.95    30.60   891.01    21.6    29.1
dao-map/lak401d                   401x593  rand    1000     270    9432    86.61    54.22    40.56    37.95  1021.18    18.8    26.9
dao-map/lak401d                   401x593  scen    2180     392   13415   100.37    69.06    53.60    51.62  1446.94    21.0    28.0
dao-map/lak403d                   403x649  rand    1000      32    1407    37.74    13.41     7.86     6.24   152.77    11.4    24.5
dao-map/lak403d                   403x649  scen    1090      34    2252    34.30    13.11     7.42     6.80   233.45    17.8    34.3
dao-map/lak404d                    528x70  rand    1000      52    2208    32.94    17.26     9.17     8.24   252.70    14.6    30.7
dao-map/lak404d                    528x70  scen    1330      81    3501    41.11    24.24    12.25    11.14   418.64    17.3    37.6
dao-map/lak405d                  833x1006  rand    1000     402   12126    88.17    67.96    54.04    53.89  1346.03    19.8    25.0
dao-map/lak405d                  833x1006  scen    4040     519   15855   101.05    81.03    68.64    67.33  1724.54    21.3    25.6
dao-map/lak503d                   194x194  rand    1000     175    4716    68.10    42.56    24.61    21.93   474.86    11.2    21.7
dao-map/lak503d                   194x194  scen    1220     265    7030    81.43    53.26    34.36    32.33   686.85    12.9    21.2
dao-map/lak504d                   193x194  rand    1000      98    2615    45.45    27.14    14.00    12.83   289.85    10.7    22.6
dao-map/lak504d                   193x194  scen     720     138    3611    50.71    32.10    19.55    18.25   394.74    12.3    21.6
dao-map/lak505d                   194x195  rand    1000     191    3805    73.41    44.98    27.43    25.59   393.82     8.8    15.4
dao-map/lak505d                   194x195  scen     920     279    5551    85.17    55.18    38.33    34.85   549.23    10.0    15.8
dao-map/lak506d                   194x205  rand    1000     201    4062    62.87    43.39    26.67    24.76   418.98     9.7    16.9
dao-map/lak506d                   194x205  scen    1110     255    5149    66.37    49.17    32.35    31.19   519.59    10.6    16.7
dao-map/lak507d                     84x84  rand    1000       4     156    16.65     5.93     2.44     1.70    17.28     2.9    10.2
dao-map/lak507d                     84x84  scen     210       5     228    18.80     6.66     4.39     2.60    25.24     3.8     9.7
dao-map/lak510d                   287x253  rand    1000      15     553    15.44     7.45     3.97     3.03    61.15     8.2    20.2
dao-map/lak510d                   287x253  scen     420      18     740    15.84     7.83     4.88     3.58    79.28    10.1    22.1
dao-map/lak511d                   207x533  rand    1000      66    2380    43.64    19.81    12.06     9.81   278.81    14.1    28.4
dao-map/lak511d                   207x533  scen    1050     111    4379    50.04    26.40    17.61    14.47   507.88    19.2    35.1
dao-map/lak512d                   297x658  rand    1000     205    6744    69.57    42.38    30.52    28.09   775.22    18.3    27.6
dao-map/lak512d                   297x658  scen    2100     288    9621    81.36    52.00    39.19    36.99  1114.27    21.4    30.1
dao-map/lak513d                   389x637  rand    1000      59    2435    40.82    19.01    12.06     9.61   272.32    14.3    28.3
dao-map/lak513d                   389x637  scen     880      65    2918    36.55    18.64    12.35    10.30   328.85    17.6    31.9
dao-map/lak514d                   409x339  rand    1000      11     399    18.54     8.47     4.65     3.30    47.17     5.6    14.3
dao-map/lak514d                   409x339  scen     420      17     926    17.86     8.89     7.45     4.29   106.56    12.0    24.8
dao-map/lak515d                   114x112  rand    1000       6      84     9.00     4.81     2.12     1.65     9.55     2.0     5.8
dao-map/lak515d                   114x112  scen     180       8     147    10.23     5.38     3.39     2.34    16.56     3.1     7.1
dao-map/lak519d                   168x145  rand    1000      27     873    33.66    12.54     6.20     4.71   101.48     8.1    21.5
dao-map/lak519d                   168x145  scen     480      39    1448    39.86    16.46     8.19     6.39   174.99    10.6    27.4
dao-map/lak526d                   129x124  rand    1000      10     129     6.48     4.65     2.46     1.88    14.34     3.1     7.6
dao-map/lak526d                   129x124  scen     210      14     201     8.15     5.57     3.25     2.66    21.85     3.9     8.2
dao-map/lgt101d                     44x28  rand    1000      10      57     5.89     4.64     2.37     1.81     7.02     1.5     3.9
dao-map/lgt101d                     44x28  scen     110      14      83     6.96     5.63     3.59     2.86    10.54     1.9     3.7
dao-map/lgt300d                   531x747  rand    1000     183    5661    68.35    41.28    28.61    26.95   665.52    16.1    24.7
dao-map/lgt300d                   531x747  scen    1730     316    9251    88.67    58.02    44.80    44.39  1106.03    19.1    24.9
dao-map/lgt600d                   643x645  rand    1000      18    1477    25.05     9.90     5.13     4.01   173.04    17.5    43.2
dao-map/lgt600d                   643x645  scen     940      41    4129    29.35    14.06     8.63     7.18   505.30    35.9    70.4
dao-map/lgt601d                   258x258  rand    1000      30    1542    48.35    15.40     7.67     6.18   180.87    11.7    29.3
dao-map/lgt601d                   258x258  scen     800      40    2429    54.10    18.69     9.47     7.79   280.21    15.0    36.0
dao-map/lgt602d                   266x277  rand    1000     110    4729    69.28    32.53    16.94    14.99   535.21    16.5    35.7
dao-map/lgt602d                   266x277  scen     980     147    6379    72.77    36.08    22.03    19.89   719.24    19.9    36.2
dao-map/lgt603d                   261x262  rand    1000     183    7059    71.64    39.93    24.55    22.06   733.54    18.4    33.3
dao-map/lgt603d                   261x262  scen    1480     248    9568    77.94    46.41    30.94    28.39   979.03    21.1    34.5
dao-map/lgt604d                   258x252  rand    1000      24    1270    24.95    11.55     5.08     4.18   142.51    12.3    34.1
dao-map/lgt604d                   258x252  scen     770      42    2259    29.38    13.06     7.74     5.99   248.43    19.0    41.5
dao-map/lgt605d                   107x125  rand    1000       5     166    12.44     5.50     2.17     1.63    18.38     3.3    11.2
dao-map/lgt605d                   107x125  scen     220       6     204    12.49     5.72     3.76     2.19    22.63     4.0    10.3
dao-map/orz000d                    79x137  rand    1000       9     283    16.26     6.38     2.85     2.39    33.08     5.2    13.8
dao-map/orz000d                    79x137  scen     320      12     419    18.22     7.18     4.16     3.03    46.76     6.5    15.4
dao-map/orz100d                   412x395  rand    1000     704   25498   254.81   143.79   101.50    99.28  2773.38    19.3    27.9
dao-map/orz100d                   412x395  scen    2420     999   35138   286.82   179.15   136.31   136.39  3862.44    21.6    28.3
dao-map/orz101d                     48x95  rand    1000      10     167    10.67     6.31     2.49     2.09    18.98     3.0     9.1
dao-map/orz101d                     48x95  scen     210      11     196    11.07     6.45     3.65     3.11    22.79     3.5     7.3
dao-map/orz102d                     46x47  rand    1000       5      57     6.78     4.31     1.78     1.39     7.32     1.7     5.3
dao-map/orz102d                     46x47  scen     110       6      71     7.48     4.90     2.99     2.28     9.27     1.9     4.1
dao-map/orz103d                   463x456  rand    1000     590   15281   118.48    91.00    74.28    70.41  1524.73    16.8    21.7
dao-map/orz103d                   463x456  scen    3790     778   20125   136.01   108.43    91.39    87.73  1991.30    18.4    22.7
dao-map/orz105d                     47x60  rand    1000       5      54     6.54     4.09     1.91     1.39     6.82     1.7     4.9
dao-map/orz105d                     47x60  scen     120       6      71     7.38     5.45     2.95     2.17     8.76     1.6     4.0
dao-map/orz106d                     25x33  rand    1000       4      25     4.82     3.71     1.63     1.25     3.79     1.0     3.0
dao-map/orz106d                     25x33  scen      70       5      33     5.61     4.30     2.62     2.11     5.17     1.2     2.5
dao-map/orz107d                     34x48  rand    1000       5      56     7.01     4.15     1.78     1.31     7.11     1.7     5.4
dao-map/orz107d                     34x48  scen     100       5      64     6.65     4.40     2.48     1.79     7.77     1.8     4.3
dao-map/orz200d                   272x260  rand    1000      44     727    17.39    11.68     7.50     6.62    88.83     7.6    13.4
dao-map/orz200d                   272x260  scen     510      75    1273    23.24    15.66    10.76     9.35   146.81     9.4    15.7
dao-map/orz201d                     47x45  rand    1000       8      83     7.57     5.06     2.29     1.64    10.61     2.1     6.5
dao-map/orz201d                     47x45  scen     120       9     101     8.13     5.80     3.45     2.52    12.41     2.1     4.9
dao-map/orz203d                     19x35  rand    1000       3      20     4.41     3.37     1.27     1.06     2.87     0.9     2.7
dao-map/orz203d                     19x35  scen      60       3      27     5.34     4.09     2.71     1.88     4.27     1.0     2.3
dao-map/orz300d                   649x386  rand    1000     303   12110   122.10    69.69    48.33    45.05  1404.19    20.1    31.2
dao-map/orz300d                   649x386  scen    1560     429   16548   136.43    87.60    62.67    61.15  1946.51    22.2    31.8
dao-map/orz301d                   120x180  rand    1000      22     479    17.36     8.93     4.76     3.65    59.73     6.7    16.4
dao-map/orz301d                   120x180  scen     390      25     589    18.11    10.49     5.72     4.09    80.92     7.7    19.8
dao-map/orz302d                   146x145  rand    1000      18     695    19.07     9.57     4.28     3.56    96.31    10.1    27.1
dao-map/orz302d                   146x145  scen     490      27    1120    24.11    12.93     6.01     4.79   136.18    10.5    28.5
dao-map/orz303d                   390x267  rand    1000      93    3710    57.94    32.57    16.10    15.49   534.89    16.4    34.5
dao-map/orz303d                   390x267  scen    1140     132    5271    66.09    32.48    20.80    21.66   738.27    22.7    34.1
dao-map/orz304d                    75x155  rand    1000      21     521    19.09     9.12     4.56     3.70    67.84     7.4    18.4
dao-map/orz304d                    75x155  scen     380      24     681    20.39    11.34     5.70     4.28    82.65     7.3    19.3
dao-map/orz500d                   303x342  rand    1000      33    1234    38.37    13.70     8.45     6.40   190.49    13.9    29.8
dao-map/orz500d                   303x342  scen     860      57    2132    37.55    18.53    12.83     8.91   326.66    17.6    36.7
dao-map/orz601d                    107x47  rand    1000      11     214     9.52     5.86     2.77     2.18    24.78     4.2    11.3
dao-map/orz601d                    107x47  scen     240      12     287    11.20     6.82     4.33     2.83    31.24     4.6    11.0
dao-map/orz700d                 1104x1260  rand    1000     631   20770   203.38   152.16   129.30   110.11  2952.73    19.4    26.8
dao-map/orz700d                 1104x1260  scen    3880     923   29546   255.72   161.91   166.85   158.46  4152.54    25.6    26.2
dao-map/orz701d                   839x722  rand    1000     372   11602   122.37    71.55    58.87    52.88  1445.67    20.2    27.3
dao-map/orz701d                   839x722  scen    3040     517   16201   133.28   100.72    88.89    82.49  2148.12    21.3    26.0
dao-map/orz702d                   718x939  rand    1000     829   20150   187.46   139.70   114.67   115.74  2212.22    15.8    19.1
dao-map/orz702d                   718x939  scen    4130    1412   33436   265.40   215.36   187.40   191.61  3615.95    16.8    18.9
dao-map/orz703d                   652x502  rand    1000     116    9721    79.89    34.71    21.52    17.92  1095.35    31.6    61.1
dao-map/orz703d                   652x502  scen    2240     206   16829    91.16    46.35    31.62    29.99  1911.03    41.2    63.7
dao-map/orz704d                     84x46  rand    1000       5     101     9.75     5.11     2.04     1.48    11.71     2.3     7.9
dao-map/orz704d                     84x46  scen     200       6     178     9.67     5.53     3.04     1.91    18.85     3.4     9.9
dao-map/orz800d                   868x844  rand    1000     147   11440    60.52    32.86    23.15    20.00  1217.92    37.1    60.9
dao-map/orz800d                   868x844  scen    3690     225   16253    69.28    41.35    29.86    28.82  1721.76    41.6    59.7
dao-map/orz900d                  1491x656  rand    1000     885   35731   174.62   140.85   119.03   118.34  3661.65    26.0    30.9
dao-map/orz900d                  1491x656  scen    7070    1247   50061   288.85   244.87   212.08   213.51  6129.08    25.0    28.7
dao-map/orz901d                   601x678  rand    1000     490   15590   121.57    92.96    77.45    74.77  2066.68    22.2    27.6
dao-map/orz901d                   601x678  scen    4190     680   21701   173.33   124.14   110.65    99.39  2836.24    22.8    28.5
dao-map/orz999d                   632x698  rand    1000      78    6997    65.64    25.92    15.56    11.86   974.14    37.6    82.1
dao-map/orz999d                   632x698  scen    2430     118   10704    61.13    28.78    18.91    16.50  1194.88    41.5    72.4
dao-map/ost000a                   487x969  rand    1000    1038   20562   378.63   225.47   183.97   187.11  3089.86    13.7    16.5
dao-map/ost000a                   487x969  scen    2520    1322   25418   421.32   291.31   247.84   234.10  3755.80    12.9    16.0
dao-map/ost000t                   487x971  rand    1000     977   19696   339.17   232.53   196.99   174.74  2885.14    12.4    16.5
dao-map/ost000t                   487x971  scen    2620    1345   26646   403.72   288.18   244.14   247.41  3762.27    13.1    15.2
dao-map/ost001d                   194x194  rand    1000      64    1860    48.65    22.27    11.49     8.93   247.06    11.1    27.7
dao-map/ost001d                   194x194  scen     620      96    2780    48.28    29.17    14.15    14.19   387.87    13.3    27.3
dao-map/ost002d                   181x145  rand    1000      78    1423    50.01    21.97    13.16    11.13   199.96     9.1    18.0
dao-map/ost002d                   181x145  scen     610     128    2302    47.38    32.67    18.19    17.36   316.00     9.7    18.2
dao-map/ost003d                   194x194  rand    1000     103    3095    61.20    28.09    15.24    13.91   386.18    13.7    27.8
dao-map/ost003d                   194x194  scen     810     142    4256    72.80    32.74    23.47    17.53   525.62    16.1    30.0
dao-map/ost004d                     84x84  rand    1000       7     165    16.47     6.53     2.98     1.93    20.24     3.1    10.5
dao-map/ost004d                     84x84  scen     210       8     235    23.09     8.90     6.01     3.07    26.57     3.0     8.7
dao-map/ost100d                 1024x1025  rand    1000    1201   22498   393.64   278.19   211.08   245.36  3398.62    12.2    13.9
dao-map/ost100d                 1024x1025  scen    2930    2098   37626   417.83   353.13   296.83   315.48  4634.47    13.1    14.7
dao-map/ost101d                   768x704  rand    1000      11     325     9.14     6.05     2.98     2.39    38.23     6.3    16.0
dao-map/ost101d                   768x704  scen     290      14     449     9.83     6.17     3.85     2.96    51.07     8.3    17.3
dao-map/ost102d                     28x22  rand    1000       4      22     4.52     3.65     1.52     1.27     3.27     0.9     2.6
dao-map/ost102d                     28x22  scen      60       4      27     5.60     4.48     2.74     2.43     4.72     1.1     1.9
dao-map/oth000d                   384x384  rand    1000      78    4419    36.58    19.21    11.23     9.44   473.32    24.6    50.2
dao-map/oth000d                   384x384  scen    1750     123    7164    41.13    24.04    14.84    13.06   747.67    31.1    57.2
dao-map/oth001d                   384x382  rand    1000      14     217    12.08     6.88     3.95     2.92    25.76     3.7     8.8
dao-map/oth001d                   384x382  scen     310      23     419    14.23     8.31     6.77     4.59    48.43     5.8    10.5
dao-map/oth999d                     49x32  rand    1000       2      72     9.46     5.07     1.81     1.39     8.52     1.7     6.2
dao-map/oth999d                     49x32  scen     140       2     108    10.09     5.77     2.82     1.94    12.69     2.2     6.5
dao-map/rmtst                      182x50  rand    1000      15     478    16.99     8.26     3.62     2.86    55.36     6.7    19.4
dao-map/rmtst                      182x50  scen     440      20     703    19.82    10.08     5.19     3.76    76.07     7.5    20.3
dao-map/rmtst01                    182x50  rand    1000      15     493    17.04     8.92     3.93     3.14    55.06     6.2    17.5
dao-map/rmtst01                    182x50  scen     440      20     722    19.70    10.58     5.03     3.63    80.05     7.6    22.1
dao-map/rmtst03                    182x49  rand    1000      15     513    17.08     9.20     3.91     2.87    58.64     6.4    20.5
dao-map/rmtst03                    182x49  scen     450      19     707    19.35    10.15     5.07     3.51    77.40     7.6    22.0
mapf-map/Berlin_1_256             256x256  rand    1000     102    3489    70.93    30.62    16.39    14.00   425.53    13.9    30.4
mapf-map/Berlin_1_256             256x256  scen   24148     179    5794    96.96    46.56    23.92    23.17   725.59    15.6    31.3
mapf-map/Boston_0_256             256x256  rand    1000     128    3543    74.52    42.03    22.64    19.85   424.68    10.1    21.4
mapf-map/Boston_0_256             256x256  scen   23719     215    5540   105.09    60.50    32.38    32.46   667.06    11.0    20.6
mapf-map/brc202d                  530x481  rand    1000     423   11846   129.91    85.89    70.37    66.34  1566.62    18.2    23.6
mapf-map/brc202d                  530x481  scen   62029     562   15670   173.87   116.20    93.82    87.30  2142.56    18.4    24.5
mapf-map/den312d                    65x81  rand    1000      22     343    16.52     8.71     4.27     3.52    47.56     5.5    13.5
mapf-map/den312d                    65x81  scen    7082      29     488    17.80    10.30     4.75     4.05    67.35     6.5    16.6
mapf-map/den520d                  256x257  rand    1000      75    3381    80.07    29.01    16.46    12.34   515.70    17.8    41.8
mapf-map/den520d                  256x257  scen   21640     101    4608    87.98    34.52    17.62    16.38   683.64    19.8    41.7
mapf-map/empty-16-16                16x16  rand    1000       2      17     4.30     3.36     1.18     1.01     2.74     0.8     2.7
mapf-map/empty-16-16                16x16  scen    2992       2      18     4.29     3.52     1.19     0.99     2.80     0.8     2.8
mapf-map/empty-32-32                32x32  rand    1000       2      48     7.57     5.02     1.68     1.45     6.49     1.3     4.5
mapf-map/empty-32-32                32x32  scen   12736       2      48     8.21     4.88     1.43     1.28     6.56     1.3     5.1
mapf-map/empty-48-48                48x48  rand    1000       2      95    15.39     6.39     2.56     1.82    11.88     1.9     6.5
mapf-map/empty-48-48                48x48  scen   28731       2      89    15.13     6.34     1.78     1.53    11.95     1.9     7.8
mapf-map/empty-8-8                    8x8  rand    1000       2       7     3.04     2.56     0.97     0.93     1.51     0.6     1.6
mapf-map/empty-8-8                    8x8  scen     585       2       6     2.84     2.45     1.12     0.95     1.47     0.6     1.5
mapf-map/ht_chantry               162x141  rand    1000      44    1230    28.91    16.68     7.81     6.54   178.36    10.7    27.3
mapf-map/ht_chantry               162x141  scen   11513      57    1571    36.30    19.34    10.29     8.83   234.07    12.1    26.5
mapf-map/ht_mansion_n             133x270  rand    1000      43    1252    28.83    14.11     7.48     6.29   188.66    13.4    30.0
mapf-map/ht_mansion_n             133x270  scen   14015      62    1928    36.73    19.29    10.60     8.48   286.98    14.9    33.8
mapf-map/lak303d                  194x194  rand    1000     163    3470    59.13    37.96    22.73    20.35   360.51     9.5    17.7
mapf-map/lak303d                  194x194  scen   25657     251    5121    78.67    51.75    33.14    30.73   507.49     9.8    16.5
mapf-map/lt_gallowstemplar_n      251x180  rand    1000      51    1352    28.18    14.88     9.00     7.69   151.42    10.2    19.7
mapf-map/lt_gallowstemplar_n      251x180  scen   15399      62    1672    31.15    16.74     9.53     8.43   190.10    11.4    22.6
mapf-map/maze-128-128-1           128x128  rand    1000     880    3228   105.84    88.25    77.76    67.80   218.22     2.5     3.2
mapf-map/maze-128-128-1           128x128  scen   48648     885    3241   107.71    91.49    78.08    80.72   270.57     3.0     3.4
mapf-map/maze-128-128-10          128x128  rand    1000      37    4683    46.16    22.93     8.19     6.74   483.38    21.1    71.7
mapf-map/maze-128-128-10          128x128  scen   27046      47    6269    53.60    27.42     8.61     7.36   633.96    23.1    86.2
mapf-map/maze-128-128-2           128x128  rand    1000     757    4929   111.83    87.74    71.52    61.29   407.73     4.6     6.7
mapf-map/maze-128-128-2           128x128  scen   64662     748    4869   109.99    86.66    69.98    60.53   400.38     4.6     6.6
mapf-map/maze-32-32-2               32x32  rand    1000      40     241    10.47     7.82     4.89     3.68    21.63     2.8     5.9
mapf-map/maze-32-32-2               32x32  scen    4613      40     244    10.11     7.61     4.47     3.62    22.19     2.9     6.1
mapf-map/maze-32-32-4               32x32  rand    1000      13     227     9.91     7.04     2.64     2.10    23.26     3.3    11.1
mapf-map/maze-32-32-4               32x32  scen    3273      15     281    10.72     7.61     2.75     2.03    28.62     3.8    14.1
mapf-map/orz900d                 1491x656  rand    1000     885   35731   173.44   140.69   120.15   117.77  3662.86    26.0    31.1
mapf-map/orz900d                 1491x656  scen  161069    1161   46684   292.98   237.39   211.87   205.41  5653.49    23.8    27.5
mapf-map/ost003d                  194x194  rand    1000     103    3095    65.23    28.48    15.28    16.59   416.65    14.6    25.1
mapf-map/ost003d                  194x194  scen   20476     142    4244    71.51    39.14    21.88    19.12   559.77    14.3    29.3
mapf-map/Paris_1_256              256x256  rand    1000     157    3762   115.15    45.11    28.65    22.72   561.60    12.5    24.7
mapf-map/Paris_1_256              256x256  scen   26387     377    8099   211.23   102.67    60.59    58.48  1259.06    12.3    21.5
mapf-map/random-32-32-10            32x32  rand    1000      18      51     7.94     6.08     3.79     3.08     7.80     1.3     2.5
mapf-map/random-32-32-10            32x32  scen    2547      23      66     9.01     7.64     4.49     3.85     9.30     1.2     2.4
mapf-map/random-32-32-20            32x32  rand    1000      31      73    10.16     8.12     5.55     4.76    10.12     1.2     2.1
mapf-map/random-32-32-20            32x32  scen     971      50     119    13.67    11.16     8.05     7.47    15.53     1.4     2.1
mapf-map/random-64-64-10            64x64  rand    1000      50     153    15.60    12.71     8.56     7.43    19.69     1.5     2.7
mapf-map/random-64-64-10            64x64  scen    5155      72     214    25.20    17.39    12.68    11.53    30.56     1.8     2.7
mapf-map/random-64-64-20            64x64  rand    1000      95     229    29.52    21.81    16.01    15.03    30.05     1.4     2.0
mapf-map/random-64-64-20            64x64  scen    2483     187     436    50.52    41.06    26.74    29.80    61.17     1.5     2.1
mapf-map/room-32-32-4               32x32  rand    1000      28      93    10.86     7.97     4.87     3.90    12.81     1.6     3.3
mapf-map/room-32-32-4               32x32  scen    2998      36     118    11.47     9.51     5.72     4.97    15.11     1.6     3.0
mapf-map/room-64-64-16              64x64  rand    1000      29     857    25.10    14.83     6.49     5.36    96.75     6.5    18.1
mapf-map/room-64-64-16              64x64  scen    9942      40    1263    35.59    19.30     7.37     6.61   182.23     9.4    27.6
mapf-map/room-64-64-8               64x64  rand    1000      44     549    20.24    15.23     7.36     6.75    61.61     4.0     9.1
mapf-map/room-64-64-8               64x64  scen    7604      60     779    28.95    20.29    10.12     8.06   102.44     5.0    12.7
mapf-map/warehouse-10-20-10-2…     161x63  rand    1000      36     534    22.02    11.68     7.01     5.20    42.12     3.6     8.1
mapf-map/warehouse-10-20-10-2…     161x63  scen   11168      46     692    30.09    14.78     7.50     6.07    63.95     4.3    10.5
mapf-map/warehouse-10-20-10-2…     170x84  rand    1000     155     898    46.94    32.73    22.95    18.35   120.09     3.7     6.5
mapf-map/warehouse-10-20-10-2…     170x84  scen   12226     215    1208    58.45    41.50    28.25    26.81   169.59     4.1     6.3
mapf-map/warehouse-20-40-10-2…    321x123  rand    1000     129    2077    75.16    29.84    19.10    16.90   205.81     6.9    12.2
mapf-map/warehouse-20-40-10-2…    321x123  scen   22737     163    2705    88.89    41.21    25.60    22.33   294.93     7.2    13.2
mapf-map/warehouse-20-40-10-2…    340x164  rand    1000     616    3218   187.56   112.51   103.00    84.98   439.73     3.9     5.2
mapf-map/warehouse-20-40-10-2…    340x164  scen   24990     953    4783   272.66   186.63   152.08   130.95   635.32     3.4     4.9
mapf-map/w_woundedcoast           642x578  rand    1000     191    7419    67.01    46.81    30.07    29.19  1026.63    21.9    35.2
mapf-map/w_woundedcoast           642x578  scen   52517     237    9404    67.67    48.00    34.41    32.76  1107.24    23.1    33.8
sc1-map/AcrosstheCape             768x768  rand    1000     466   43787   352.51   156.11    99.36    81.75  6158.24    39.4    75.3
sc1-map/AcrosstheCape             768x768  scen    3150     691   62575   390.68   186.18   127.93   126.00  8760.14    47.1    69.5
sc1-map/Aftershock                512x512  rand    1000     191   15715   201.41    67.24    43.58    32.33  2097.90    31.2    64.9
sc1-map/Aftershock                512x512  scen    1920     254   21459   213.95    81.27    47.86    44.48  2911.35    35.8    65.5
sc1-map/Archipelago               512x512  rand    1000     200   16320   175.14    66.39    44.75    36.63  2200.61    33.1    60.1
sc1-map/Archipelago               512x512  scen    2310     357   29061   191.64   105.30    57.10    67.15  4057.87    38.5    60.4
sc1-map/ArcticStation             768x768  rand    1000    1150   82382   446.15   238.10   197.44   166.98 10384.21    43.6    62.2
sc1-map/ArcticStation             768x768  scen    4300    1688  118252   516.11   317.22   247.86   249.45 15199.16    47.9    60.9
sc1-map/Aurora                   1024x768  rand    1000    1219   57023   450.02   293.21   205.28   198.21  8095.27    27.6    40.8
sc1-map/Aurora                   1024x768  scen    3250    1878   83584   519.86   375.44   277.03   287.65 12192.94    32.5    42.4
sc1-map/Backwoods                 768x512  rand    1000     867   29785   306.38   199.63   144.67   144.27  3798.92    19.0    26.3
sc1-map/Backwoods                 768x512  scen    2540     894   30700   305.03   187.47   145.38   139.65  3925.86    20.9    28.1
sc1-map/BigGameHunters            512x512  rand    1000     125   17638   188.39    52.44    36.55    23.05  2245.31    42.8    97.4
sc1-map/BigGameHunters            512x512  scen    1890     127   18897   170.97    49.98    31.55    22.22  2479.03    49.6   111.6
sc1-map/BlackLotus                768x768  rand    1000     830   63565   315.61   186.20   145.66   134.21  8487.39    45.6    63.2
sc1-map/BlackLotus                768x768  scen    4130    1234   89927   365.11   240.61   191.00   186.26 11876.49    49.4    63.8
sc1-map/BlastFurnace              768x768  rand    1000     620   45191   376.56   188.23   131.37   112.35  6156.66    32.7    54.8
sc1-map/BlastFurnace              768x768  scen    3390    1074   76509   462.63   255.39   188.74   180.84 10641.48    41.7    58.8
sc1-map/BrokenSteppes             768x768  rand    1000     294   31444   296.23   114.67    69.39    48.09  4444.31    38.8    92.4
sc1-map/BrokenSteppes             768x768  scen    3000     564   56689   361.63   151.49   105.73    94.76  8420.05    55.6    88.9
sc1-map/Brushfire                 512x512  rand    1000     354   20568   192.32    80.55    62.27    47.50  2569.34    31.9    54.1
sc1-map/Brushfire                 512x512  scen    2180     394   22396   173.75    90.00    59.26    56.91  2880.97    32.0    50.6
sc1-map/Caldera                   512x512  rand    1000      99   10682   182.05    49.89    31.29    21.19  1445.90    29.0    68.2
sc1-map/Caldera                   512x512  scen    1840     160   17122   185.95    61.36    37.27    27.88  2414.61    39.4    86.6
sc1-map/CatwalkAlley              512x512  rand    1000    1047   47516   322.25   207.80   167.59   152.75  6079.22    29.3    39.8
sc1-map/CatwalkAlley              512x512  scen    2720    1271   57558   356.94   226.96   172.47   168.77  7442.10    32.8    44.1
sc1-map/Cauldron                1024x1024  rand    1000    1069   66468   504.54   282.21   205.86   203.99  9613.59    34.1    47.1
sc1-map/Cauldron                1024x1024  scen    4050    1841  107414   607.58   409.07   306.88   327.40 15836.06    38.7    48.4
sc1-map/CrashSites                768x768  rand    1000     290   22824   191.81    81.59    55.27    50.72  3214.11    39.4    63.4
sc1-map/CrashSites                768x768  scen    2690     438   35709   222.35   109.38    76.34    72.91  5083.98    46.5    69.7
sc1-map/CrescentMoon              512x512  rand    1000     106   13745   156.52    46.88    25.59    18.74  1797.97    38.4    96.0
sc1-map/CrescentMoon              512x512  scen    1920     151   21009   165.46    54.72    30.46    24.70  2868.31    52.4   116.1
sc1-map/Crossroads                768x768  rand    1000     313   32912   381.34   128.04    88.47    60.18  4537.33    35.4    75.4
sc1-map/Crossroads                768x768  scen    2960     421   45430   391.53   147.33    84.94    83.21  6411.33    43.5    77.1
sc1-map/DarkContinent             512x768  rand    1000     375   36841   293.95   120.39    85.83    58.57  5105.47    42.4    87.2
sc1-map/DarkContinent             512x768  scen    2650     496   49046   310.91   134.01    88.49    81.66  6957.21    51.9    85.2
sc1-map/Desolation                512x512  rand    1000     154   12932   195.30    56.07    39.50    28.89  1699.71    30.3    58.8
sc1-map/Desolation                512x512  scen    1900     214   18314   194.00    69.65    39.68    35.85  2429.27    34.9    67.8
sc1-map/EbonLakes                 512x512  rand    1000     246   20253   196.87    70.56    53.43    37.72  2693.43    38.2    71.4
sc1-map/EbonLakes                 512x512  scen    2010     344   28209   202.12    96.42    57.81    51.06  3805.77    39.5    74.5
sc1-map/Elderlands                768x768  rand    1000     391   26031   341.77   124.59    87.21    70.50  3428.72    27.5    48.6
sc1-map/Elderlands                768x768  scen    2780     507   31683   345.75   151.25    95.80    92.63  4477.21    29.6    48.3
sc1-map/Enigma                    768x768  rand    1000     853   43751   261.06   176.28   134.01   125.08  5551.95    31.5    44.4
sc1-map/Enigma                    768x768  scen    3370    1019   50948   269.38   178.49   153.93   146.55  6569.19    36.8    44.8
sc1-map/Entanglement              512x512  rand    1000     197    9945   164.24    62.00    41.50    33.14  1322.44    21.3    39.9
sc1-map/Entanglement              512x512  scen    1820     365   17678   201.02    96.49    62.84    59.85  2509.73    26.0    41.9
sc1-map/Eruption                  512x512  rand    1000     255   18034   193.86    77.55    52.16    39.25  2353.21    30.3    60.0
sc1-map/Eruption                  512x512  scen    1920     329   22727   194.76    87.38    53.51    49.92  3055.09    35.0    61.2
sc1-map/Expedition              1024x1024  rand    1000     690   34208   450.53   219.86   157.73   139.38  4863.69    22.1    34.9
sc1-map/Expedition              1024x1024  scen    3580    1414   58420   552.56   337.30   242.16   257.00  8799.68    26.1    34.2
sc1-map/FireWalker                512x384  rand    1000     328   27703   196.15    79.51    55.64    44.57  3260.97    41.0    73.2
sc1-map/FireWalker                512x384  scen    2550     392   33547   197.31   106.96    57.33    63.84  4024.74    37.6    63.0
sc1-map/FloodedPlains             768x768  rand    1000     437   32243   284.14   125.10    95.28    69.28  4653.42    37.2    67.2
sc1-map/FloodedPlains             768x768  scen    3050     768   53661   326.61   187.95   126.15   132.77  7956.08    42.3    59.9
sc1-map/GhostTown                 768x512  rand    1000     357   16815   293.21   106.74    74.78    53.86  2181.30    20.4    40.5
sc1-map/GhostTown                 768x512  scen    2510     973   39457   409.08   216.15   152.18   151.36  5363.90    24.8    35.4
sc1-map/GladiatorPits             768x512  rand    1000     367   34616   284.53   106.43    84.94    55.62  4641.58    43.6    83.5
sc1-map/GladiatorPits             768x512  scen    2710     544   49954   295.73   134.21    88.56    85.12  6960.83    51.9    81.8
sc1-map/GreenerPastures           768x512  rand    1000     177   24396   314.94    87.41    52.98    32.72  3197.49    36.6    97.7
sc1-map/GreenerPastures           768x512  scen    2700     343   46428   364.56   121.29    69.94    61.15  6350.84    52.4   103.9
sc1-map/Hellfire                  768x768  rand    1000     294   29469   261.92    96.38    65.95    50.98  4106.00    42.6    80.5
sc1-map/Hellfire                  768x768  scen    3030     462   45963   283.10   121.26    81.50    77.16  6574.54    54.2    85.2
sc1-map/HotZone                   512x512  rand    1000     126   12684   178.93    52.61    35.08    21.67  1753.84    33.3    80.9
sc1-map/HotZone                   512x512  scen    1850     166   17275   176.14    60.45    35.85    29.14  2401.20    39.7    82.4
sc1-map/IceFloes                  384x384  rand    1000     283   14620   157.30    67.27    47.71    38.85  1796.85    26.7    46.3
sc1-map/IceFloes                  384x384  scen    1680     417   21097   172.70    86.91    63.42    57.51  2657.84    30.6    46.2
sc1-map/IceMountain               512x512  rand    1000     934   43743   407.53   222.17   174.77   168.97  5421.60    24.4    32.1
sc1-map/IceMountain               512x512  scen    3580    1496   68454   492.66   317.31   245.35   247.70  8489.75    26.8    34.3
sc1-map/Inferno                   768x768  rand    1000    2114   99176   488.92   374.96   329.29   304.25 12359.95    33.0    40.6
sc1-map/Inferno                   768x768  scen    6010    2546  120055   565.14   409.08   359.24   347.60 14994.92    36.7    43.1
sc1-map/Isolation                 512x512  rand    1000     157   20916   244.53    76.85    45.08    34.08  2781.18    36.2    81.6
sc1-map/Isolation                 512x512  scen    2090     298   37515   260.85   112.82    57.77    55.32  4877.12    43.2    88.2
sc1-map/JungleSiege               768x768  rand    1000     867   67521   344.89   200.35   160.59   145.47  8813.25    44.0    60.6
sc1-map/JungleSiege               768x768  scen    3490    1074   83631   367.79   216.95   167.01   160.26 11012.78    50.8    68.7
sc1-map/Labyrinth                768x1024  rand    1000     804   69278   345.29   178.78   151.03   135.09  9051.20    50.6    67.0
sc1-map/Labyrinth                768x1024  scen    4440    1029   87711   371.69   209.67   165.31   154.80 11800.48    56.3    76.2
sc1-map/LakeShore                 768x768  rand    1000     938   76268   407.40   231.85   161.75   169.87 10378.28    44.8    61.1
sc1-map/LakeShore                 768x768  scen    3950    1449  114189   482.39   298.25   238.31   230.49 15935.05    53.4    69.1
sc1-map/Legacy                    512x512  rand    1000    1209   21650   380.86   259.67   197.51   200.48  2792.78    10.8    13.9
sc1-map/Legacy                    512x512  scen    2060    1831   29486   473.34   339.03   284.82   279.01  3948.80    11.6    14.2
sc1-map/Medusa                    768x768  rand    1000     803   48518   354.66   197.92   138.34   140.01  6745.60    34.1    48.2
sc1-map/Medusa                    768x768  scen    3360    1281   72374   400.21   265.70   211.15   204.32 10101.82    38.0    49.4
sc1-map/Nightshade               1024x768  rand    1000     484   44984   325.94   165.39   101.79    80.86  6323.74    38.2    78.2
sc1-map/Nightshade               1024x768  scen    3610     785   71077   372.50   201.82   132.89   135.87 10310.52    51.1    75.9
sc1-map/NovaStation               512x512  rand    1000     439   24560   163.27    84.51    73.27    53.65  3085.88    36.5    57.5
sc1-map/NovaStation               512x512  scen    2770     512   28806   172.36    96.10    72.05    69.13  3619.88    37.7    52.4
sc1-map/Octopus                 1024x1024  rand    1000     654   40735   305.67   184.65   135.01   119.78  5432.97    29.4    45.4
sc1-map/Octopus                 1024x1024  scen    3480     912   54283   333.37   204.64   156.69   155.60  7540.14    36.8    48.5
sc1-map/OrbitalGully              512x512  rand    1000     270   20823   226.04    79.83    56.82    40.77  2878.33    36.1    70.6
sc1-map/OrbitalGully              512x512  scen    2110     487   36472   253.73   117.46    76.98    76.39  5134.63    43.7    67.2
sc1-map/Predators                 512x512  rand    1000     131   10835   145.15    48.99    32.05    24.41  1472.23    30.1    60.3
sc1-map/Predators                 512x512  scen    1510     180   14889   161.17    57.72    35.06    32.80  2016.76    34.9    61.5
sc1-map/PrimevalIsles           1024x1024  rand    1000    1132   47466   439.88   285.78   205.61   212.05  6978.65    24.4    32.9
sc1-map/PrimevalIsles           1024x1024  scen    3870    1940   78305   598.40   410.17   321.72   332.34 11773.30    28.7    35.4
sc1-map/Ramparts                  512x512  rand    1000     729   35996   271.13   160.94   113.52    95.18  4407.65    27.4    46.3
sc1-map/Ramparts                  512x512  scen    2930     947   47192   305.11   175.60   135.87   126.60  5791.43    33.0    45.7
sc1-map/RedCanyons                512x512  rand    1000     132   13798   173.88    51.41    36.71    23.09  1847.72    35.9    80.0
sc1-map/RedCanyons                512x512  scen    1900     201   21273   191.28    67.45    36.95    31.71  2928.16    43.4    92.3
sc1-map/RiverLethe                512x768  rand    1000     608   30598   336.88   176.67   121.45   107.50  4178.94    23.7    38.9
sc1-map/RiverLethe                512x768  scen    3110    1539   68830   519.96   326.24   245.49   253.74 10015.63    30.7    39.5
sc1-map/Rosewood                  512x512  rand    1000     361   13816   218.47    98.66    71.95    59.92  1798.31    18.2    30.0
sc1-map/Rosewood                  512x512  scen    2020     763   26726   281.70   171.61   129.19   123.22  3613.80    21.1    29.3
sc1-map/Sanctuary                 512x512  rand    1000     266   27042   209.04    80.71    57.34    43.55  3497.35    43.3    80.3
sc1-map/Sanctuary                 512x512  scen    2240     363   35499   228.24   104.85    61.76    69.22  4497.95    42.9    65.0
sc1-map/Sandstorm                 512x384  rand    1000     132   11402   105.18    41.16    23.38    19.71  1430.55    34.8    72.6
sc1-map/Sandstorm                 512x384  scen    1780     178   14775   106.11    45.43    27.66    25.32  1872.19    41.2    73.9
sc1-map/SapphireIsles             768x768  rand    1000     341   23369   214.28    95.30    73.69    52.27  3039.02    31.9    58.1
sc1-map/SapphireIsles             768x768  scen    3610     820   52094   307.51   176.82   138.97   135.21  6960.94    39.4    51.5
sc1-map/ShroudPlatform            512x512  rand    1000     483   29154   212.47   115.39    76.53    74.46  3717.77    32.2    49.9
sc1-map/ShroudPlatform            512x512  scen    2540     798   47405   251.15   152.09   109.41   108.13  6224.83    40.9    57.6
sc1-map/Sirocco                   768x512  rand    1000     642   61998   372.43   180.77   126.24   115.11  8141.07    45.0    70.7
sc1-map/Sirocco                   768x512  scen    3190     947   88196   404.92   222.12   158.79   144.96 11811.04    53.2    81.5
sc1-map/SpaceAtoll                512x512  rand    1000     670   36103   247.16   147.94   113.53   101.17  4563.63    30.8    45.1
sc1-map/SpaceAtoll                512x512  scen    2800     895   47751   275.71   171.36   122.06   122.72  6180.49    36.1    50.4
sc1-map/SpaceDebris               512x512  rand    1000     300   21946   179.98    80.81    54.79    48.89  2873.27    35.6    58.8
sc1-map/SpaceDebris               512x512  scen    2410     479   32886   219.38   120.72    68.44    77.12  4280.22    35.5    55.5
sc1-map/SpringThaw               1024x512  rand    1000     867   40359   481.06   243.52   163.90   166.67  5353.93    22.0    32.1
sc1-map/SpringThaw               1024x512  scen    3210    1347   60591   519.64   305.87   224.01   230.18  8280.69    27.1    36.0
sc1-map/SteppingStones            512x512  rand    1000     127   11558   187.65    54.36    33.03    23.29  1465.74    27.0    62.9
sc1-map/SteppingStones            512x512  scen    2450     402   31373   257.13   119.75    72.49    71.03  4150.17    34.7    58.4
sc1-map/TaleofTwoCities           768x512  rand    1000     380   22319   310.29   113.87    75.89    59.28  2900.74    25.5    48.9
sc1-map/TaleofTwoCities           768x512  scen    2510     661   37077   349.89   159.83   102.42   100.58  5028.19    31.5    50.0
sc1-map/TheatreofWar              768x768  rand    1000     389   36420   261.28   103.80    78.96    59.09  4749.80    45.8    80.4
sc1-map/TheatreofWar              768x768  scen    3430     563   50656   288.03   135.61    91.44    88.67  6640.17    49.0    74.9
sc1-map/TheFrozenSea            1024x1024  rand    1000    1395   76275   559.06   345.40   258.75   238.17 11331.81    32.8    47.6
sc1-map/TheFrozenSea            1024x1024  scen    4090    2098  111701   640.96   438.26   338.66   344.63 16915.83    38.6    49.1
sc1-map/TheHighway                768x512  rand    1000    1144   60137   444.14   259.12   191.35   190.77  7493.01    28.9    39.3
sc1-map/TheHighway                768x512  scen    4090    1871   96951   529.12   351.64   285.73   293.46 11911.68    33.9    40.6
sc1-map/ThinIce                   768x512  rand    1000     649   38541   244.18   170.92   112.52   111.86  4953.64    29.0    44.3
sc1-map/ThinIce                   768x512  scen    3040     953   54008   287.97   188.87   145.09   138.64  7038.50    37.3    50.8
sc1-map/Tribes                    768x768  rand    1000     133   18719   247.64    61.12    41.98    26.91  2584.75    42.3    96.0
sc1-map/Tribes                    768x768  scen    2570     242   33898   275.22    89.11    48.97    45.24  4964.64    55.7   109.7
sc1-map/Triskelion                512x512  rand    1000     441   29192   256.09   125.55    82.26    72.55  3784.35    30.1    52.2
sc1-map/Triskelion                512x512  scen    2250     597   38707   267.59   150.14    92.93   103.20  5186.03    34.5    50.3
sc1-map/Turbo                     768x768  rand    1000     331   41859   268.10   104.32    81.69    54.25  5540.21    53.1   102.1
sc1-map/Turbo                     768x768  scen    3650     629   77435   336.01   157.51   108.48   104.72 10566.29    67.1   100.9
sc1-map/Typhoon                   768x512  rand    1000     215   16332   167.93    64.48    45.32    35.24  2075.54    32.2    58.9
sc1-map/Typhoon                   768x512  scen    1910     212   16405   157.19    60.14    37.17    30.80  2092.06    34.8    67.9
sc1-map/ValleyofRe                768x768  rand    1000     779   48646   349.29   169.78   146.86   130.52  6355.84    37.4    48.7
sc1-map/ValleyofRe                768x768  scen    3920    1110   68102   368.56   233.77   169.46   188.74  9005.97    38.5    47.7
sc1-map/WarpGates                 512x512  rand    1000     233   14928   194.04    69.85    48.14    38.05  2055.09    29.4    54.0
sc1-map/WarpGates                 512x512  scen    2020     362   22674   203.50    96.57    61.87    58.89  3142.40    32.5    53.4
sc1-map/WatersEdge                512x512  rand    1000     201   21032   160.39    64.79    45.64    29.98  2611.35    40.3    87.1
sc1-map/WatersEdge                512x512  scen    2200     216   22161   160.95    61.55    39.85    32.91  2738.01    44.5    83.2
sc1-map/WaypointJunction          512x512  rand    1000     246   15535   183.77    74.06    52.44    42.75  2051.24    27.7    48.0
sc1-map/WaypointJunction          512x512  scen    1610     308   19739   189.54    79.92    49.99    44.25  2657.79    33.3    60.1
sc1-map/WheelofWar                768x768  rand    1000     402   50335   304.06   138.49    86.77    73.76  6927.84    50.0    93.9
sc1-map/WheelofWar                768x768  scen    3020     509   63219   309.17   149.68    89.61    96.82  8727.76    58.3    90.1
sc1-map/WinterConquest            512x512  rand    1000     386   26543   232.39    95.06    74.44    62.84  3285.46    34.6    52.3
sc1-map/WinterConquest            512x512  scen    2210     456   30431   241.95   104.43    73.85    71.78  3827.92    36.7    53.3
wc3maps512-map/battleground       512x512  rand    1000      35    4509    96.75    26.40    14.61     9.42   577.56    21.9    61.3
wc3maps512-map/battleground       512x512  scen    1330      62    7966   109.29    35.65    17.09    13.64  1097.00    30.8    80.4
wc3maps512-map/blastedlands       512x512  rand    1000      62    6904   130.68    37.46    21.16    14.49   946.70    25.3    65.3
wc3maps512-map/blastedlands       512x512  scen    1360      83    9210   127.77    38.03    20.66    17.31  1287.88    33.9    74.4
wc3maps512-map/bloodvenomfalls    512x512  rand    1000     103    9143   147.07    47.11    27.38    22.27  1245.74    26.4    55.9
wc3maps512-map/bloodvenomfalls    512x512  scen    1570     197   16371   167.58    71.24    40.39    36.92  2272.80    31.9    61.6
wc3maps512-map/bootybay           512x512  rand    1000      82   12523   120.77    36.82    21.41    14.14  1581.93    43.0   111.9
wc3maps512-map/bootybay           512x512  scen    2210     179   27745   134.67    53.89    32.44    28.77  3486.08    64.7   121.2
wc3maps512-map/darkforest         512x512  rand    1000      45    5990    97.63    31.61    15.53    11.34   823.84    26.1    72.6
wc3maps512-map/darkforest         512x512  scen    1510      84   10854   100.02    39.20    20.35    19.71  1529.47    39.0    77.6
wc3maps512-map/deadwaterdrop      512x512  rand    1000      41    5281   107.55    28.79    15.86    11.20   713.51    24.8    63.7
wc3maps512-map/deadwaterdrop      512x512  scen    1120      59    7745   104.49    31.66    17.76    14.30  1065.21    33.6    74.5
wc3maps512-map/divideandconqu…    512x512  rand    1000     125   11775   142.96    52.55    32.10    23.57  1615.63    30.7    68.6
wc3maps512-map/divideandconqu…    512x512  scen    1630     216   19798   162.29    72.94    41.60    42.56  2800.67    38.4    65.8
wc3maps512-map/dragonfire         512x512  rand    1000      65    7310   112.00    39.13    17.96    14.10   995.32    25.4    70.6
wc3maps512-map/dragonfire         512x512  scen    1460     112   12670   123.02    43.57    23.92    23.89  1760.64    40.4    73.7
wc3maps512-map/drywatergulch      512x512  rand    1000     174   21038   180.07    64.02    41.96    31.03  2769.03    43.3    89.2
wc3maps512-map/drywatergulch      512x512  scen    1980     315   36153   208.85    93.94    60.44    56.64  4711.88    50.2    83.2
wc3maps512-map/duskwood           512x512  rand    1000      39    7483   123.76    32.27    18.34    11.49  1013.88    31.4    88.3
wc3maps512-map/duskwood           512x512  scen    1540      57   11163   126.01    40.24    17.80    14.82  1546.60    38.4   104.4
wc3maps512-map/dustwallowkeys     512x512  rand    1000      69   10727   185.83    47.60    26.47    16.48  1470.57    30.9    89.2
wc3maps512-map/dustwallowkeys     512x512  scen    1690     125   18508   201.20    69.85    31.47    28.32  2673.29    38.3    94.4
wc3maps512-map/frostsabre         512x512  rand    1000      41    5240    98.55    29.83    15.35     9.63   733.66    24.6    76.2
wc3maps512-map/frostsabre         512x512  scen    1310      64    8231    98.28    33.07    16.04    14.82  1161.79    35.1    78.4
wc3maps512-map/gardenofwar        512x512  rand    1000      58    8218   121.77    40.41    19.99    14.20  1113.47    27.6    78.4
wc3maps512-map/gardenofwar        512x512  scen    1440      73   10978   117.52    39.84    20.17    18.72  1540.55    38.7    82.3
wc3maps512-map/gnollwood          512x512  rand    1000      34    4467   101.96    25.39    14.88     8.94   618.68    24.4    69.2
wc3maps512-map/gnollwood          512x512  scen    1260      47    6202   107.42    27.85    14.98    12.00   830.17    29.8    69.2
wc3maps512-map/golemsinthemist    512x512  rand    1000      39    6371   123.27    34.99    15.89    10.81   849.38    24.3    78.6
wc3maps512-map/golemsinthemist    512x512  scen    1400      56    9355   112.21    32.91    15.93    12.58  1273.56    38.7   101.2
wc3maps512-map/harvestmoon        512x512  rand    1000      98   10709   124.46    44.09    24.09    18.55  1450.30    32.9    78.2
wc3maps512-map/harvestmoon        512x512  scen    1420     129   13768   127.25    46.35    27.98    27.08  1847.92    39.9    68.3
wc3maps512-map/heart2heart        512x512  rand    1000      70   17064   161.92    41.39    23.68    14.61  2074.66    50.1   142.0
wc3maps512-map/heart2heart        512x512  scen    2030     115   27153   160.13    48.59    26.18    23.76  3273.44    67.4   137.8
wc3maps512-map/hillsofglory       512x512  rand    1000      24    6838   109.22    26.49    12.76     7.95   882.44    33.3   111.0
wc3maps512-map/hillsofglory       512x512  scen    1350      40   12693   115.16    30.17    14.41    11.96  1734.08    57.5   145.0
wc3maps512-map/icecrown           512x512  rand    1000      41    6841   167.51    36.30    22.96    10.75   896.78    24.7    83.4
wc3maps512-map/icecrown           512x512  scen    1720     112   16961   220.76    65.92    28.01    22.64  2470.84    37.5   109.1
wc3maps512-map/isleofdread        512x512  rand    1000     120   12239   166.92    55.04    35.97    23.86  1689.39    30.7    70.8
wc3maps512-map/isleofdread        512x512  scen    1580     176   18528   175.54    68.17    38.03    36.30  2535.32    37.2    69.8
wc3maps512-map/losttemple         512x512  rand    1000      53    5391   116.47    32.56    17.24    12.05   743.16    22.8    61.7
wc3maps512-map/losttemple         512x512  scen    1390      90    8900   118.51    41.48    22.91    19.88  1214.85    29.3    61.1
wc3maps512-map/moonglade          512x512  rand    1000      43    6327   141.57    37.50    19.67    13.14   844.83    22.5    64.3
wc3maps512-map/moonglade          512x512  scen    1710     130   17382   184.88    58.45    31.63    27.90  2489.46    42.6    89.2
wc3maps512-map/mysticisles        512x512  rand    1000     107   14911   141.59    53.49    26.45    22.32  1915.55    35.8    85.8
wc3maps512-map/mysticisles        512x512  scen    2060     189   26017   169.13    66.80    37.22    37.32  3379.76    50.6    90.6
wc3maps512-map/nighthaven         512x512  rand    1000      33    9642   143.74    35.05    18.51    10.20  1284.67    36.6   125.9
wc3maps512-map/nighthaven         512x512  scen    1420      46   14062   164.59    37.32    19.17    12.91  1995.71    53.5   154.6
wc3maps512-map/petrifiedforest    512x512  rand    1000      71    7841   132.37    39.20    22.18    16.45  1070.36    27.3    65.0
wc3maps512-map/petrifiedforest    512x512  scen    1520     124   12940   145.08    50.69    27.52    25.17  1815.84    35.8    72.2
wc3maps512-map/plaguelands        512x512  rand    1000      74    7886   106.59    33.64    20.46    14.08  1049.40    31.2    74.5
wc3maps512-map/plaguelands        512x512  scen    1600     140   15213   111.12    47.06    29.45    24.40  2036.26    43.3    83.5
wc3maps512-map/plainsofsnow       512x512  rand    1000      23    7091   114.38    26.82    13.15     7.72   933.94    34.8   121.0
wc3maps512-map/plainsofsnow       512x512  scen    1480      35   12595   124.82    29.14    14.15     9.52  1693.94    58.1   177.9
wc3maps512-map/plunderisle        512x512  rand    1000      59   12645   186.46    51.97    25.71    15.56  1675.59    32.2   107.7
wc3maps512-map/plunderisle        512x512  scen    1640      78   16443   188.35    50.75    27.14    17.65  2272.44    44.8   128.8
wc3maps512-map/riverrun           512x512  rand    1000     263   15970   176.59    80.47    58.24    48.78  2105.28    26.2    43.2
wc3maps512-map/riverrun           512x512  scen    2010     494   28283   236.40   137.54    89.19    91.06  3689.40    26.8    40.5
wc3maps512-map/scorchedbasin      512x512  rand    1000      28    4286    85.71    23.94    12.27     7.76   571.90    23.9    73.7
wc3maps512-map/scorchedbasin      512x512  scen    1270      54    8523    97.76    28.03    17.43    12.04  1145.86    40.9    95.2
wc3maps512-map/stromguarde        512x512  rand    1000      60    3498   114.02    35.72    16.83    12.75   464.88    13.0    36.5
wc3maps512-map/stromguarde        512x512  scen    1090     162    8502   142.74    55.54    33.39    29.40  1154.40    20.8    39.3
wc3maps512-map/swampofsorrows     512x512  rand    1000      74    6501   132.05    44.50    23.31    15.78   878.22    19.7    55.7
wc3maps512-map/swampofsorrows     512x512  scen    1310     118   10011   140.18    48.32    27.94    24.30  1412.35    29.2    58.1
wc3maps512-map/thecrucible        512x512  rand    1000      54    5827    84.57    28.72    17.21    11.44   783.37    27.3    68.5
wc3maps512-map/thecrucible        512x512  scen    1180      67    7493    74.42    30.66    18.82    13.01   996.76    32.5    76.6
wc3maps512-map/theglaive          512x512  rand    1000      32    6328   128.87    30.38    15.45     9.50   836.62    27.5    88.1
wc3maps512-map/theglaive          512x512  scen    1450      59   12557   121.74    39.91    17.20    13.67  1657.39    41.5   121.2
wc3maps512-map/timbermawhold      512x512  rand    1000      74    9655   190.20    47.83    26.18    17.08  1288.31    26.9    75.4
wc3maps512-map/timbermawhold      512x512  scen    2080     296   30583   271.29   112.23    64.39    63.83  4128.45    36.8    64.7
wc3maps512-map/tranquilpaths      512x512  rand    1000      69    6768    81.08    30.46    16.03    12.82   874.44    28.7    68.2
wc3maps512-map/tranquilpaths      512x512  scen    1340      96    9621    88.10    37.81    20.10    18.74  1294.28    34.2    69.1
------------------------------------------------------------------------------------------------------------------------------------
[rand] 562000 组：C# 冷 48595ms/热 14984ms  C 冷 22484ms/热 12933ms  A* 565868ms；A*/C 冷=25.2x 热=43.8x；C#/C 冷=2.16x 热=1.16x
[scen] 1414808 组：C# 冷 225248ms/热 109174ms  C 冷 141717ms/热 104944ms  A* 3589221ms；A*/C 冷=25.3x 热=34.2x；C#/C 冷=1.59x 热=1.04x
