# JPS(C#/C) cold/hot vs A* benchmark   2026-07-05 20:02:40
Host OS:  Microsoft Windows 10.0.26200 (X64)
Host CPU: AMD Ryzen 7 5800X3D 8-Core Processor; 16 logical cores
          AMD64 Family 25 Model 33 Stepping 2  [AuthenticAMD]
          topology=8core x 16thread  maxfreq=3401 MHz
          cache: L2=4096 KB  L3=98304 KB
Runtime:  .NET 10.0.9 (X64)
Build config: corner-cutting=off, concurrent-cache=on
Native: enabled (G:\GitHub\JPS\x64\Release\JPS.Native.dll)
Scope: movingai/; 1354 .scen / 562 maps; rand target 1000/map; scen dedup 1414808 from 1423420
Parallelism: 7 map workers pinned to CPUs [1,3,5,7,9,11,13] (default: half of logical CPUs, every other)
Timing mode: parallel throughput by map group. Rows are emitted in map dispatch order as results arrive.
cold = before each query flip a few cells in a small window then restore + Sync (invalidates the jump-point cache); hot = warm cache reuse.

Columns:
  map          map name (relative path)
  size         width x height
  tag          rand = random sampled pairs / scen = .scen cases
  pairs        start/goal pairs timed
  JPSexp/A*exp mean expanded nodes per query (JPS / A*)
  cC# / cC     C# / C JPS cold-path mean time (us/query)
  wC# / wC     C# / C JPS hot-path mean time (us/query)
  A*us         A* mean time per query (us/query)
  A*/cC A*/wC  A*us divided by C cold / hot time (higher = C JPS faster than A*)
  color: cC/wC vs same-language C# faster=green slower=red; any JPS time slower than A*=red; A*/cC or A*/wC < 1 = red

------------------------------------------------------------------------------------------------------------------------------------
map                                  size   tag   pairs  JPSexp   A*exp      cC#       cC      wC#       wC     A*us   A*/cC   A*/wC
------------------------------------------------------------------------------------------------------------------------------------
bg512-map/AR0011SR                512x512  rand    1000      68   17271   138.63    30.53    22.44    13.46  1838.14    60.2   136.6
bg512-map/AR0011SR                512x512  scen    2180     130   32731   153.73    40.05    31.04    21.36  3611.85    90.2   169.1
bg512-map/AR0012SR                512x512  rand    1000      44    7727    79.71    23.30    16.57     9.97   870.33    37.3    87.3
bg512-map/AR0012SR                512x512  scen    1370      68   12706    83.90    26.70    19.82    13.07  1467.44    55.0   112.3
bg512-map/AR0013SR                512x512  rand    1000      38    4738    69.06    21.91    14.94     9.22   544.34    24.8    59.0
bg512-map/AR0013SR                512x512  scen    1260      66    8648    79.48    26.54    19.20    12.87  1032.37    38.9    80.2
bg512-map/AR0014SR                512x512  rand    1000      30    5139    67.64    20.21    14.11     8.31   602.08    29.8    72.5
bg512-map/AR0014SR                512x512  scen    1290      51    9225    79.80    24.12    16.73    11.35  1355.67    56.2   119.4
bg512-map/AR0015SR                512x512  rand    1000      13    4549    86.56    14.99    11.47     5.71   528.66    35.3    92.6
bg512-map/AR0015SR                512x512  scen    1310      21    9011    90.50    17.86    12.96     7.34  1059.90    59.3   144.4
bg512-map/AR0016SR                512x512  rand    1000      14    4744    75.59    16.63    11.88     6.38   532.61    32.0    83.4
bg512-map/AR0016SR                512x512  scen    1220      18    7090    77.31    17.40    12.46     7.07   807.97    46.4   114.3
bg512-map/AR0017SR                512x512  rand    1000      15    6698   104.37    18.11    14.57     7.00   772.85    42.7   110.4
bg512-map/AR0017SR                512x512  scen    1400      25   13490    99.95    20.16    15.35     8.42  1606.80    79.7   190.7
bg512-map/AR0018SR                512x512  rand    1000      21    5146    85.75    16.45    12.05     6.36   554.48    33.7    87.1
bg512-map/AR0018SR                512x512  scen    1490      59   16192   109.08    25.39    19.07    12.74  1796.99    70.8   141.1
bg512-map/AR0020SR                512x512  rand    1000       8    3097   102.65    13.12    11.85     4.88   331.81    25.3    67.9
bg512-map/AR0020SR                512x512  scen    1320      10    5477   118.66    15.72    13.63     6.81   592.13    37.7    87.0
bg512-map/AR0041SR                512x512  rand    1000       5    3982   160.58    13.87    12.84     4.40   427.77    30.8    97.3
bg512-map/AR0041SR                512x512  scen    1440       6    5676   167.33    15.69    12.32     5.29   668.60    42.6   126.5
bg512-map/AR0042SR                512x512  rand    1000       5    4586   304.97    19.68    23.85     4.82   636.53    32.3   132.1
bg512-map/AR0042SR                512x512  scen    1610       6    7589   275.32    18.20    19.72     6.03   887.62    48.8   147.2
bg512-map/AR0043SR                512x512  rand    1000       5    4011   179.57    13.83    16.88     4.16   414.67    30.0    99.8
bg512-map/AR0043SR                512x512  scen    1390       7    6856   182.86    14.81    14.67     5.20   698.15    47.1   134.2
bg512-map/AR0044SR                512x512  rand    1000       7    5615   344.55    19.87    32.43     5.84   612.95    30.9   105.0
bg512-map/AR0044SR                512x512  scen    1670       9    7867   356.73    21.87    25.26     6.87   845.08    38.6   123.0
bg512-map/AR0045SR                512x512  rand    1000       6    4220   147.59    14.45    13.86     4.77   446.88    30.9    93.8
bg512-map/AR0045SR                512x512  scen    1500      10   10120   154.20    16.75    13.75     6.55  1116.68    66.7   170.5
bg512-map/AR0046SR                512x512  rand    1000       8    4869   162.08    16.02    17.21     5.63   568.09    35.5   100.8
bg512-map/AR0046SR                512x512  scen    1580      10    7625   171.28    17.94    16.28     6.91   874.06    48.7   126.5
bg512-map/AR0070SR                512x512  rand    1000      56   21138   100.40    29.18    21.43    14.24  2127.35    72.9   149.4
bg512-map/AR0070SR                512x512  scen    2720      72   28169   103.96    32.51    23.58    17.24  2797.99    86.1   162.3
bg512-map/AR0071SR                512x512  rand    1000      63   14636    76.94    28.38    20.44    13.81  1562.81    55.1   113.2
bg512-map/AR0071SR                512x512  scen    1850      73   17470    73.97    28.11    20.77    15.01  1827.19    65.0   121.7
bg512-map/AR0072SR                512x512  rand    1000      33   11703    76.10    17.78    13.00     8.04  1158.95    65.2   144.1
bg512-map/AR0072SR                512x512  scen    2060      47   18023    79.59    19.91    14.23     9.79  1743.04    87.6   178.0
bg512-map/AR0201SR                512x512  rand    1000      16    2843    26.67    10.20     7.22     5.00   294.46    28.9    58.9
bg512-map/AR0201SR                512x512  scen    1380      25    4844    28.82    12.17     9.20     6.80   488.23    40.1    71.8
bg512-map/AR0202SR                512x512  rand    1000     213   17340    95.24    47.68    39.66    29.76  1796.07    37.7    60.4
bg512-map/AR0202SR                512x512  scen    3170     295   23643   110.68    57.26    52.05    39.26  2401.78    41.9    61.2
bg512-map/AR0203SR                512x512  rand    1000       8    4338   139.80    13.83    14.35     4.73   481.16    34.8   101.7
bg512-map/AR0203SR                512x512  scen    1360      12    7993   142.60    15.74    14.50     6.09   903.99    57.4   148.3
bg512-map/AR0204SR                512x512  rand    1000     125   12187    81.93    32.50    25.55    18.58  1272.68    39.2    68.5
bg512-map/AR0204SR                512x512  scen    2210     177   16582    86.16    37.66    32.05    23.91  1680.64    44.6    70.3
bg512-map/AR0205SR                512x512  rand    1000     108    9832    88.29    32.68    23.53    16.66  1109.93    34.0    66.6
bg512-map/AR0205SR                512x512  scen    1900     216   18167   107.26    44.13    37.90    27.82  2084.42    47.2    74.9
bg512-map/AR0206SR                512x512  rand    1000      15    4019    69.07    13.05    10.50     5.13   434.90    33.3    84.7
bg512-map/AR0206SR                512x512  scen    1150      24    7178    71.26    15.53    12.51     7.08   794.06    51.1   112.1
bg512-map/AR0300SR                512x512  rand    1000     170   11286    93.20    38.17    30.90    21.86  1188.96    31.2    54.4
bg512-map/AR0300SR                512x512  scen    1910     279   17646   109.53    49.32    44.10    33.04  1850.01    37.5    56.0
------------------------------------------------------------------------------------------------------------------------------------
map                                  size   tag   pairs  JPSexp   A*exp      cC#       cC      wC#       wC     A*us   A*/cC   A*/wC
------------------------------------------------------------------------------------------------------------------------------------
bg512-map/AR0301SR                512x512  rand    1000      17    6205    71.54    16.38    12.17     6.76   684.57    41.8   101.3
bg512-map/AR0301SR                512x512  scen    1480      28   11978    76.53    20.13    15.54     9.37  1550.27    77.0   165.4
bg512-map/AR0302SR                512x512  rand    1000      18    5936    73.85    16.35    11.73     6.44   650.97    39.8   101.1
bg512-map/AR0302SR                512x512  scen    1300      24    9007    74.14    17.55    13.62     7.49  1014.13    57.8   135.4
bg512-map/AR0303SR                512x512  rand    1000      14    5293    80.04    15.53    11.94     5.90   582.08    37.5    98.6
bg512-map/AR0303SR                512x512  scen    1340      20    8895    82.14    17.72    13.80     7.75  1008.58    56.9   130.1
bg512-map/AR0304SR                512x512  rand    1000      21    6842    93.82    18.05    13.50     7.62   923.68    51.2   121.2
bg512-map/AR0304SR                512x512  scen    1340      28    9649    76.05    21.83    17.00     8.94  1351.70    61.9   151.1
bg512-map/AR0305SR                512x512  rand    1000      26    6311    72.35    17.30    12.69     7.38   670.43    38.8    90.9
bg512-map/AR0305SR                512x512  scen    1430      41   11322    73.70    19.14    14.92     9.08  1189.28    62.1   130.9
bg512-map/AR0306SR                512x512  rand    1000      19    7252    71.58    16.22    12.23     6.44   801.60    49.4   124.5
bg512-map/AR0306SR                512x512  scen    1290      27   11115    74.22    18.10    13.27     8.08  1239.67    68.5   153.4
bg512-map/AR0307SR                512x512  rand    1000     359   14089   106.80    62.45    57.95    43.68  1373.11    22.0    31.4
bg512-map/AR0307SR                512x512  scen    3380     507   19937   128.53    79.13    77.80    59.81  1876.05    23.7    31.4
bg512-map/AR0308SR                512x512  rand    1000      46    7961   110.35    22.71    17.96     9.83   852.05    37.5    86.6
bg512-map/AR0308SR                512x512  scen    1600     109   18185   132.46    32.74    26.81    18.21  1930.11    58.9   106.0
bg512-map/AR0309SR                512x512  rand    1000      43    7800    73.48    22.51    15.07     9.47   853.71    37.9    90.1
bg512-map/AR0309SR                512x512  scen    1620      84   15289    84.33    28.41    22.05    15.03  1650.49    58.1   109.8
bg512-map/AR0310SR                512x512  rand    1000       6    2501   104.34    11.42    10.17     3.84   259.50    22.7    67.6
bg512-map/AR0310SR                512x512  scen    1070       8    4291   111.22    12.86    11.45     4.78   432.84    33.7    90.6
bg512-map/AR0314SR                512x512  rand    1000      10    3324    84.72    13.56    11.68     4.83   384.52    28.4    79.7
bg512-map/AR0314SR                512x512  scen    1170      16    6732    87.41    15.59    13.48     6.58   774.66    49.7   117.7
bg512-map/AR0316SR                512x512  rand    1000      12    3254    75.47    14.03    10.37     5.24   358.91    25.6    68.5
bg512-map/AR0316SR                512x512  scen    1230      21    7349    79.42    16.33    12.58     7.01   815.29    49.9   116.3
bg512-map/AR0317SR                512x512  rand    1000      10    3365   118.86    20.14    16.91     7.59   429.39    21.3    56.6
bg512-map/AR0317SR                512x512  scen    1230      16    7039   115.42    15.93    18.70     6.87   957.47    60.1   139.3
bg512-map/AR0331SR                512x512  rand    1000      14    5654    55.73    14.21     9.64     5.78   586.79    41.3   101.5
bg512-map/AR0331SR                512x512  scen    1290      19    8378    56.50    15.59    10.84     6.87   852.90    54.7   124.2
bg512-map/AR0400SR                512x512  rand    1000     142   21275   136.78    42.26    33.73    21.83  2272.39    53.8   104.1
bg512-map/AR0400SR                512x512  scen    2890     247   35089   157.74    56.46    47.53    34.94  3668.90    65.0   105.0
bg512-map/AR0404SR                512x512  rand    1000     106   11349    70.55    30.52    24.18    16.84  1183.06    38.8    70.3
bg512-map/AR0404SR                512x512  scen    1900     131   14281    72.32    32.69    26.89    19.61  1487.49    45.5    75.9
bg512-map/AR0405SR                512x512  rand    1000      67   16694    98.73    30.09    22.98    14.04  2308.77    76.7   164.5
bg512-map/AR0405SR                512x512  scen    1990      93   24264   111.50    36.32    34.78    19.42  3269.86    90.0   168.4
bg512-map/AR0406SR                512x512  rand    1000     201   13008    94.71    45.51    37.06    27.97  1358.44    29.9    48.6
bg512-map/AR0406SR                512x512  scen    2240     293   18770   106.46    55.87    49.56    38.05  1944.61    34.8    51.1
bg512-map/AR0410SR                512x512  rand    1000       8    2855    76.02    11.29     8.50     4.19   295.34    26.2    70.5
bg512-map/AR0410SR                512x512  scen    1160      11    4976    74.07    12.70    10.03     5.15   510.92    40.2    99.2
bg512-map/AR0411SR                512x512  rand    1000     126   14443    78.12    31.94    25.87    18.11  1428.28    44.7    78.9
bg512-map/AR0411SR                512x512  scen    2430     154   17414    77.25    34.33    28.56    20.98  1713.96    49.9    81.7
bg512-map/AR0412SR                512x512  rand    1000      27    6085    91.03    17.22    14.04     7.21   633.53    36.8    87.9
bg512-map/AR0412SR                512x512  scen    1500      50   11129    94.17    20.95    16.54    10.13  1110.05    53.0   109.6
bg512-map/AR0413SR                512x512  rand    1000      23    3632    27.99    11.47     7.89     5.41   377.31    32.9    69.7
bg512-map/AR0413SR                512x512  scen    1530      34    5882    30.94    13.58     9.62     6.72   623.42    45.9    92.7
bg512-map/AR0414SR                512x512  rand    1000      49    5052    75.21    18.97    14.49     8.85   547.89    28.9    61.9
bg512-map/AR0414SR                512x512  scen    1250     135   11865    96.17    30.99    26.06    18.40  1313.16    42.4    71.4
bg512-map/AR0418SR                512x512  rand    1000       3    1573   107.25    11.69    10.40     3.81   165.57    14.2    43.5
bg512-map/AR0418SR                512x512  scen     850       3    2749   102.38    11.20    12.86     4.16   280.17    25.0    67.3
bg512-map/AR0500SR                512x512  rand    1000     116   10986    88.58    32.29    25.26    16.88  1212.02    37.5    71.8
bg512-map/AR0500SR                512x512  scen    2140     200   18531   103.29    41.42    35.35    25.87  2043.10    49.3    79.0
------------------------------------------------------------------------------------------------------------------------------------
map                                  size   tag   pairs  JPSexp   A*exp      cC#       cC      wC#       wC     A*us   A*/cC   A*/wC
------------------------------------------------------------------------------------------------------------------------------------
bg512-map/AR0502SR                512x512  rand    1000      11    4508    83.84    15.00    11.49     5.33   498.53    33.2    93.5
bg512-map/AR0502SR                512x512  scen    1240      15    7591    82.79    15.91    11.99     6.37   847.76    53.3   133.0
bg512-map/AR0503SR                512x512  rand    1000      12    3072    43.23    11.47     8.02     4.69   327.27    28.5    69.8
bg512-map/AR0503SR                512x512  scen    1140      18    5481    45.17    13.26     9.60     6.06   596.05    44.9    98.4
bg512-map/AR0504SR                512x512  rand    1000      52    6862    90.44    24.22    17.43    10.51   751.45    31.0    71.5
bg512-map/AR0504SR                512x512  scen    1330      81   10727    94.55    27.33    21.69    14.13  1215.96    44.5    86.1
bg512-map/AR0505SR                512x512  rand    1000      46    8048    99.53    23.64    17.39    10.00   897.35    38.0    89.8
bg512-map/AR0505SR                512x512  scen    1610     116   19851   124.73    35.73    29.11    19.53  2259.21    63.2   115.7
bg512-map/AR0506SR                512x512  rand    1000      12    4587    73.32    14.69    10.80     5.43   484.97    33.0    89.4
bg512-map/AR0506SR                512x512  scen    1040      14    6161    70.70    14.85    10.93     5.97   674.05    45.4   113.0
bg512-map/AR0509SR                512x512  rand    1000      18    5640    71.86    16.26    11.61     6.27   630.79    38.8   100.7
bg512-map/AR0509SR                512x512  scen    1380      32   11514    80.34    19.51    14.54     8.85  1344.95    68.9   151.9
bg512-map/AR0510SR                512x512  rand    1000      46    6430    87.31    22.73    16.47    10.19   736.10    32.4    72.2
bg512-map/AR0510SR                512x512  scen    1440      69   10357    97.60    27.59    20.73    14.00  1220.89    44.2    87.2
bg512-map/AR0511SR                512x512  rand    1000      24    6432    76.34    18.64    13.34     7.82   712.20    38.2    91.0
bg512-map/AR0511SR                512x512  scen    1370      34    9690    80.42    20.66    15.13     9.47  1101.14    53.3   116.3
bg512-map/AR0513SR                512x512  rand    1000      13    5418   137.29    17.31    20.44     6.07   744.86    43.0   122.8
bg512-map/AR0513SR                512x512  scen    1430      21   11963   134.74    27.92    15.20     8.65  1764.71    63.2   204.1
bg512-map/AR0516SR                512x512  rand    1000      37    5243    48.33    16.55    12.15     7.90   561.20    33.9    71.0
bg512-map/AR0516SR                512x512  scen    1470      54    8044    49.95    18.81    14.73     9.79   879.91    46.8    89.9
bg512-map/AR0517SR                512x512  rand    1000       3    2003   107.30     9.94    10.03     3.20   201.61    20.3    63.0
bg512-map/AR0517SR                512x512  scen     990       4    3625    99.98    10.08    10.97     3.29   363.12    36.0   110.3
bg512-map/AR0526SR                512x512  rand    1000      14    5654    55.19    14.02     9.81     5.91   598.73    42.7   101.4
bg512-map/AR0526SR                512x512  scen    1270      19    8022    56.20    15.75    11.47     6.96   843.29    53.5   121.2
bg512-map/AR0600SR                512x512  rand    1000      34    3171    28.94    12.53     8.63     6.29   325.96    26.0    51.8
bg512-map/AR0600SR                512x512  scen    1470      44    4524    29.91    13.62     9.64     7.22   463.87    34.0    64.2
bg512-map/AR0601SR                512x512  rand    1000      28    4438    42.08    14.40    10.47     7.33   455.08    31.6    62.1
bg512-map/AR0601SR                512x512  scen    1680      42    6913    43.78    16.25    12.37     9.31   680.54    41.9    73.1
bg512-map/AR0602SR                512x512  rand    1000     285   15096   118.05    58.55    49.61    36.21  1561.29    26.7    43.1
bg512-map/AR0602SR                512x512  scen    2460     375   19826   128.35    67.59    61.82    46.10  2006.94    29.7    43.5
bg512-map/AR0603SR                512x512  rand    1000     124   12819    75.42    33.90    26.47    19.01  1303.07    38.4    68.5
bg512-map/AR0603SR                512x512  scen    2930     205   20355    88.15    43.60    36.77    28.20  2009.84    46.1    71.3
bg512-map/AR0604SR                512x512  rand    1000      30   12815   106.92    21.18    16.41     9.03  1355.47    64.0   150.2
bg512-map/AR0604SR                512x512  scen    2310      54   24897   114.61    26.51    19.59    12.86  2525.66    95.3   196.4
bg512-map/AR0605SR                512x512  rand    1000       9    4667   182.84    17.12    20.28     5.54   522.47    30.5    94.3
bg512-map/AR0605SR                512x512  scen    1260      11    6295   183.35    17.12    17.39     5.94   675.30    39.4   113.7
bg512-map/AR0700SR                512x512  rand    1000     236   13179   152.33    57.55    45.18    30.85  1512.65    26.3    49.0
bg512-map/AR0700SR                512x512  scen    1930     423   21858   187.25    79.06    72.81    50.63  2587.61    32.7    51.1
bg512-map/AR0701SR                512x512  rand    1000     108    7396   110.14    35.15    26.46    19.05  1068.14    30.4    56.1
bg512-map/AR0701SR                512x512  scen    1680     178   11686   108.44    43.24    36.10    25.40  1383.25    32.0    54.5
bg512-map/AR0702SR                512x512  rand    1000      26    5149    68.69    17.56    12.66     7.26   577.59    32.9    79.6
bg512-map/AR0702SR                512x512  scen    1290      35    7931    69.64    18.94    13.83     8.78   912.92    48.2   104.0
bg512-map/AR0704SR                512x512  rand    1000      30    7175    80.01    19.66    14.54     8.48   843.55    42.9    99.5
bg512-map/AR0704SR                512x512  scen    1530      61   15818    93.22    26.48    20.18    13.40  1909.33    72.1   142.5
bg512-map/AR0705SR                512x512  rand    1000      98   17966    86.10    31.98    24.29    17.10  1823.82    57.0   106.6
bg512-map/AR0705SR                512x512  scen    2800     148   27004    95.37    38.81    31.24    23.64  2728.01    70.3   115.4
bg512-map/AR0709SR                512x512  rand    1000      15    4899    94.47    16.07    12.32     5.96   534.48    33.3    89.7
bg512-map/AR0709SR                512x512  scen    1260      20    7474   101.97    17.99    13.54     7.34   812.19    45.2   110.6
bg512-map/AR0711SR                512x512  rand    1000      40    5834    45.89    15.22    11.85     7.82   640.38    42.1    81.9
bg512-map/AR0711SR                512x512  scen    1900      60    9320    55.54    20.71    15.95    11.24  1167.28    56.4   103.8
------------------------------------------------------------------------------------------------------------------------------------
map                                  size   tag   pairs  JPSexp   A*exp      cC#       cC      wC#       wC     A*us   A*/cC   A*/wC
------------------------------------------------------------------------------------------------------------------------------------
bgmaps-map/AR0011SR               216x224  rand    1000      53    3226    50.89    19.25    11.36     7.68   332.43    17.3    43.3
bgmaps-map/AR0011SR               216x224  scen     930     101    5899    62.85    26.07    17.82    12.28   620.36    23.8    50.5
bgmaps-map/AR0012SR               148x139  rand    1000      37     663    20.02    12.34     7.36     5.18    71.94     5.8    13.9
bgmaps-map/AR0012SR               148x139  scen     380      54    1019    24.50    15.07    10.02     7.04   109.19     7.2    15.5
bgmaps-map/AR0013SR               148x144  rand    1000      39     474    17.71    11.99     7.54     5.60    52.77     4.4     9.4
bgmaps-map/AR0013SR               148x144  scen     360      61     756    22.43    15.02    10.75     7.66    82.57     5.5    10.8
bgmaps-map/AR0014SR               148x144  rand    1000      28     472    16.33    10.32     6.21     4.56    51.75     5.0    11.4
bgmaps-map/AR0014SR               148x144  scen     350      40     684    18.82    12.29     8.22     5.90    74.86     6.1    12.7
bgmaps-map/AR0015SR                 88x86  rand    1000      12     168    10.18     6.43     3.43     2.65    19.79     3.1     7.5
bgmaps-map/AR0015SR                 88x86  scen     200      15     222    10.71     6.99     4.58     3.26    25.21     3.6     7.7
bgmaps-map/AR0016SR                 88x86  rand    1000      14     185    10.30     6.82     3.66     2.71    21.14     3.1     7.8
bgmaps-map/AR0016SR                 88x86  scen     220      18     279    12.03     8.49     5.01     3.61    31.45     3.7     8.7
bgmaps-map/AR0017SR                 88x86  rand    1000      15     250    12.42     7.54     3.86     2.81    27.69     3.7     9.9
bgmaps-map/AR0017SR                 88x86  scen     220      20     369    13.95     8.89     5.58     3.88    40.57     4.6    10.4
bgmaps-map/AR0018SR                100x96  rand    1000      17     239    12.12     7.42     4.22     2.93    26.80     3.6     9.1
bgmaps-map/AR0018SR                100x96  scen     250      28     443    15.68     9.73     6.13     4.43    46.84     4.8    10.6
bgmaps-map/AR0020SR                 80x80  rand    1000       8     112     9.79     5.60     2.79     2.02    13.31     2.4     6.6
bgmaps-map/AR0020SR                 80x80  scen     190      10     167    10.96     6.44     3.88     2.58    19.11     3.0     7.4
bgmaps-map/AR0021SR                 60x64  rand    1000      12     126     8.27     6.04     3.14     2.30    14.55     2.4     6.3
bgmaps-map/AR0021SR                 60x64  scen     170      19     209    10.38     7.50     4.87     3.29    23.16     3.1     7.0
bgmaps-map/AR0022SR                 64x64  rand    1000       9     113     8.09     5.62     2.93     2.02    13.14     2.3     6.5
bgmaps-map/AR0022SR                 64x64  scen     150      11     157     9.28     6.66     4.05     2.95    18.12     2.7     6.1
bgmaps-map/AR0041SR                 80x80  rand    1000       5     147    12.90     5.85     2.52     1.72    16.54     2.8     9.6
bgmaps-map/AR0041SR                 80x80  scen     230       6     216    14.78     6.71     3.75     2.51    24.41     3.6     9.7
bgmaps-map/AR0042SR                 80x80  rand    1000       5     155    17.45     6.25     2.81     1.91    17.64     2.8     9.2
bgmaps-map/AR0042SR                 80x80  scen     240       5     237    20.10     7.28     4.25     2.37    26.56     3.6    11.2
bgmaps-map/AR0043SR                 80x80  rand    1000       5     124    13.32     5.65     2.66     1.89    14.51     2.6     7.7
bgmaps-map/AR0043SR                 80x80  scen     210       6     199    14.13     6.86     4.14     2.40    22.30     3.3     9.3
bgmaps-map/AR0044SR                 80x80  rand    1000       6     189    19.32     6.64     3.49     2.12    21.18     3.2    10.0
bgmaps-map/AR0044SR                 80x80  scen     250       8     257    22.21     7.52     5.22     2.70    28.34     3.8    10.5
bgmaps-map/AR0045SR                 80x80  rand    1000       6     144    12.17     5.73     2.89     1.89    16.53     2.9     8.7
bgmaps-map/AR0045SR                 80x80  scen     210       7     230    13.72     7.40     3.78     2.74    25.90     3.5     9.5
bgmaps-map/AR0046SR                 80x80  rand    1000       8     169    13.09     6.33     3.13     2.13    19.12     3.0     9.0
bgmaps-map/AR0046SR                 80x80  scen     240       9     237    15.37     7.53     4.19     2.83    26.25     3.5     9.3
bgmaps-map/AR0069SR               100x112  rand    1000      15     235    12.07     7.55     4.06     3.18    26.64     3.5     8.4
bgmaps-map/AR0069SR               100x112  scen     220      22     388    15.60     9.10     6.05     4.22    43.32     4.8    10.3
bgmaps-map/AR0070SR               124x134  rand    1000      46    1423    25.97    15.00     8.51     5.92   137.60     9.2    23.2
bgmaps-map/AR0070SR               124x134  scen     680      57    1791    29.01    16.53    10.09     7.15   174.59    10.6    24.4
bgmaps-map/AR0071SR               140x150  rand    1000      43    1175    21.29    13.76     8.05     5.45   118.38     8.6    21.7
bgmaps-map/AR0071SR               140x150  scen     510      48    1331    22.46    14.75     9.22     6.97   136.72     9.3    19.6
bgmaps-map/AR0072SR               160x160  rand    1000      31    1192    21.38    10.75     6.08     4.25   114.77    10.7    27.0
bgmaps-map/AR0072SR               160x160  scen     630      42    1774    24.57    12.40     7.41     5.22   166.85    13.5    32.0
bgmaps-map/AR0082SR                 52x54  rand    1000       5      21     4.55     3.62     1.77     1.60     3.36     0.9     2.1
bgmaps-map/AR0082SR                 52x54  scen      60       6      26     5.32     5.21     3.42     3.36     5.12     1.0     1.5
bgmaps-map/AR0201SR               140x166  rand    1000      14     283    12.13     7.21     4.60     3.24    35.29     4.9    10.9
bgmaps-map/AR0201SR               140x166  scen     380      20     410    10.36     7.69     4.74     3.45    43.98     5.7    12.8
bgmaps-map/AR0202SR               244x208  rand    1000     153    3442    44.56    29.17    22.63    15.99   333.25    11.4    20.8
bgmaps-map/AR0202SR               244x208  scen    1450     216    4743    53.81    36.28    30.02    21.61   453.37    12.5    21.0
bgmaps-map/AR0203SR                 76x75  rand    1000       8     129    11.63     5.82     2.78     2.09    15.20     2.6     7.3
bgmaps-map/AR0203SR                 76x75  scen     190      11     202    12.83     6.82     4.22     2.75    22.98     3.4     8.4
------------------------------------------------------------------------------------------------------------------------------------
map                                  size   tag   pairs  JPSexp   A*exp      cC#       cC      wC#       wC     A*us   A*/cC   A*/wC
------------------------------------------------------------------------------------------------------------------------------------
bgmaps-map/AR0204SR               260x294  rand    1000     100    3566    57.92    28.07    18.91    15.65   426.80    15.2    27.3
bgmaps-map/AR0204SR               260x294  scen    1160     136    4782    53.59    30.00    21.77    19.65   495.54    16.5    25.2
bgmaps-map/AR0205SR               212x214  rand    1000      96    1700    37.95    22.23    15.58    10.49   184.12     8.3    17.6
bgmaps-map/AR0205SR               212x214  scen     740     171    2853    60.09    32.60    28.35    22.51   365.66    11.2    16.2
bgmaps-map/AR0206SR               104x128  rand    1000      12     241    14.14     7.38     4.29     2.67    27.88     3.8    10.4
bgmaps-map/AR0206SR               104x128  scen     260      19     404    15.72     8.55     5.97     3.89    46.84     5.5    12.0
bgmaps-map/AR0300SR               320x320  rand    1000     157    4409    60.44    31.00    24.03    18.17   455.82    14.7    25.1
bgmaps-map/AR0300SR               320x320  scen    1200     259    6954    74.06    40.51    35.05    25.90   703.93    17.4    27.2
bgmaps-map/AR0301SR                 92x86  rand    1000      15     228    11.47     7.80     4.47     3.92    28.22     3.6     7.2
bgmaps-map/AR0301SR                 92x86  scen     220      20     313    12.81     9.62     6.01     4.27    37.03     3.9     8.7
bgmaps-map/AR0302SR                 80x86  rand    1000      15     184    10.48     7.07     4.07     2.72    21.78     3.1     8.0
bgmaps-map/AR0302SR                 80x86  scen     190      17     226    10.70     7.50     4.55     3.47    26.45     3.5     7.6
bgmaps-map/AR0303SR                 80x86  rand    1000      12     166    10.84     7.01     3.73     2.74    20.22     2.9     7.4
bgmaps-map/AR0303SR                 80x86  scen     180      14     208    11.15     7.01     4.53     3.11    24.64     3.5     7.9
bgmaps-map/AR0304SR                 80x86  rand    1000      16     206    10.95     7.63     4.56     3.18    23.71     3.1     7.5
bgmaps-map/AR0304SR                 80x86  scen     200      17     237    10.93     7.87     4.62     3.63    27.31     3.5     7.5
bgmaps-map/AR0305SR                104x91  rand    1000      23     293    16.51    11.83     7.59     5.32    41.51     3.5     7.8
bgmaps-map/AR0305SR                104x91  scen     250      29     378    19.65    12.90     8.59     5.42    46.53     3.6     8.6
bgmaps-map/AR0306SR                 84x91  rand    1000      16     230    15.12     9.39     5.04     3.82    32.61     3.5     8.5
bgmaps-map/AR0306SR                 84x91  scen     220      24     353    16.75    10.91     6.04     4.66    44.05     4.0     9.4
bgmaps-map/AR0307SR               320x267  rand    1000     291    4614    71.94    51.90    55.84    32.07   469.15     9.0    14.6
bgmaps-map/AR0307SR               320x267  scen    1650     356    5628    74.05    51.13    47.31    34.86   523.31    10.2    15.0
bgmaps-map/AR0308SR               112x118  rand    1000      30     415    23.69    10.82     7.31     4.87    58.24     5.4    12.0
bgmaps-map/AR0308SR               112x118  scen     340      64     917    32.83    16.14    11.05     7.44    96.34     6.0    13.0
bgmaps-map/AR0309SR               120x118  rand    1000      40     477    18.13    12.40     7.39     5.31    54.06     4.4    10.2
bgmaps-map/AR0309SR               120x118  scen     350      64     753    22.89    14.97    10.64     7.61    81.43     5.4    10.7
bgmaps-map/AR0310SR                 80x80  rand    1000       6      94     9.62     5.16     2.52     1.77    11.60     2.2     6.5
bgmaps-map/AR0310SR                 80x80  scen     160       7     138    10.56     5.75     3.62     2.51    17.12     3.0     6.8
bgmaps-map/AR0311SR                 52x54  rand    1000       6      36     5.85     4.54     2.52     1.64     5.21     1.1     3.2
bgmaps-map/AR0311SR                 52x54  scen      90       7      46     6.57     5.10     3.16     2.37     6.82     1.3     2.9
bgmaps-map/AR0312SR                 52x54  rand    1000       6      47     6.86     4.69     2.42     1.64     6.62     1.4     4.0
bgmaps-map/AR0312SR                 52x54  scen     100       7      55     6.33     5.27     3.60     2.15     7.77     1.5     3.6
bgmaps-map/AR0313SR                 60x64  rand    1000      12     126     8.47     6.25     3.32     2.92    15.88     2.5     5.4
bgmaps-map/AR0313SR                 60x64  scen     160      16     188    10.53     9.98     4.64     4.02    25.14     2.5     6.2
bgmaps-map/AR0314SR                 64x70  rand    1000       9      79     8.94     5.79     3.05     2.00    10.93     1.9     5.5
bgmaps-map/AR0314SR                 64x70  scen     140      11     120    10.38     7.06     4.49     3.42    14.88     2.1     4.4
bgmaps-map/AR0315SR                 52x54  rand    1000       5      48     6.82     4.80     3.08     1.99     7.19     1.5     3.6
bgmaps-map/AR0315SR                 52x54  scen     100       6      69     6.12     5.17     3.51     2.60     9.11     1.8     3.5
bgmaps-map/AR0316SR                 64x70  rand    1000      10      76     7.79     5.62     3.34     2.32    10.46     1.9     4.5
bgmaps-map/AR0316SR                 64x70  scen     130      12      91     8.56     6.52     4.50     4.02    12.60     1.9     3.1
bgmaps-map/AR0317SR                 64x70  rand    1000       9      82     7.96     5.95     3.22     2.39    10.57     1.8     4.4
bgmaps-map/AR0317SR                 64x70  scen     140      11     108     9.33     6.59     4.41     3.55    13.76     2.1     3.9
bgmaps-map/AR0318SR                 60x64  rand    1000      14     210    10.24     6.92     3.56     2.55    22.46     3.2     8.8
bgmaps-map/AR0318SR                 60x64  scen     220      21     325    12.38     8.87     5.02     3.82    32.98     3.7     8.6
bgmaps-map/AR0319SR                 52x54  rand    1000       7      56     7.23     5.28     2.79     2.17     7.92     1.5     3.6
bgmaps-map/AR0319SR                 52x54  scen     120      10      88     8.88     6.45     4.97     3.53    12.44     1.9     3.5
bgmaps-map/AR0325SR                 52x54  rand    1000       5      57     7.00     5.25     2.61     2.22     7.93     1.5     3.6
bgmaps-map/AR0325SR                 52x54  scen     110       6      80     8.87     6.84     4.74     3.15    11.21     1.6     3.6
bgmaps-map/AR0330SR                 56x54  rand    1000       8      69     7.11     5.54     2.98     2.31     9.42     1.7     4.1
bgmaps-map/AR0330SR                 56x54  scen     110       9      84     8.04     6.13     4.60     3.37    11.28     1.8     3.3
------------------------------------------------------------------------------------------------------------------------------------
map                                  size   tag   pairs  JPSexp   A*exp      cC#       cC      wC#       wC     A*us   A*/cC   A*/wC
------------------------------------------------------------------------------------------------------------------------------------
bgmaps-map/AR0331SR                 72x80  rand    1000       9     154     7.73     5.79     2.80     2.28    16.83     2.9     7.4
bgmaps-map/AR0331SR                 72x80  scen     160      10     161     8.26     6.31     3.45     2.68    17.60     2.8     6.6
bgmaps-map/AR0332SR                 56x59  rand    1000       6      63     6.85     4.95     2.50     1.95     8.45     1.7     4.3
bgmaps-map/AR0332SR                 56x59  scen     130       8     101     8.44     6.52     3.74     2.72    12.96     2.0     4.8
bgmaps-map/AR0334SR                 60x64  rand    1000       7      70     7.51     5.02     2.48     1.95     8.93     1.8     4.6
bgmaps-map/AR0334SR                 60x64  scen     130       8      89     8.44     6.00     3.88     3.39    11.74     2.0     3.5
bgmaps-map/AR0335SR                 52x54  rand    1000       6      47     6.08     4.78     2.33     1.79     6.31     1.3     3.5
bgmaps-map/AR0335SR                 52x54  scen      90       6      53     6.42     5.02     3.12     2.31     7.51     1.5     3.3
bgmaps-map/AR0400SR               240x256  rand    1000     118    4817    59.57    28.53    19.53    13.46   478.23    16.8    35.5
bgmaps-map/AR0400SR               240x256  scen    1350     205    7993    73.93    37.02    28.96    20.91   766.32    20.7    36.7
bgmaps-map/AR0401SR                 52x59  rand    1000      11     179     9.14     6.31     2.98     2.14    18.79     3.0     8.8
bgmaps-map/AR0401SR                 52x59  scen     150      12     205     9.69     6.84     3.99     2.87    21.75     3.2     7.6
bgmaps-map/AR0402SR                 56x59  rand    1000      11     110     7.87     5.58     2.93     2.16    12.85     2.3     6.0
bgmaps-map/AR0402SR                 56x59  scen     150      13     137     8.93     6.46     4.08     2.96    16.41     2.5     5.5
bgmaps-map/AR0403SR                 56x59  rand    1000      10     104     8.04     5.63     2.99     2.24    12.44     2.2     5.6
bgmaps-map/AR0403SR                 56x59  scen     140      11     125     8.74     6.22     4.11     2.99    15.40     2.5     5.1
bgmaps-map/AR0404SR               204x251  rand    1000      59    2205    33.14    18.78    11.95     8.95   223.22    11.9    24.9
bgmaps-map/AR0404SR               204x251  scen     830      72    2758    34.29    19.74    15.06     9.66   270.86    13.7    28.0
bgmaps-map/AR0405SR               176x176  rand    1000      64    2137    32.29    17.79    11.08     7.69   212.01    11.9    27.6
bgmaps-map/AR0405SR               176x176  scen     680      82    2861    35.68    20.35    13.46     9.30   279.34    13.7    30.0
bgmaps-map/AR0406SR               244x192  rand    1000     119    2131    41.04    26.80    18.28    13.26   224.97     8.4    17.0
bgmaps-map/AR0406SR               244x192  scen     890     178    3153    48.88    32.79    25.40    19.70   329.88    10.1    16.7
bgmaps-map/AR0407SR                 52x54  rand    1000       6      36     5.60     4.50     2.27     1.73     5.25     1.2     3.0
bgmaps-map/AR0407SR                 52x54  scen      80       6      40     6.05     4.81     3.40     2.55     6.33     1.3     2.5
bgmaps-map/AR0408SR                 50x50  rand    1000       6      31     5.16     4.24     2.33     1.63     4.71     1.1     2.9
bgmaps-map/AR0408SR                 50x50  scen      80       7      44     5.79     4.79     2.90     2.39     6.73     1.4     2.8
bgmaps-map/AR0409SR                 52x54  rand    1000       6      36     5.68     4.52     2.45     2.01     5.20     1.2     2.6
bgmaps-map/AR0409SR                 52x54  scen      80       6      41     5.95     4.83     3.30     2.49     6.34     1.3     2.5
bgmaps-map/AR0410SR                 92x96  rand    1000       8     133     9.95     5.46     2.78     1.99    15.16     2.8     7.6
bgmaps-map/AR0410SR                 92x96  scen     190       9     173    10.83     6.00     3.82     2.49    19.43     3.2     7.8
bgmaps-map/AR0411SR               232x272  rand    1000     120    3616    43.61    25.23    17.98    13.95   349.83    13.9    25.1
bgmaps-map/AR0411SR               232x272  scen    1150     136    4069    43.90    25.67    19.61    14.71   390.28    15.2    26.5
bgmaps-map/AR0412SR               160x160  rand    1000      24     629    21.96     9.79     5.81     4.13    66.20     6.8    16.0
bgmaps-map/AR0412SR               160x160  scen     460      42    1106    25.96    12.64     8.57     5.71   109.66     8.7    19.2
bgmaps-map/AR0413SR               108x118  rand    1000      23     208     8.43     6.43     3.94     2.82    22.35     3.5     7.9
bgmaps-map/AR0413SR               108x118  scen     300      27     263     8.95     6.99     4.52     3.28    27.32     3.9     8.3
bgmaps-map/AR0414SR               280x320  rand    1000      47    1925    43.55    15.62    10.78     7.22   212.98    13.6    29.5
bgmaps-map/AR0414SR               280x320  scen     730      99    3666    57.12    22.87    17.46    12.33   418.77    18.3    34.0
bgmaps-map/AR0415SR                 52x54  rand    1000       6      36     5.56     4.51     2.30     1.74     5.36     1.2     3.1
bgmaps-map/AR0415SR                 52x54  scen      90       7      46     6.21     4.92     3.17     2.44     6.91     1.4     2.8
bgmaps-map/AR0416SR                 52x54  rand    1000       6      49     5.95     4.57     2.14     1.62     6.56     1.4     4.0
bgmaps-map/AR0416SR                 52x54  scen     100       6      59     6.28     4.84     2.83     2.09     7.80     1.6     3.7
bgmaps-map/AR0417SR                 52x54  rand    1000       8      63     6.51     5.14     2.81     1.99     8.37     1.6     4.2
bgmaps-map/AR0417SR                 52x54  scen     100       8      64     6.53     5.05     3.30     2.40     8.61     1.7     3.6
bgmaps-map/AR0418SR                 84x75  rand    1000       3      65     9.20     5.06     2.17     1.79     8.07     1.6     4.5
bgmaps-map/AR0418SR                 84x75  scen     120       3      87     9.37     5.83     3.49     2.56    11.26     1.9     4.4
bgmaps-map/AR0420SR                 60x64  rand    1000       4      43     6.50     4.69     2.09     1.74     6.48     1.4     3.7
bgmaps-map/AR0420SR                 60x64  scen      90       5      49     6.53     4.95     2.74     1.89     7.40     1.5     3.9
bgmaps-map/AR0500SR               320x320  rand    1000      97    4162    54.64    27.05    18.93    12.97   472.14    17.5    36.4
bgmaps-map/AR0500SR               320x320  scen    1320     171    7170    69.15    33.98    28.21    19.69   804.83    23.7    40.9
------------------------------------------------------------------------------------------------------------------------------------
map                                  size   tag   pairs  JPSexp   A*exp      cC#       cC      wC#       wC     A*us   A*/cC   A*/wC
------------------------------------------------------------------------------------------------------------------------------------
bgmaps-map/AR0501SR                 56x54  rand    1000       8      69     6.47     5.01     2.57     1.91     8.82     1.8     4.6
bgmaps-map/AR0501SR                 56x54  scen     100       7      66     6.33     4.91     3.27     2.33     8.72     1.8     3.7
bgmaps-map/AR0502SR                 56x70  rand    1000       9      92     7.66     5.55     2.84     2.08    11.30     2.0     5.4
bgmaps-map/AR0502SR                 56x70  scen     140      12     120     8.75     6.43     3.90     3.05    15.25     2.4     5.0
bgmaps-map/AR0503SR                 68x75  rand    1000      12      86     6.74     5.32     3.11     2.33    10.56     2.0     4.5
bgmaps-map/AR0503SR                 68x75  scen     150      16     125     8.12     6.54     4.15     3.18    14.89     2.3     4.7
bgmaps-map/AR0504SR               160x160  rand    1000      46     738    24.39    13.95     8.74     6.35    78.89     5.7    12.4
bgmaps-map/AR0504SR               160x160  scen     400      62    1018    27.19    15.61    10.88     7.80   110.06     7.1    14.1
bgmaps-map/AR0505SR               160x160  rand    1000      45     937    27.61    14.30     8.99     6.00   102.50     7.2    17.1
bgmaps-map/AR0505SR               160x160  scen     490      89    1877    38.21    21.03    14.67    10.27   203.87     9.7    19.9
bgmaps-map/AR0506SR                 68x70  rand    1000      11     104     7.90     5.72     3.33     2.37    12.57     2.2     5.3
bgmaps-map/AR0506SR                 68x70  scen     140      14     146     9.02     6.79     4.35     3.12    17.51     2.6     5.6
bgmaps-map/AR0507SR                 52x54  rand    1000       5      57     6.92     4.80     2.20     1.76     7.50     1.6     4.3
bgmaps-map/AR0507SR                 52x54  scen      90       5      51     6.77     4.87     2.98     2.07     7.26     1.5     3.5
bgmaps-map/AR0508SR                 52x54  rand    1000       6      49     5.90     4.45     2.14     1.66     6.44     1.4     3.9
bgmaps-map/AR0508SR                 52x54  scen     100       7      68     6.56     4.97     2.98     2.19     8.81     1.8     4.0
bgmaps-map/AR0509SR                 72x75  rand    1000      18     153     9.28     6.84     3.92     2.88    17.59     2.6     6.1
bgmaps-map/AR0509SR                 72x75  scen     170      23     198    10.96     8.12     5.24     3.88    23.03     2.8     5.9
bgmaps-map/AR0510SR               128x118  rand    1000      39     425    18.78    11.64     7.58     5.40    47.19     4.1     8.7
bgmaps-map/AR0510SR               128x118  scen     360      58     688    23.23    15.28    10.10     7.39    75.41     4.9    10.2
bgmaps-map/AR0511SR               108x112  rand    1000      20     321    13.69     8.67     4.83     3.44    35.70     4.1    10.4
bgmaps-map/AR0511SR               108x112  scen     290      26     446    15.81    10.14     6.10     4.44    49.54     4.9    11.2
bgmaps-map/AR0512SR                 56x54  rand    1000       5      48     6.44     4.66     1.97     1.52     6.69     1.4     4.4
bgmaps-map/AR0512SR                 56x54  scen      90       5      51     6.47     4.55     2.92     2.00     7.41     1.6     3.7
bgmaps-map/AR0513SR                 80x80  rand    1000      11     164    10.49     6.27     3.32     2.42    19.40     3.1     8.0
bgmaps-map/AR0513SR                 80x80  scen     200      15     244    12.33     7.52     4.42     3.06    28.14     3.7     9.2
bgmaps-map/AR0514SR                 64x64  rand    1000      10     118     7.82     5.95     3.10     2.17    13.93     2.3     6.4
bgmaps-map/AR0514SR                 64x64  scen     140      11     128     8.59     6.55     3.90     3.00    15.53     2.4     5.2
bgmaps-map/AR0515SR                 64x64  rand    1000      10     118     8.44     6.10     3.33     2.48    13.99     2.3     5.6
bgmaps-map/AR0515SR                 64x64  scen     140      11     136     8.53     6.76     4.00     3.02    16.61     2.5     5.5
bgmaps-map/AR0516SR               244x187  rand    1000      36     983    19.55    11.61     7.72     5.41   102.41     8.8    18.9
bgmaps-map/AR0516SR               244x187  scen     650      53    1551    21.55    13.31     9.36     6.79   162.58    12.2    23.9
bgmaps-map/AR0517SR                 52x80  rand    1000       3      53     7.73     4.60     2.47     1.56     6.88     1.5     4.4
bgmaps-map/AR0517SR                 52x80  scen      90       3      51     7.61     4.70     3.22     1.98     7.19     1.5     3.6
bgmaps-map/AR0526SR                 72x80  rand    1000       9     154     7.78     6.12     3.18     2.28    17.55     2.9     7.7
bgmaps-map/AR0526SR                 72x80  scen     160      10     157     7.90     6.36     3.16     2.32    17.02     2.7     7.3
bgmaps-map/AR0527SR                 52x54  rand    1000       5      48     5.95     4.78     2.07     1.80     6.60     1.4     3.7
bgmaps-map/AR0527SR                 52x54  scen      90       6      54     6.20     5.05     3.38     2.24     7.44     1.5     3.3
bgmaps-map/AR0528SR                 52x54  rand    1000       6      47     6.30     4.90     2.37     2.06     7.07     1.4     3.4
bgmaps-map/AR0528SR                 52x54  scen     100       7      60     6.14     4.92     2.77     2.32     8.24     1.7     3.5
bgmaps-map/AR0529SR                 60x64  rand    1000      10     100     7.82     5.65     3.08     2.34    12.39     2.2     5.3
bgmaps-map/AR0529SR                 60x64  scen     150      13     152     8.97     7.07     3.92     3.39    17.91     2.5     5.3
bgmaps-map/AR0530SR                 60x64  rand    1000      14     210    10.25     6.74     3.14     2.25    22.14     3.3     9.9
bgmaps-map/AR0530SR                 60x64  scen     200      19     284    11.55     7.79     4.10     2.84    28.09     3.6     9.9
bgmaps-map/AR0531SR                 52x54  rand    1000       5      51     6.64     5.03     2.17     1.68     6.86     1.4     4.1
bgmaps-map/AR0531SR                 52x54  scen     110       6      73     7.91     5.97     3.48     2.80    10.22     1.7     3.7
bgmaps-map/AR0600SR               192x214  rand    1000      32     550    13.38     8.68     5.66     4.25    57.33     6.6    13.5
bgmaps-map/AR0600SR               192x214  scen     590      43     746    14.32     9.73     6.51     4.87    75.90     7.8    15.6
bgmaps-map/AR0601SR               160x160  rand    1000      24     452    13.11     8.78     5.25     4.17    46.60     5.3    11.2
bgmaps-map/AR0601SR               160x160  scen     490      34     640    14.24     9.65     6.54     5.09    63.39     6.6    12.5
------------------------------------------------------------------------------------------------------------------------------------
map                                  size   tag   pairs  JPSexp   A*exp      cC#       cC      wC#       wC     A*us   A*/cC   A*/wC
------------------------------------------------------------------------------------------------------------------------------------
bgmaps-map/AR0602SR               308x299  rand    1000     236    5358    76.72    45.98    36.58    26.42   554.30    12.1    21.0
bgmaps-map/AR0602SR               308x299  scen    1370     285    6399    80.83    49.07    43.01    31.42   656.97    13.4    20.9
bgmaps-map/AR0603SR               236x267  rand    1000     100    3201    40.76    23.88    16.66    12.29   311.87    13.1    25.4
bgmaps-map/AR0603SR               236x267  scen    1400     149    4613    47.54    28.71    22.03    16.38   438.28    15.3    26.8
bgmaps-map/AR0604SR                92x102  rand    1000      25     485    15.80     9.54     5.42     3.71    51.69     5.4    13.9
bgmaps-map/AR0604SR                92x102  scen     410      41     856    20.66    12.87     7.39     5.82    86.42     6.7    14.8
bgmaps-map/AR0605SR                 80x86  rand    1000       8     154    13.75     6.67     3.16     2.22    18.08     2.7     8.1
bgmaps-map/AR0605SR                 80x86  scen     190       9     192    14.71     7.27     4.68     2.77    22.43     3.1     8.1
bgmaps-map/AR0606SR                 56x59  rand    1000       3      61     9.79     5.23     2.36     1.53     8.01     1.5     5.2
bgmaps-map/AR0606SR                 56x59  scen     110       4      71    10.63     5.88     3.99     2.78    10.21     1.7     3.7
bgmaps-map/AR0607SR                 60x54  rand    1000      11      85     8.08     5.80     3.40     2.53    10.66     1.8     4.2
bgmaps-map/AR0607SR                 60x54  scen     130      13     100     9.30     6.76     4.88     3.55    12.95     1.9     3.6
bgmaps-map/AR0700SR               320x320  rand    1000     193    4914    87.70    42.73    31.53    22.15   539.52    12.6    24.4
bgmaps-map/AR0700SR               320x320  scen    1300     427    9817   128.46    69.81    61.48    44.33  1071.40    15.3    24.2
bgmaps-map/AR0701SR               204x235  rand    1000      80    1381    37.49    21.38    14.68    10.51   152.70     7.1    14.5
bgmaps-map/AR0701SR               204x235  scen     700     125    2129    47.19    27.45    20.82    14.84   238.84     8.7    16.1
bgmaps-map/AR0702SR                 80x86  rand    1000      24     173    10.53     7.77     4.87     3.52    19.95     2.6     5.7
bgmaps-map/AR0702SR                 80x86  scen     190      27     196    11.33     8.27     5.54     3.93    22.58     2.7     5.7
bgmaps-map/AR0703SR                 50x50  rand    1000       6      31     5.16     4.33     2.17     1.58     4.58     1.1     2.9
bgmaps-map/AR0703SR                 50x50  scen      80       8      47     6.07     4.95     3.08     2.38     7.02     1.4     2.9
bgmaps-map/AR0704SR                 80x80  rand    1000      26     217    11.39     8.26     4.95     3.63    24.06     2.9     6.6
bgmaps-map/AR0704SR                 80x80  scen     240      48     416    16.68    12.29     8.06     5.77    44.56     3.6     7.7
bgmaps-map/AR0705SR                100x86  rand    1000      73     580    19.33    14.53     9.84     7.29    56.53     3.9     7.8
bgmaps-map/AR0705SR                100x86  scen     460      98     787    22.77    17.69    12.23     9.04    75.10     4.2     8.3
bgmaps-map/AR0706SR                 60x64  rand    1000       7      70     7.34     5.06     2.42     1.82     8.91     1.8     4.9
bgmaps-map/AR0706SR                 60x64  scen     140       9     100     8.67     6.06     3.38     2.86    12.58     2.1     4.4
bgmaps-map/AR0707SR                 56x59  rand    1000       7      63     7.31     5.00     2.74     1.96     8.12     1.6     4.2
bgmaps-map/AR0707SR                 56x59  scen     120       8      79     8.24     5.96     3.85     2.87    10.61     1.8     3.7
bgmaps-map/AR0708SR                 52x54  rand    1000       5      51     6.72     4.62     2.14     1.57     6.85     1.5     4.4
bgmaps-map/AR0708SR                 52x54  scen     100       5      57     6.90     4.86     2.92     2.02     7.80     1.6     3.9
bgmaps-map/AR0709SR                 80x80  rand    1000      14     166    10.42     6.82     3.82     2.76    19.16     2.8     6.9
bgmaps-map/AR0709SR                 80x80  scen     190      16     200    11.38     7.72     4.67     3.29    22.68     2.9     6.9
bgmaps-map/AR0710SR                 52x54  rand    1000       5      45     5.77     4.47     2.17     1.51     6.26     1.4     4.2
bgmaps-map/AR0710SR                 52x54  scen     100       6      61     6.15     4.73     2.87     2.10     8.08     1.7     3.8
bgmaps-map/AR0711SR               200x118  rand    1000      34     576    13.69     9.14     5.94     4.50    59.59     6.5    13.2
bgmaps-map/AR0711SR               200x118  scen     580      46     809    14.97    10.52     7.00     5.28    81.86     7.8    15.5
bgmaps-map/AR0712SR                 64x64  rand    1000       9     113     8.35     5.68     3.05     2.34    13.21     2.3     5.6
bgmaps-map/AR0712SR                 64x64  scen     150      11     150     9.11     6.64     3.95     2.88    18.00     2.7     6.2
bgmaps-map/AR0713SR                 60x64  rand    1000      10     100     7.70     5.75     2.77     2.08    12.17     2.1     5.8
bgmaps-map/AR0713SR                 60x64  scen     140      12     138     8.69     6.66     4.06     3.08    16.49     2.5     5.3
da2-map/ca_cave                   183x277  rand    1000      26     828    19.32     9.63     5.91     4.42    91.35     9.5    20.7
da2-map/ca_cave                   183x277  scen     580      40    1368    22.62    11.00     8.04     5.60   149.57    13.6    26.7
da2-map/ca_cavern1_haunted        324x597  rand    1000     198    5753    49.63    31.77    27.11    20.69   561.70    17.7    27.2
da2-map/ca_cavern1_haunted        324x597  scen    2180     266    7799    57.40    37.48    34.16    26.52   764.41    20.4    28.8
da2-map/ca_caverns1               324x596  rand    1000     200    5845    52.37    33.32    28.52    21.60   586.02    17.6    27.1
da2-map/ca_caverns1               324x596  scen    2200     269    7902    59.52    38.01    35.38    26.73   784.22    20.6    29.3
da2-map/ca_caverns1_mines         324x597  rand    1000     201    5851    56.43    36.20    31.46    22.35   618.78    17.1    27.7
da2-map/ca_caverns1_mines         324x597  scen    2190     266    7823    61.48    39.73    36.89    27.77   808.57    20.4    29.1
da2-map/ca_caverns2               389x467  rand    1000     149    3315    37.95    24.57    21.06    15.59   345.21    14.1    22.1
da2-map/ca_caverns2               389x467  scen    1450     207    4723    44.83    29.35    27.24    20.35   494.34    16.8    24.3
------------------------------------------------------------------------------------------------------------------------------------
map                                  size   tag   pairs  JPSexp   A*exp      cC#       cC      wC#       wC     A*us   A*/cC   A*/wC
------------------------------------------------------------------------------------------------------------------------------------
da2-map/ca_caverns2prc            389x467  rand    1000     108    3216    33.67    20.20    16.79    12.28   343.57    17.0    28.0
da2-map/ca_caverns2prc            389x467  scen    1470     156    4599    39.70    24.81    21.88    16.04   492.87    19.9    30.7
da2-map/dr_0_deeproads            560x733  rand    1000     260   16982    79.65    42.95    40.36    29.88  1633.46    38.0    54.7
da2-map/dr_0_deeproads            560x733  scen    3590     351   23115    93.30    52.01    50.39    38.52  2210.23    42.5    57.4
da2-map/dr_dungeon                314x261  rand    1000      51    2317    31.63    15.19    10.52     7.19   242.01    15.9    33.6
da2-map/dr_dungeon                314x261  scen     960      75    3493    35.21    17.99    13.56     9.58   368.99    20.5    38.5
da2-map/dr_primevalentrance       315x221  rand    1000      39    1492    21.14    11.20     7.54     5.50   154.07    13.8    28.0
da2-map/dr_primevalentrance       315x221  scen     860      59    2352    24.18    13.16     9.77     6.87   241.53    18.4    35.2
da2-map/dr_primevaltomb           722x657  rand    1000     132    5840    38.43    23.01    21.20    15.61   585.86    25.5    37.5
da2-map/dr_primevaltomb           722x657  scen    2290     184    8083    45.35    27.51    26.82    19.79   805.52    29.3    40.7
da2-map/dr_slavers                315x260  rand    1000      54    2334    34.05    15.71    10.91     7.51   250.32    15.9    33.3
da2-map/dr_slavers                315x260  scen     910      71    3225    35.70    17.77    13.04     9.44   349.47    19.7    37.0
da2-map/ht_0_hightown             514x514  rand    1000     142    5816    64.23    29.02    25.17    18.08   609.16    21.0    33.7
da2-map/ht_0_hightown             514x514  scen    1400     212    8836    74.19    36.00    33.93    24.88   929.23    25.8    37.4
da2-map/ht_0_hightown_a2          514x514  rand    1000     143    5913    63.57    28.96    25.00    17.82   619.65    21.4    34.8
da2-map/ht_0_hightown_a2          514x514  scen    1370     206    8581    71.11    35.12    33.06    23.90   904.53    25.8    37.8
da2-map/ht_0_hightown_a3          514x514  rand    1000     144    5924    66.72    29.97    25.68    18.25   628.32    21.0    34.4
da2-map/ht_0_hightown_a3          514x514  scen    1360     206    8500    74.41    36.21    33.75    24.20   907.36    25.1    37.5
da2-map/ht_0_hightown_n           514x514  rand    1000     142    5939    66.93    30.24    25.71    18.58   646.77    21.4    34.8
da2-map/ht_0_hightown_n           514x514  scen    1400     207    8801    74.77    36.65    34.25    24.85   965.51    26.3    38.9
da2-map/ht_bartrand_n             133x270  rand    1000      46    1224    25.40    13.22     8.84     6.05   133.38    10.1    22.1
da2-map/ht_bartrand_n             133x270  scen     570      72    1973    29.08    16.55    11.90     8.21   208.98    12.6    25.4
da2-map/ht_brothel_n              133x270  rand    1000      58    1137    25.75    15.36     9.99     7.51   127.91     8.3    17.0
da2-map/ht_brothel_n              133x270  scen     530      76    1557    29.40    17.50    12.55     8.70   166.52     9.5    19.1
da2-map/ht_chantry                162x141  rand    1000      44    1230    26.98    13.81     8.74     6.04   129.52     9.4    21.5
da2-map/ht_chantry                162x141  scen     460      56    1558    28.20    15.26    10.82     7.19   162.50    10.7    22.6
da2-map/ht_chantry_n              162x141  rand    1000      43    1212    27.05    14.08     8.52     5.88   127.67     9.1    21.7
da2-map/ht_chantry_n              162x141  scen     450      54    1502    27.32    14.80    10.04     7.56   155.78    10.5    20.6
da2-map/ht_keep                   281x357  rand    1000      39    1838    25.90    12.80     8.89     6.06   204.09    15.9    33.7
da2-map/ht_keep                   281x357  scen     770      50    2451    27.58    14.21    10.47     7.07   274.18    19.3    38.8
da2-map/ht_keep_n                 281x357  rand    1000      39    1823    24.83    12.20     8.53     5.98   195.11    16.0    32.6
da2-map/ht_keep_n                 281x357  scen     800      53    2662    26.46    13.64    10.59     7.38   286.21    21.0    38.8
da2-map/ht_mansion2               358x308  rand    1000     132    3241    41.57    24.53    20.06    14.66   335.12    13.7    22.9
da2-map/ht_mansion2               358x308  scen    1040     179    4389    47.45    28.71    25.52    18.75   452.83    15.8    24.2
da2-map/ht_mansion2b              358x308  rand    1000     136    3581    46.68    26.80    21.48    15.32   393.94    14.7    25.7
da2-map/ht_mansion2b              358x308  scen    1030     164    4429    48.09    28.65    24.88    18.54   468.82    16.4    25.3
da2-map/ht_mansion_n              133x270  rand    1000      43    1252    24.62    13.03     8.27     5.95   130.87    10.0    22.0
da2-map/ht_mansion_n              133x270  scen     580      65    2004    28.85    15.89    11.17     7.68   205.11    12.9    26.7
da2-map/ht_playershouse_n          185x68  rand    1000      24     585    13.79     8.75     4.94     3.85    59.20     6.8    15.4
da2-map/ht_playershouse_n          185x68  scen     360      28     724    14.51     9.10     5.84     4.11    72.31     7.9    17.6
da2-map/ht_store                    37x37  rand    1000       4      35     5.73     4.36     1.98     1.58     4.89     1.1     3.1
da2-map/ht_store                    37x37  scen      80       4      47     6.49     4.94     3.09     2.19     6.85     1.4     3.1
da2-map/lt_0_lowtown              514x514  rand    1000      66    3622    34.31    16.97    12.86     9.51   391.43    23.1    41.2
da2-map/lt_0_lowtown              514x514  scen    1180      95    5368    36.96    19.22    16.27    11.65   590.86    30.7    50.7
da2-map/lt_0_lowtown_a2           514x514  rand    1000      66    3605    35.46    17.82    13.41     9.76   395.71    22.2    40.5
da2-map/lt_0_lowtown_a2           514x514  scen    1250     101    5869    40.04    20.55    17.78    12.65   657.77    32.0    52.0
da2-map/lt_0_lowtown_a2_n         514x514  rand    1000      74    3623    35.83    17.97    14.11    10.18   396.00    22.0    38.9
da2-map/lt_0_lowtown_a2_n         514x514  scen    1230     119    5729    42.46    22.80    19.01    14.15   645.52    28.3    45.6
da2-map/lt_0_lowtown_a2_n_c       514x514  rand    1000      87    4878    43.23    20.74    16.38    11.72   542.78    26.2    46.3
da2-map/lt_0_lowtown_a2_n_c       514x514  scen    1280     116    6703    49.88    24.47    21.21    14.62   832.24    34.0    56.9
------------------------------------------------------------------------------------------------------------------------------------
map                                  size   tag   pairs  JPSexp   A*exp      cC#       cC      wC#       wC     A*us   A*/cC   A*/wC
------------------------------------------------------------------------------------------------------------------------------------
da2-map/lt_0_lowtown_a3_n_c       514x514  rand    1000      85    4578    39.82    19.67    15.69    11.24   494.90    25.2    44.0
da2-map/lt_0_lowtown_a3_n_c       514x514  scen    1300     117    6783    46.41    22.75    20.10    14.49   733.89    32.3    50.7
da2-map/lt_0_lowtown_docks        514x386  rand    1000      60    2928    33.07    17.03    12.26     9.13   325.40    19.1    35.6
da2-map/lt_0_lowtown_docks        514x386  scen    1030      75    3699    37.46    19.24    17.68    12.68   499.03    25.9    39.4
da2-map/lt_0_lowtown_docks_a3     514x386  rand    1000      50    2507    28.70    14.17    10.74     7.74   272.78    19.2    35.2
da2-map/lt_0_lowtown_docks_a3     514x386  scen    1040      68    3555    31.37    16.44    12.77     9.91   378.87    23.0    38.2
da2-map/lt_0_lowtown_docks_a3~    514x386  rand    1000      50    2507    40.19    19.58    11.50     8.11   341.66    17.4    42.1
da2-map/lt_0_lowtown_docks_a3~    514x386  scen    1050      70    3642    43.45    22.55    17.91     9.34   501.96    22.3    53.7
da2-map/lt_0_lowtown_docks_n      514x386  rand    1000      60    2928    31.63    15.92    12.13     8.53   320.31    20.1    37.5
da2-map/lt_0_lowtown_docks_n      514x386  scen    1030      75    3689    33.11    17.48    13.98    10.03   391.76    22.4    39.1
da2-map/lt_0_lowtown_n            514x514  rand    1000      65    3685    38.26    17.79    13.58    10.42   420.02    23.6    40.3
da2-map/lt_0_lowtown_n            514x514  scen    1200      93    5476    38.53    20.18    17.06    12.30   651.29    32.3    52.9
da2-map/lt_backalley_g            130x130  rand    1000      17     774    20.07     9.08     4.92     3.21    83.66     9.2    26.1
da2-map/lt_backalley_g            130x130  scen     420      23    1082    21.53    10.46     6.11     4.09   115.70    11.1    28.3
da2-map/lt_backalley_n            130x130  rand    1000      17     774    20.35     9.51     5.11     3.24    93.66     9.8    28.9
da2-map/lt_backalley_n            130x130  scen     420      23    1099    21.59    10.14     6.26     4.09   122.00    12.0    29.8
da2-map/lt_darktown               251x292  rand    1000      57    2105    28.93    14.63    10.38     7.45   210.83    14.4    28.3
da2-map/lt_darktown               251x292  scen     880      86    3146    32.98    17.63    13.59     9.70   314.83    17.9    32.5
da2-map/lt_foundry_n               109x92  rand    1000      28    1176    22.35    12.12     5.89     4.12   115.55     9.5    28.1
da2-map/lt_foundry_n               109x92  scen     510      33    1468    24.18    13.03     6.99     4.74   144.60    11.1    30.5
da2-map/lt_gallowscourtyard       514x642  rand    1000      60    2312    29.76    13.91    11.40     8.19   240.83    17.3    29.4
da2-map/lt_gallowscourtyard       514x642  scen    1030      99    3963    35.14    17.47    16.30    11.43   395.58    22.6    34.6
da2-map/lt_gallowscourtyard_n     514x642  rand    1000      18     753    15.28     7.02     5.05     3.55    78.92    11.2    22.2
da2-map/lt_gallowscourtyard_n     514x642  scen     730      26    1344    17.15     8.13     6.42     4.51   139.99    17.2    31.0
da2-map/lt_gallowsprison_n        116x242  rand    1000       6     178    12.99     4.92     2.57     1.79    19.64     4.0    11.0
da2-map/lt_gallowsprison_n        116x242  scen     320       8     306    14.09     5.34     3.73     2.29    32.59     6.1    14.2
da2-map/lt_gallowstemplar         251x180  rand    1000      51    1345    28.06    13.89     9.73     6.56   145.96    10.5    22.3
da2-map/lt_gallowstemplar         251x180  scen     610      59    1642    27.91    14.92    10.50     7.87   181.15    12.1    23.0
da2-map/lt_gallowstemplar_f       251x180  rand    1000      49    1275    27.89    17.76     9.39     6.35   174.08     9.8    27.4
da2-map/lt_gallowstemplar_f       251x180  scen     600      61    1616    29.88    14.51    10.80     8.37   210.12    14.5    25.1
da2-map/lt_gallowstemplar_n       251x180  rand    1000      51    1352    26.53    13.77     9.45     6.53   144.48    10.5    22.1
da2-map/lt_gallowstemplar_n       251x180  scen     620      64    1725    28.49    15.06    11.17     7.86   183.64    12.2    23.4
da2-map/lt_gamlenshouse_n         156x102  rand    1000       6      85     6.79     4.58     2.32     1.69    10.40     2.3     6.1
da2-map/lt_gamlenshouse_n         156x102  scen     130       6      99     7.16     5.15     3.25     2.46    12.50     2.4     5.1
da2-map/lt_hangedman              129x135  rand    1000      43     864    19.42    11.71     7.25     5.16    88.94     7.6    17.2
da2-map/lt_hangedman              129x135  scen     520      67    1342    23.69    14.78     9.90     7.32   134.75     9.1    18.4
da2-map/lt_hangedman_n            129x135  rand    1000      43     864    19.66    11.93     7.57     5.37    93.08     7.8    17.3
da2-map/lt_hangedman_n            129x135  scen     500      62    1251    24.63    14.25    10.35     6.93   131.14     9.2    18.9
da2-map/lt_house                    54x53  rand    1000       8      94    10.45     5.42     2.74     1.84    11.23     2.1     6.1
da2-map/lt_house                    54x53  scen      20       2       7     7.42     6.44     6.87     5.88     5.83     0.9     1.0
da2-map/lt_ruinedhouse_n          156x102  rand    1000       6      85     6.72     4.90     2.31     1.98    10.39     2.1     5.2
da2-map/lt_ruinedhouse_n          156x102  scen     130       7      96     7.49     5.16     3.43     2.43    11.93     2.3     4.9
da2-map/lt_shop                   156x102  rand    1000       7      88     9.29     6.08     3.21     2.81    10.86     1.8     3.9
da2-map/lt_shop                   156x102  scen     130       9     118     7.21     5.46     3.78     3.05    15.09     2.8     4.9
da2-map/lt_undercitydungeon       184x177  rand    1000      86    2883    39.19    20.40    13.86     9.60   282.02    13.8    29.4
da2-map/lt_undercitydungeon       184x177  scen     930     111    3723    42.73    22.72    16.02    11.62   357.85    15.7    30.8
da2-map/lt_undercityencounter     128x283  rand    1000      44    2101    32.16    14.12     8.88     6.17   215.54    15.3    35.0
da2-map/lt_undercityencounter     128x283  scen     750      53    2634    34.64    15.45    10.17     7.18   265.39    17.2    37.0
da2-map/lt_undercityserialkil~    184x177  rand    1000     102    2751    41.01    22.19    15.15    10.74   266.70    12.0    24.8
da2-map/lt_undercityserialkil~    184x177  scen     910     139    3756    46.13    25.44    19.11    13.59   358.19    14.1    26.3
------------------------------------------------------------------------------------------------------------------------------------
map                                  size   tag   pairs  JPSexp   A*exp      cC#       cC      wC#       wC     A*us   A*/cC   A*/wC
------------------------------------------------------------------------------------------------------------------------------------
da2-map/lt_warehouse              194x130  rand    1000      28     958    18.86     9.93     6.08     4.29    95.68     9.6    22.3
da2-map/lt_warehouse              194x130  scen     450      36    1341    20.45    11.37     7.34     5.06   129.75    11.4    25.6
da2-map/lt_warehouse_n            194x130  rand    1000      26     890    19.38    10.07     5.80     3.95    92.32     9.2    23.3
da2-map/lt_warehouse_n            194x130  scen     450      36    1296    21.26    11.47     7.46     4.98   129.60    11.3    26.0
da2-map/w_blightlands             514x514  rand    1000     115    4599    33.30    21.03    17.52    13.59   440.32    20.9    32.4
da2-map/w_blightlands             514x514  scen    2150     174    6705    40.90    26.78    23.68    19.04   639.90    23.9    33.6
da2-map/w_bonepit                 514x450  rand    1000      55    2949    29.63    13.54    10.38     7.21   314.93    23.3    43.7
da2-map/w_bonepit                 514x450  scen    1120      92    5090    35.87    17.19    14.46    10.01   541.50    31.5    54.1
da2-map/w_bonepitdestroyed_a3     514x450  rand    1000      70    6863    46.97    18.13    13.70     9.33   700.93    38.7    75.2
da2-map/w_bonepitdestroyed_a3     514x450  scen    1720      99    9968    51.87    20.46    16.49    11.69   984.94    48.1    84.2
da2-map/w_bonepitmining_a2        514x450  rand    1000      55    2878    28.61    13.86    10.46     7.48   297.84    21.5    39.8
da2-map/w_bonepitmining_a2        514x450  scen    1140      91    4884    33.21    16.71    14.50    10.12   498.17    29.8    49.2
da2-map/w_encounter1              258x514  rand    1000      17     643    15.65     7.71     4.69     3.54    71.55     9.3    20.2
da2-map/w_encounter1              258x514  scen     520      25     969    16.24     8.50     6.18     4.44   103.70    12.2    23.4
da2-map/w_encounter2              514x514  rand    1000      29    3277    34.55    12.73     9.21     6.22   346.70    27.2    55.7
da2-map/w_encounter2              514x514  scen    1150      43    5474    37.10    14.98    11.84     8.02   588.63    39.3    73.4
da2-map/w_encounter2_camp         514x514  rand    1000      37    3812    35.39    14.02    10.13     7.22   400.96    28.6    55.6
da2-map/w_encounter2_camp         514x514  scen    1190      51    5907    37.58    15.77    12.51     8.72   629.24    39.9    72.2
da2-map/w_encounter3              386x642  rand    1000      28    1054    16.88     9.11     6.39     4.73   117.86    12.9    24.9
da2-map/w_encounter3              386x642  scen     850      48    1844    20.31    10.72     9.22     6.65   207.18    19.3    31.2
da2-map/w_sundermount             770x770  rand    1000     103    5526    46.19    23.28    19.94    14.35   575.08    24.7    40.1
da2-map/w_sundermount             770x770  scen    1730     155    8162    52.17    28.74    26.15    19.31   847.62    29.5    43.9
da2-map/w_woundedcoast            642x578  rand    1000     191    7419    56.97    34.21    30.23    22.45   798.12    23.3    35.6
da2-map/w_woundedcoast            642x578  scen    2100     235    9356    60.10    37.73    34.81    26.57  1000.56    26.5    37.7
dao-map/arena                       49x49  rand    1000       6      83    10.24     5.63     2.92     1.90    10.37     1.8     5.5
dao-map/arena                       49x49  scen     130       6      89    11.05     6.26     4.28     2.74    11.50     1.8     4.2
dao-map/arena2                    281x209  rand    1000      48    2904    46.75    17.28    11.23     7.28   305.37    17.7    41.9
dao-map/arena2                    281x209  scen     910      87    5519    57.59    23.29    16.58    11.10   588.64    25.3    53.0
dao-map/brc000d                   257x261  rand    1000     104    1997    56.02    24.38    18.28    12.91   211.61     8.7    16.4
dao-map/brc000d                   257x261  scen     850     258    4637    85.89    41.95    37.24    27.10   491.16    11.7    18.1
dao-map/brc100d                   512x492  rand    1000     204    6188    67.91    35.31    31.06    22.60   649.14    18.4    28.7
dao-map/brc100d                   512x492  scen    1360     317    9259    80.94    45.78    44.84    32.93   961.39    21.0    29.2
dao-map/brc101d                   384x639  rand    1000     122    5299    57.45    26.93    21.43    15.61   583.04    21.6    37.4
dao-map/brc101d                   384x639  scen    1570     173    7462    64.00    31.48    27.23    20.50   839.28    26.7    40.9
dao-map/brc200d                   528x209  rand    1000      92    2736    34.04    19.55    14.93    10.95   292.42    15.0    26.7
dao-map/brc200d                   528x209  scen    1280     174    5223    46.48    27.89    24.20    17.65   568.18    20.4    32.2
dao-map/brc201d                   391x388  rand    1000     165    5712    56.67    30.06    25.12    18.66   553.77    18.4    29.7
dao-map/brc201d                   391x388  scen    2090     245    8492    66.49    37.86    33.75    25.44   807.86    21.3    31.8
dao-map/brc202d                   530x481  rand    1000     423   11846   103.53    59.97    58.26    42.66  1197.78    20.0    28.1
dao-map/brc202d                   530x481  scen    2550     581   16216   121.53    74.43    76.60    57.16  1616.98    21.7    28.3
dao-map/brc203d                   274x391  rand    1000     120    3499    48.58    25.14    19.88    14.05   385.50    15.3    27.4
dao-map/brc203d                   274x391  scen    1290     183    5447    55.93    31.03    26.97    19.36   592.69    19.1    30.6
dao-map/brc204d                   431x429  rand    1000     123    3726    43.59    22.79    18.78    13.58   388.45    17.0    28.6
dao-map/brc204d                   431x429  scen    1460     182    5573    51.36    27.91    25.12    18.50   576.18    20.6    31.1
dao-map/brc300d                   359x252  rand    1000      69    1594    19.42    13.10    10.03     7.70   154.74    11.8    20.1
dao-map/brc300d                   359x252  scen    1120      95    2252    22.51    16.05    12.50     9.57   221.27    13.8    23.1
dao-map/brc501d                   225x288  rand    1000     428    9455   207.97    77.99    67.48    47.82  1019.33    13.1    21.3
dao-map/brc501d                   225x288  scen    1410     778   16059   268.20   115.73   110.99    83.95  1669.37    14.4    19.9
dao-map/brc502d                   486x254  rand    1000      15     397    13.10     6.79     4.33     3.17    42.79     6.3    13.5
dao-map/brc502d                   486x254  scen     460      31     927    15.60     9.06     6.97     4.98    97.64    10.8    19.6
------------------------------------------------------------------------------------------------------------------------------------
map                                  size   tag   pairs  JPSexp   A*exp      cC#       cC      wC#       wC     A*us   A*/cC   A*/wC
------------------------------------------------------------------------------------------------------------------------------------
dao-map/brc503d                   320x257  rand    1000     494   11733   205.54    84.31    73.15    51.65  1244.23    14.8    24.1
dao-map/brc503d                   320x257  scen    1570     851   19361   266.87   122.41   123.15    87.35  2004.67    16.4    22.9
dao-map/brc504d                   260x256  rand    1000     623   11673   190.35    98.28    86.48    62.91  1205.86    12.3    19.2
dao-map/brc504d                   260x256  scen    1610     862   15608   219.02   120.54   116.87    84.91  1559.14    12.9    18.4
dao-map/brc505d                   261x193  rand    1000     496    7107   160.30    80.48    68.28    48.85   724.90     9.0    14.8
dao-map/brc505d                   261x193  scen    1510    1061   15004   259.03   141.62   138.86   100.38  1475.40    10.4    14.7
dao-map/brc997d                   256x256  rand    1000      37    1001    34.36    12.79     9.04     6.09   106.40     8.3    17.5
dao-map/brc997d                   256x256  scen     660      62    1917    40.97    16.22    12.48     8.78   201.30    12.4    22.9
dao-map/brc999d                   518x512  rand    1000      11     437    19.66     6.53     4.53     2.96    46.44     7.1    15.7
dao-map/brc999d                   518x512  scen     450      17     883    19.93     7.37     7.18     3.93    89.33    12.1    22.7
dao-map/combat                    177x193  rand    1000       5    1033    81.85     9.89     7.20     2.62   108.64    11.0    41.4
dao-map/combat                    177x193  scen     680       7    2139    97.05    12.47     8.97     3.66   241.24    19.4    65.9
dao-map/combat2                   177x193  rand    1000       5     981    79.96     9.70     7.00     2.54   102.79    10.6    40.5
dao-map/combat2                   177x193  scen     680       7    2165    92.60    11.95     8.89     3.57   236.99    19.8    66.3
dao-map/den000d                   503x351  rand    1000     103    6888    83.56    29.37    22.14    14.53   779.74    26.5    53.6
dao-map/den000d                   503x351  scen    1310     171   11322    92.78    36.87    31.33    21.83  1329.64    36.1    60.9
dao-map/den001d                    211x80  rand    1000      21     880    21.59     9.79     5.48     3.63    91.90     9.4    25.3
dao-map/den001d                    211x80  scen     480      21     945    21.23     9.51     5.91     4.00    96.04    10.1    24.0
dao-map/den005d                   241x328  rand    1000     156    4595    48.85    27.76    21.71    15.54   467.97    16.9    30.1
dao-map/den005d                   241x328  scen    1500     246    7162    59.79    36.06    31.45    22.66   722.91    20.0    31.9
dao-map/den009d                     50x34  rand    1000       9     174    10.21     6.57     2.72     1.91    18.41     2.8     9.7
dao-map/den009d                     50x34  scen     170      11     241    11.73     7.51     3.59     2.53    24.35     3.2     9.6
dao-map/den011d                   247x167  rand    1000      80    2135    35.80    20.06    13.40     9.57   218.61    10.9    22.8
dao-map/den011d                   247x167  scen     750     106    2836    39.56    22.36    16.78    11.89   288.24    12.9    24.2
dao-map/den012d                   310x350  rand    1000     120    4327    54.33    24.56    18.97    13.48   436.71    17.8    32.4
dao-map/den012d                   310x350  scen    1180     174    6377    60.33    29.10    24.86    18.02   625.11    21.5    34.7
dao-map/den020d                    89x118  rand    1000      24     516    15.11     8.90     5.04     3.60    53.88     6.1    15.0
dao-map/den020d                    89x118  scen     380      33     735    17.35    10.21     6.05     4.43    75.30     7.4    17.0
dao-map/den101d                     73x41  rand    1000      14     210     9.82     6.94     3.46     2.48    23.24     3.3     9.4
dao-map/den101d                     73x41  scen     210      18     294    11.36     8.04     4.75     3.52    30.93     3.8     8.8
dao-map/den200d                   320x455  rand    1000      80    2357    34.11    17.55    13.61     9.90   257.98    14.7    26.1
dao-map/den200d                   320x455  scen    1030     126    3944    41.98    21.98    19.43    13.96   435.94    19.8    31.2
dao-map/den200n                   320x455  rand    1000      85    2304    34.73    17.67    14.26    10.22   251.05    14.2    24.6
dao-map/den200n                   320x455  scen     990     137    3803    42.74    22.90    20.76    14.60   414.46    18.1    28.4
dao-map/den201d                     37x37  rand    1000       5      42     5.98     4.77     1.92     1.40     5.97     1.3     4.3
dao-map/den201d                     37x37  scen     100       6      61     6.92     5.78     2.73     2.02     8.17     1.4     4.1
dao-map/den202d                     39x40  rand    1000       5      49     6.64     4.81     2.03     1.41     6.83     1.4     4.8
dao-map/den202d                     39x40  scen     110       7      97     9.29     6.54     3.63     2.59    12.94     2.0     5.0
dao-map/den203d                     93x77  rand    1000      28     504    16.35     9.71     5.69     3.99    55.02     5.7    13.8
dao-map/den203d                     93x77  scen     330      35     662    17.96    10.71     6.73     4.83    69.52     6.5    14.4
dao-map/den204d                     66x66  rand    1000      13     180    13.07     6.89     3.85     2.79    21.68     3.1     7.8
dao-map/den204d                     66x66  scen     200      19     300    17.20     8.81     5.79     3.42    34.30     3.9    10.0
dao-map/den206d                    50x190  rand    1000      32    1033    23.02    11.56     6.24     4.41   112.09     9.7    25.4
dao-map/den206d                    50x190  scen     580      39    1257    25.77    12.45     7.13     5.11   137.41    11.0    26.9
dao-map/den207d                     38x50  rand    1000       7      84     7.66     5.33     2.38     1.79    10.10     1.9     5.6
dao-map/den207d                     38x50  scen     140       9     121     8.77     6.33     3.52     2.54    14.31     2.3     5.6
dao-map/den308d                    100x88  rand    1000      16     357    14.58     7.67     3.99     2.74    39.74     5.2    14.5
dao-map/den308d                    100x88  scen     290      23     540    16.37     8.88     5.14     3.56    58.00     6.5    16.3
dao-map/den312d                     65x81  rand    1000      22     343    13.39     8.56     4.64     3.14    38.84     4.5    12.4
dao-map/den312d                     65x81  scen     290      28     475    15.21     9.50     5.37     3.97    52.71     5.5    13.3
------------------------------------------------------------------------------------------------------------------------------------
map                                  size   tag   pairs  JPSexp   A*exp      cC#       cC      wC#       wC     A*us   A*/cC   A*/wC
------------------------------------------------------------------------------------------------------------------------------------
dao-map/den400d                   259x268  rand    1000      61    1958    55.42    18.27    12.88     8.94   211.93    11.6    23.7
dao-map/den400d                   259x268  scen     810     113    3771    68.57    25.44    20.77    14.22   414.75    16.3    29.2
dao-map/den401d                   259x113  rand    1000      70    1859    32.89    18.52    12.22     8.57   207.92    11.2    24.3
dao-map/den401d                   259x113  scen     730      85    2252    33.80    19.71    14.10     9.75   251.02    12.7    25.7
dao-map/den403d                     74x49  rand    1000      13     245    12.44     7.20     3.43     2.42    27.14     3.8    11.2
dao-map/den403d                     74x49  scen     200      13     288    12.80     7.71     4.16     2.87    31.72     4.1    11.0
dao-map/den404d                     28x34  rand    1000       6      64     6.06     4.90     2.22     1.56     7.94     1.6     5.1
dao-map/den404d                     28x34  scen     100       7      76     6.36     5.14     2.64     1.94    10.26     2.0     5.3
dao-map/den405d                     74x42  rand    1000       8      93     7.17     5.36     2.61     1.83    11.24     2.1     6.1
dao-map/den405d                     74x42  scen     140       9     112     7.69     5.62     3.48     2.55    14.02     2.5     5.5
dao-map/den407d                     33x57  rand    1000       6      69     7.25     4.91     2.28     1.71     8.56     1.7     5.0
dao-map/den407d                     33x57  scen     140       7      94     8.56     5.86     3.46     2.48    11.62     2.0     4.7
dao-map/den408d                     34x50  rand    1000       6      48     6.37     4.49     2.28     1.61     6.29     1.4     3.9
dao-map/den408d                     34x50  scen     120       8      73     7.68     5.81     3.41     2.60    10.19     1.8     3.9
dao-map/den500d                   288x417  rand    1000     125    6120    60.16    26.84    20.64    14.49   623.98    23.2    43.1
dao-map/den500d                   288x417  scen    1600     177    8561    66.53    31.29    26.11    18.55   862.81    27.6    46.5
dao-map/den501d                   320x338  rand    1000     161    4720    60.77    31.62    25.57    17.59   480.67    15.2    27.3
dao-map/den501d                   320x338  scen    1170     200    6012    62.49    33.89    29.74    21.24   601.42    17.7    28.3
dao-map/den502d                   211x251  rand    1000      13    1486    47.08    10.06     6.67     3.48   154.09    15.3    44.2
dao-map/den502d                   211x251  scen     680      18    2553    52.53    11.68     9.01     4.52   255.60    21.9    56.6
dao-map/den504d                   158x227  rand    1000      51    1745    36.88    15.82     9.73     6.89   194.00    12.3    28.2
dao-map/den504d                   158x227  scen     630      58    2149    38.95    16.43    11.49     7.47   233.26    14.2    31.2
dao-map/den505d                   288x432  rand    1000     116    5896    82.10    36.87    24.48    14.50   778.45    21.1    53.7
dao-map/den505d                   288x432  scen    1600     175    8664    69.41    31.74    30.65    18.98  1105.31    34.8    58.2
dao-map/den510d                   385x467  rand    1000     314   11117   122.62    54.49    49.20    34.80  1245.34    22.9    35.8
dao-map/den510d                   385x467  scen    1940     649   20816   176.56    90.92    93.13    68.37  2344.41    25.8    34.3
dao-map/den520d                   256x257  rand    1000      75    3381    56.32    20.78    14.54     9.74   358.13    17.2    36.8
dao-map/den520d                   256x257  scen     870     104    4728    60.42    23.97    18.02    12.46   502.44    21.0    40.3
dao-map/den600d                   354x169  rand    1000     117    3902    40.57    23.93    17.45    12.45   401.36    16.8    32.2
dao-map/den600d                   354x169  scen    1390     177    5893    49.27    30.07    23.55    16.96   608.36    20.2    35.9
dao-map/den601d                   374x187  rand    1000     150    5035    53.39    30.61    24.21    17.41   538.45    17.6    30.9
dao-map/den601d                   374x187  scen    1450     235    7727    67.74    40.66    34.00    25.06   825.47    20.3    32.9
dao-map/den602d                   710x402  rand    1000     370    9486    83.70    53.45    51.50    38.27   990.58    18.5    25.9
dao-map/den602d                   710x402  scen    2660     593   14774   114.11    75.40    78.05    58.54  1543.14    20.5    26.4
dao-map/den900d                   128x128  rand    1000      13     392    17.47     7.41     3.97     2.79    43.02     5.8    15.4
dao-map/den900d                   128x128  scen     360      15     536    19.44     8.33     5.10     3.46    60.22     7.2    17.4
dao-map/den901d                   129x128  rand    1000      14     550    25.64     8.48     4.70     2.92    59.53     7.0    20.4
dao-map/den901d                   129x128  scen     440      27    1249    33.06    11.47     7.73     4.49   138.21    12.0    30.8
dao-map/den998d                     62x86  rand    1000      17     207    10.96     7.01     3.80     2.81    23.37     3.3     8.3
dao-map/den998d                     62x86  scen     230      21     282    13.03     8.13     5.09     3.58    31.60     3.9     8.8
dao-map/hrt000d                   408x876  rand    1000     289   12432   167.37    56.16    49.68    34.89  1436.31    25.6    41.2
dao-map/hrt000d                   408x876  scen    2260     584   24205   226.76    88.45    88.20    65.48  2840.81    32.1    43.4
dao-map/hrt001d                   104x112  rand    1000      14     336    13.40     7.10     3.84     2.70    36.67     5.2    13.6
dao-map/hrt001d                   104x112  scen     320      23     571    16.29     9.14     5.68     3.84    60.18     6.6    15.7
dao-map/hrt002d                     49x50  rand    1000      13     118     7.91     5.93     2.95     2.17    13.46     2.3     6.2
dao-map/hrt002d                     49x50  scen     170      20     209    10.41     7.56     4.23     3.24    22.92     3.0     7.1
dao-map/hrt201d                   297x272  rand    1000     119    3106    45.38    25.29    18.37    13.27   328.50    13.0    24.8
dao-map/hrt201d                   297x272  scen    1100     212    5403    59.81    34.99    29.05    21.40   575.34    16.4    26.9
dao-map/hrt201n                   294x305  rand    1000     162    4329    52.26    30.14    23.37    16.86   448.37    14.9    26.6
dao-map/hrt201n                   294x305  scen    1180     213    5687    57.85    34.72    28.98    21.28   611.28    17.6    28.7
------------------------------------------------------------------------------------------------------------------------------------
map                                  size   tag   pairs  JPSexp   A*exp      cC#       cC      wC#       wC     A*us   A*/cC   A*/wC
------------------------------------------------------------------------------------------------------------------------------------
dao-map/isound1                     55x63  rand    1000       5     287    17.92     7.05     2.61     1.54    31.21     4.4    20.3
dao-map/isound1                     55x63  scen     200       5     346    17.73     7.63     3.50     1.95    36.26     4.7    18.6
dao-map/lak100c                   538x793  rand    1000     240    8788    69.85    39.95    36.38    27.05   936.93    23.5    34.6
dao-map/lak100c                   538x793  scen    1920     353   12869    85.05    49.22    49.64    37.54  1356.52    27.6    36.1
dao-map/lak100d                   538x792  rand    1000     286    9230    94.49    55.96    54.76    33.20  1217.85    21.8    36.7
dao-map/lak100d                   538x792  scen    2040     469   14556   132.75    77.88    76.51    55.09  1926.18    24.7    35.0
dao-map/lak100n                   538x793  rand    1000     282    8504    73.21    41.47    39.85    30.16   859.06    20.7    28.5
dao-map/lak100n                   538x793  scen    1910     416   12438    88.99    54.23    55.30    42.39  1263.90    23.3    29.8
dao-map/lak101d                     30x31  rand    1000       3      26     4.81     4.13     1.75     1.24     3.87     0.9     3.1
dao-map/lak101d                     30x31  scen      60       3      28     5.59     4.89     3.00     2.20     5.03     1.0     2.3
dao-map/lak102d                     38x30  rand    1000       7      61     6.30     4.94     2.24     1.68     7.58     1.5     4.5
dao-map/lak102d                     38x30  scen     100       8      74     6.52     5.19     2.84     2.09     9.46     1.8     4.5
dao-map/lak103d                     49x49  rand    1000      15     191     8.61     6.39     3.21     2.35    20.19     3.2     8.6
dao-map/lak103d                     49x49  scen     230      20     279    10.40     7.82     4.21     3.11    28.66     3.7     9.2
dao-map/lak104d                     41x41  rand    1000       7      67     8.33     5.08     2.54     1.67     8.45     1.7     5.0
dao-map/lak104d                     41x41  scen     120       8      90     8.50     6.19     3.76     2.78    11.72     1.9     4.2
dao-map/lak105d                     31x25  rand    1000       8      58     6.27     5.15     2.39     1.76     7.46     1.4     4.2
dao-map/lak105d                     31x25  scen      90       9      71     7.08     5.81     3.28     2.42     9.56     1.6     3.9
dao-map/lak106d                    97x113  rand    1000       7     156    10.48     5.16     2.67     1.85    17.57     3.4     9.5
dao-map/lak106d                    97x113  scen     230      11     283    12.36     6.27     3.65     2.62    31.25     5.0    11.9
dao-map/lak107d                     36x26  rand    1000       4      47     5.69     4.61     1.88     1.39     5.90     1.3     4.3
dao-map/lak107d                     36x26  scen     100       6      79     6.82     5.38     2.58     1.91     9.31     1.7     4.9
dao-map/lak108d                     27x26  rand    1000       4      28     4.83     4.15     1.83     1.47     4.20     1.0     2.9
dao-map/lak108d                     27x26  scen      60       5      28     5.64     4.84     3.13     2.49     5.53     1.1     2.2
dao-map/lak109d                     33x42  rand    1000       7      48     5.17     4.29     2.03     1.50     6.10     1.4     4.1
dao-map/lak109d                     33x42  scen     100       8      57     5.55     4.62     2.49     1.95     7.35     1.6     3.8
dao-map/lak110d                     30x21  rand    1000       4      19     3.95     3.62     1.64     1.24     3.07     0.8     2.5
dao-map/lak110d                     30x21  scen      50       4      19     5.10     4.67     3.11     2.57     4.28     0.9     1.7
dao-map/lak200d                   352x261  rand    1000      20     956    18.57     7.82     4.93     3.49    98.44    12.6    28.2
dao-map/lak200d                   352x261  scen     560      32    1722    19.54     9.09     6.80     4.63   170.52    18.8    36.9
dao-map/lak201d                   252x163  rand    1000      72    2283    30.08    17.39    11.62     8.23   229.40    13.2    27.9
dao-map/lak201d                   252x163  scen     790      85    2689    30.97    18.00    13.00     9.22   265.64    14.8    28.8
dao-map/lak202d                   159x182  rand    1000      44    1401    21.94    12.06     7.63     5.43   139.90    11.6    25.8
dao-map/lak202d                   159x182  scen     670      60    1962    25.20    14.02     9.56     6.63   196.33    14.0    29.6
dao-map/lak203d                   112x146  rand    1000      14     242     9.71     6.15     3.66     2.59    26.91     4.4    10.4
dao-map/lak203d                   112x146  scen     320      24     452    11.60     7.53     5.30     3.72    48.70     6.5    13.1
dao-map/lak250d                   257x257  rand    1000      10     162     9.97     5.92     3.44     2.41    18.59     3.1     7.7
dao-map/lak250d                   257x257  scen     270      21     358    11.64     7.46     5.75     3.91    38.98     5.2    10.0
dao-map/lak300d                   384x528  rand    1000      24     972    22.60     8.72     6.31     4.21   102.63    11.8    24.4
dao-map/lak300d                   384x528  scen     730      40    1747    24.99    10.59     8.46     5.98   184.16    17.4    30.8
dao-map/lak302d                   193x289  rand    1000      88    3419    37.67    19.85    13.66     9.73   340.84    17.2    35.0
dao-map/lak302d                   193x289  scen    1000     115    4526    40.75    21.99    16.64    11.94   452.46    20.6    37.9
dao-map/lak303d                   194x194  rand    1000     163    3470    56.62    32.50    22.72    17.33   334.16    10.3    19.3
dao-map/lak303d                   194x194  scen    1040     250    5141    67.93    41.51    32.14    24.76   472.78    11.4    19.1
dao-map/lak304d                   193x194  rand    1000     104    2726    45.37    24.84    16.66    12.01   291.97    11.8    24.3
dao-map/lak304d                   193x194  scen     750     156    3846    52.36    30.54    22.47    16.37   403.73    13.2    24.7
dao-map/lak307d                     84x84  rand    1000       6     171    17.13     5.86     3.04     1.79    18.84     3.2    10.5
dao-map/lak307d                     84x84  scen     200       6     198    17.44     6.08     4.39     2.17    21.71     3.6    10.0
dao-map/lak308d                   298x324  rand    1000     106    2591    32.62    19.39    14.92    11.10   262.63    13.5    23.7
dao-map/lak308d                   298x324  scen    1240     148    3594    37.23    23.15    19.23    14.50   366.60    15.8    25.3
------------------------------------------------------------------------------------------------------------------------------------
map                                  size   tag   pairs  JPSexp   A*exp      cC#       cC      wC#       wC     A*us   A*/cC   A*/wC
------------------------------------------------------------------------------------------------------------------------------------
dao-map/lak400d                 1057x1057  rand    1000     143    5250    53.83    28.04    25.73    18.82   595.80    21.2    31.7
dao-map/lak400d                 1057x1057  scen    1320     202    7415    60.95    33.43    33.99    24.92   855.01    25.6    34.3
dao-map/lak401d                   401x593  rand    1000     270    9432    85.59    44.95    39.16    28.81   964.56    21.5    33.5
dao-map/lak401d                   401x593  scen    2180     392   13415    99.28    55.54    53.49    40.06  1372.56    24.7    34.3
dao-map/lak403d                   403x649  rand    1000      32    1407    38.43    10.98     8.50     5.55   146.62    13.4    26.4
dao-map/lak403d                   403x649  scen    1090      34    2252    34.45    10.95     8.64     5.96   233.29    21.3    39.1
dao-map/lak404d                    528x70  rand    1000      52    2208    33.18    16.04    10.11     6.87   249.66    15.6    36.4
dao-map/lak404d                    528x70  scen    1330      81    3501    41.49    20.81    13.46     9.64   401.21    19.3    41.6
dao-map/lak405d                  833x1006  rand    1000     402   12126    90.35    57.96    58.10    45.15  1246.48    21.5    27.6
dao-map/lak405d                  833x1006  scen    4040     519   15855   104.79    69.47    72.57    57.20  1623.05    23.4    28.4
dao-map/lak503d                   194x194  rand    1000     175    4716    66.12    35.06    24.63    17.65   444.36    12.7    25.2
dao-map/lak503d                   194x194  scen    1220     265    7030    79.74    44.65    34.49    25.10   640.00    14.3    25.5
dao-map/lak504d                   193x194  rand    1000      98    2615    44.25    23.76    15.67    10.97   279.41    11.8    25.5
dao-map/lak504d                   193x194  scen     720     138    3611    49.58    28.77    21.11    14.68   379.87    13.2    25.9
dao-map/lak505d                   194x195  rand    1000     191    3805    85.69    47.77    33.59    20.42   465.81     9.8    22.8
dao-map/lak505d                   194x195  scen     920     279    5551   110.54    57.92    40.16    29.88   684.08    11.8    22.9
dao-map/lak506d                   194x205  rand    1000     201    4062    60.76    37.64    27.90    20.85   400.15    10.6    19.2
dao-map/lak506d                   194x205  scen    1110     255    5149    67.64    41.99    33.62    24.67   500.85    11.9    20.3
dao-map/lak507d                     84x84  rand    1000       4     156    17.12     5.62     2.52     1.38    17.63     3.1    12.7
dao-map/lak507d                     84x84  scen     210       5     228    19.33     6.28     4.43     2.02    25.36     4.0    12.6
dao-map/lak510d                   287x253  rand    1000      15     553    16.07     6.95     4.59     2.98    59.09     8.5    19.8
dao-map/lak510d                   287x253  scen     420      18     740    16.58     7.37     5.28     3.39    76.91    10.4    22.7
dao-map/lak511d                   207x533  rand    1000      66    2380    42.59    17.65    12.62     8.51   254.83    14.4    29.9
dao-map/lak511d                   207x533  scen    1050     111    4379    50.24    21.94    17.79    12.41   471.16    21.5    38.0
dao-map/lak512d                   297x658  rand    1000     205    6744    72.91    35.94    31.71    23.24   747.48    20.8    32.2
dao-map/lak512d                   297x658  scen    2100     288    9621    85.14    44.04    42.10    31.22  1078.18    24.5    34.5
dao-map/lak513d                   389x637  rand    1000      59    2435    41.66    17.13    13.45     8.73   266.96    15.6    30.6
dao-map/lak513d                   389x637  scen     880      65    2918    38.21    16.77    14.19     9.19   316.54    18.9    34.4
dao-map/lak514d                   409x339  rand    1000      11     399    18.59     7.65     5.06     2.92    42.91     5.6    14.7
dao-map/lak514d                   409x339  scen     420      17     926    17.73     8.41     8.03     4.22    98.40    11.7    23.3
dao-map/lak515d                   114x112  rand    1000       6      84     9.11     4.73     2.33     1.63     9.97     2.1     6.1
dao-map/lak515d                   114x112  scen     180       8     147    10.76     5.56     3.81     2.38    16.52     3.0     6.9
dao-map/lak519d                   168x145  rand    1000      27     873    45.07    11.98    10.23     5.58   113.38     9.5    20.3
dao-map/lak519d                   168x145  scen     480      39    1448    43.58    14.62    13.37     6.47   207.17    14.2    32.0
dao-map/lak526d                   129x124  rand    1000      10     129     6.88     4.96     2.82     2.09    14.57     2.9     7.0
dao-map/lak526d                   129x124  scen     210      14     201     8.10     5.85     3.75     2.87    21.22     3.6     7.4
dao-map/lgt101d                     44x28  rand    1000      10      57     5.94     5.20     2.65     1.97     7.38     1.4     3.8
dao-map/lgt101d                     44x28  scen     110      14      83     7.36     6.23     4.09     3.20    10.75     1.7     3.4
dao-map/lgt300d                   531x747  rand    1000     183    5661    69.05    33.24    29.71    21.79   619.61    18.6    28.4
dao-map/lgt300d                   531x747  scen    1730     316    9251    90.03    45.89    46.27    34.76  1027.71    22.4    29.6
dao-map/lgt600d                   643x645  rand    1000      18    1477    24.95     8.77     6.11     4.09   159.14    18.1    38.9
dao-map/lgt600d                   643x645  scen     940      41    4129    29.79    12.46    10.45     7.13   466.34    37.4    65.4
dao-map/lgt601d                   258x258  rand    1000      30    1542    54.83    14.74     9.29     5.79   206.05    14.0    35.6
dao-map/lgt601d                   258x258  scen     800      40    2429    62.23    19.60    16.82     8.16   339.64    17.3    41.6
dao-map/lgt602d                   266x277  rand    1000     110    4729    69.46    27.52    19.15    13.57   514.21    18.7    37.9
dao-map/lgt602d                   266x277  scen     980     147    6379    72.01    30.67    23.27    16.44   686.14    22.4    41.7
dao-map/lgt603d                   261x262  rand    1000     183    7059    70.59    33.42    25.36    18.14   692.19    20.7    38.2
dao-map/lgt603d                   261x262  scen    1480     248    9568    78.75    38.93    31.27    22.72   928.79    23.9    40.9
dao-map/lgt604d                   258x252  rand    1000      24    1270    28.68    10.86     9.58     4.22   134.29    12.4    31.8
dao-map/lgt604d                   258x252  scen     770      42    2259    29.64    19.94    13.26     5.90   275.23    13.8    46.7
------------------------------------------------------------------------------------------------------------------------------------
map                                  size   tag   pairs  JPSexp   A*exp      cC#       cC      wC#       wC     A*us   A*/cC   A*/wC
------------------------------------------------------------------------------------------------------------------------------------
dao-map/lgt605d                   107x125  rand    1000       5     166    12.60     5.48     2.50     1.73    18.72     3.4    10.8
dao-map/lgt605d                   107x125  scen     220       6     204    12.97     5.93     3.69     2.32    22.61     3.8     9.8
dao-map/orz000d                    79x137  rand    1000       9     283    16.46     6.24     3.26     2.26    30.56     4.9    13.5
dao-map/orz000d                    79x137  scen     320      12     419    18.29     7.21     4.32     2.95    44.56     6.2    15.1
dao-map/orz100d                   412x395  rand    1000     704   25498   253.61   110.33   102.54    73.12  2615.43    23.7    35.8
dao-map/orz100d                   412x395  scen    2420     999   35138   292.59   140.38   143.74   102.76  3679.58    26.2    35.8
dao-map/orz101d                     48x95  rand    1000      10     167    10.06     6.05     2.96     2.11    18.52     3.1     8.8
dao-map/orz101d                     48x95  scen     210      11     196    10.98     6.83     3.97     2.88    21.95     3.2     7.6
dao-map/orz102d                     46x47  rand    1000       5      57     6.50     4.57     2.07     1.51     7.21     1.6     4.8
dao-map/orz102d                     46x47  scen     110       6      71     7.58     5.48     3.52     2.60     9.50     1.7     3.7
dao-map/orz103d                   463x456  rand    1000     590   15281   116.57    75.08    73.06    54.68  1455.30    19.4    26.6
dao-map/orz103d                   463x456  scen    3790     778   20125   136.30    91.24    93.73    70.28  1890.70    20.7    26.9
dao-map/orz105d                     47x60  rand    1000       5      54     6.77     4.42     1.99     1.46     6.84     1.5     4.7
dao-map/orz105d                     47x60  scen     120       6      71     7.67     5.32     3.34     2.39     9.41     1.8     3.9
dao-map/orz106d                     25x33  rand    1000       4      25     4.89     4.24     1.82     1.42     3.93     0.9     2.8
dao-map/orz106d                     25x33  scen      70       5      33     5.79     4.74     2.98     2.27     5.53     1.2     2.4
dao-map/orz107d                     34x48  rand    1000       5      56     6.93     4.81     2.04     1.54     7.38     1.5     4.8
dao-map/orz107d                     34x48  scen     100       5      64     6.86     4.78     2.83     1.91     8.25     1.7     4.3
dao-map/orz200d                   272x260  rand    1000      44     727    18.14    11.39     7.99     5.99    80.28     7.0    13.4
dao-map/orz200d                   272x260  scen     510      75    1273    22.77    14.42    11.76     8.97   133.35     9.2    14.9
dao-map/orz201d                     47x45  rand    1000       8      83     7.46     5.33     2.51     1.81    10.27     1.9     5.7
dao-map/orz201d                     47x45  scen     120       9     101     8.59     6.28     3.82     2.83    12.78     2.0     4.5
dao-map/orz203d                     19x35  rand    1000       3      20     4.62     3.77     1.60     1.22     3.36     0.9     2.8
dao-map/orz203d                     19x35  scen      60       3      27     5.58     4.60     2.90     2.21     4.87     1.1     2.2
dao-map/orz300d                   649x386  rand    1000     303   12110   123.43    56.13    48.99    34.52  1357.50    24.2    39.3
dao-map/orz300d                   649x386  scen    1560     429   16548   137.83    68.63    66.24    46.30  1891.09    27.6    40.8
dao-map/orz301d                   120x180  rand    1000      22     479    16.28     8.50     5.10     3.49    53.01     6.2    15.2
dao-map/orz301d                   120x180  scen     390      25     589    16.91     8.45     5.70     3.92    64.62     7.6    16.5
dao-map/orz302d                   146x145  rand    1000      18     695    17.81     8.79     4.69     3.25    75.98     8.6    23.4
dao-map/orz302d                   146x145  scen     490      27    1120    19.54    10.00     6.46     4.17   118.31    11.8    28.4
dao-map/orz303d                   390x267  rand    1000      93    3710    46.58    24.42    17.29    12.16   408.78    16.7    33.6
dao-map/orz303d                   390x267  scen    1140     132    5271    51.11    27.37    22.46    16.00   583.35    21.3    36.5
dao-map/orz304d                    75x155  rand    1000      21     521    18.01     8.68     4.91     3.33    56.84     6.5    17.1
dao-map/orz304d                    75x155  scen     380      24     681    19.26     9.43     5.80     3.97    75.91     8.0    19.1
dao-map/orz500d                   303x342  rand    1000      33    1234    28.76    11.36     8.07     5.41   131.27    11.6    24.2
dao-map/orz500d                   303x342  scen     860      57    2132    32.31    14.14    11.62     7.84   228.31    16.1    29.1
dao-map/orz601d                    107x47  rand    1000      11     214     9.92     6.25     3.05     2.26    23.92     3.8    10.6
dao-map/orz601d                    107x47  scen     240      12     287    10.43     7.35     4.07     2.96    31.62     4.3    10.7
dao-map/orz700d                 1104x1260  rand    1000     631   20770   147.94    89.74    94.56    73.22  2208.44    24.6    30.2
dao-map/orz700d                 1104x1260  scen    3880     923   29546   187.10   119.27   133.45   103.07  3161.07    26.5    30.7
dao-map/orz701d                   839x722  rand    1000     372   11602    85.11    52.65    53.09    39.74  1154.17    21.9    29.0
dao-map/orz701d                   839x722  scen    3040     517   16201   104.09    66.69    70.39    53.36  1607.27    24.1    30.1
dao-map/orz702d                   718x939  rand    1000     829   20150   194.39   113.17   120.40    91.56  2188.04    19.3    23.9
dao-map/orz702d                   718x939  scen    4130    1412   33436   282.29   177.02   202.60   154.15  3616.56    20.4    23.5
dao-map/orz703d                   652x502  rand    1000     116    9721    77.99    27.12    23.74    15.53  1021.41    37.7    65.8
dao-map/orz703d                   652x502  scen    2240     206   16829    90.23    35.83    32.93    23.49  1793.68    50.1    76.4
dao-map/orz704d                     84x46  rand    1000       5     101     9.51     5.36     2.33     1.70    12.55     2.3     7.4
dao-map/orz704d                     84x46  scen     200       6     178    10.03     5.95     3.43     2.03    19.85     3.3     9.8
dao-map/orz800d                   868x844  rand    1000     147   11440    65.49    29.76    28.18    20.21  1227.46    41.3    60.7
dao-map/orz800d                   868x844  scen    3690     225   16253    76.21    37.24    35.34    27.54  1742.02    46.8    63.3
------------------------------------------------------------------------------------------------------------------------------------
map                                  size   tag   pairs  JPSexp   A*exp      cC#       cC      wC#       wC     A*us   A*/cC   A*/wC
------------------------------------------------------------------------------------------------------------------------------------
dao-map/orz900d                  1491x656  rand    1000     885   35731   175.42   115.15   122.87    94.62  3447.81    29.9    36.4
dao-map/orz900d                  1491x656  scen    7070    1247   50061   226.01   154.30   171.27   133.33  4880.28    31.6    36.6
dao-map/orz901d                   601x678  rand    1000     490   15590   108.52    64.92    64.45    48.76  1509.52    23.3    31.0
dao-map/orz901d                   601x678  scen    4190     680   21701   133.11    81.34    85.39    65.19  2094.74    25.8    32.1
dao-map/orz999d                   632x698  rand    1000      78    6997    56.34    19.40    16.25    11.49   725.84    37.4    63.2
dao-map/orz999d                   632x698  scen    2430     118   10704    61.20    23.37    20.35    15.49  1111.18    47.6    71.7
dao-map/ost000a                   487x969  rand    1000    1038   20562   291.22   146.42   151.71   108.43  2214.47    15.1    20.4
dao-map/ost000a                   487x969  scen    2520    1322   25418   319.82   171.41   182.66   141.61  2782.35    16.2    19.6
dao-map/ost000t                   487x971  rand    1000     977   19696   276.99   139.39   140.86   103.98  2138.84    15.3    20.6
dao-map/ost000t                   487x971  scen    2620    1345   26646   316.77   173.54   187.34   138.97  3022.71    17.4    21.8
dao-map/ost001d                   194x194  rand    1000      64    1860    36.27    16.74    10.87     9.81   228.26    13.6    23.3
dao-map/ost001d                   194x194  scen     620      96    2780    58.40    29.33    22.10    10.66   335.14    11.4    31.4
dao-map/ost002d                   181x145  rand    1000      78    1423    47.96    21.84    14.01    12.13   176.97     8.1    14.6
dao-map/ost002d                   181x145  scen     610     128    2302    60.44    25.71    26.52    13.56   268.76    10.5    19.8
dao-map/ost003d                   194x194  rand    1000     103    3095    58.93    26.57    17.75    11.44   367.84    13.8    32.1
dao-map/ost003d                   194x194  scen     810     142    4256    52.81    29.97    23.87    17.29   416.82    13.9    24.1
dao-map/ost004d                     84x84  rand    1000       7     165    16.15     6.08     3.05     2.37    20.95     3.4     8.9
dao-map/ost004d                     84x84  scen     210       8     235    19.03     7.13     5.14     2.72    26.65     3.7     9.8
dao-map/ost100d                 1024x1025  rand    1000    1201   22498   385.01   214.86   236.91   168.97  3231.92    15.0    19.1
dao-map/ost100d                 1024x1025  scen    2930    2098   37626   543.94   321.53   377.64   286.37  4838.73    15.0    16.9
dao-map/ost101d                   768x704  rand    1000      11     325     9.81     5.52     3.61     2.52    37.65     6.8    15.0
dao-map/ost101d                   768x704  scen     290      14     449    10.93     5.57     4.26     2.94    51.47     9.2    17.5
dao-map/ost102d                     28x22  rand    1000       4      22     5.59     4.55     2.06     1.24     4.17     0.9     3.4
dao-map/ost102d                     28x22  scen      60       4      27     5.42     4.68     2.90     2.31     4.81     1.0     2.1
dao-map/oth000d                   384x384  rand    1000      78    4419    38.32    17.82    13.31     9.74   458.17    25.7    47.0
dao-map/oth000d                   384x384  scen    1750     123    7164    43.31    22.44    17.63    13.18   717.28    32.0    54.4
dao-map/oth001d                   384x382  rand    1000      14     217    11.80     6.63     4.39     3.16    25.00     3.8     7.9
dao-map/oth001d                   384x382  scen     310      23     419    14.09     8.17     7.96     4.72    45.55     5.6     9.7
dao-map/oth999d                     49x32  rand    1000       2      72     9.33     5.16     1.98     1.27     8.66     1.7     6.8
dao-map/oth999d                     49x32  scen     140       2     108    10.19     6.06     3.24     1.86    12.70     2.1     6.8
dao-map/rmtst                      182x50  rand    1000      15     478    16.40     8.13     4.16     2.90    50.55     6.2    17.4
dao-map/rmtst                      182x50  scen     440      20     703    19.28     9.52     5.43     3.61    72.87     7.7    20.2
dao-map/rmtst01                    182x50  rand    1000      15     493    17.09     8.21     4.31     2.98    52.04     6.3    17.5
dao-map/rmtst01                    182x50  scen     440      20     722    19.37     9.63     5.34     3.64    75.39     7.8    20.7
dao-map/rmtst03                    182x49  rand    1000      15     513    17.18     8.67     4.26     2.89    53.92     6.2    18.6
dao-map/rmtst03                    182x49  scen     450      19     707    19.32     9.68     5.43     3.60    73.59     7.6    20.4
mapf-map/Berlin_1_256             256x256  rand    1000     102    3489    71.04    25.90    18.95    12.10   396.71    15.3    32.8
mapf-map/Berlin_1_256             256x256  scen   24148     179    5794   101.60    40.29    26.49    19.83   698.65    17.3    35.2
mapf-map/Boston_0_256             256x256  rand    1000     128    3543    72.96    35.36    22.87    15.88   394.21    11.1    24.8
mapf-map/Boston_0_256             256x256  scen   23719     215    5540   103.78    50.65    33.02    24.25   620.37    12.2    25.6
mapf-map/brc202d                  530x481  rand    1000     423   11846   109.00    63.04    60.15    44.43  1254.85    19.9    28.2
mapf-map/brc202d                  530x481  scen   62029     562   15670   130.24    77.17    76.06    56.85  1690.53    21.9    29.7
mapf-map/den312d                    65x81  rand    1000      22     343    12.84     8.08     4.66     3.20    37.44     4.6    11.7
mapf-map/den312d                    65x81  scen    7082      29     488    15.63     9.90     5.14     3.72    54.54     5.5    14.7
mapf-map/den520d                  256x257  rand    1000      75    3381    60.62    23.73    15.17    11.38   379.88    16.0    33.4
mapf-map/den520d                  256x257  scen   21640     101    4608    68.93    26.14    16.63    12.56   500.15    19.1    39.8
mapf-map/empty-16-16                16x16  rand    1000       2      17     5.41     4.44     1.88     1.46     3.56     0.8     2.4
mapf-map/empty-16-16                16x16  scen    2992       2      18     5.29     4.43     1.92     1.58     3.53     0.8     2.2
mapf-map/empty-32-32                32x32  rand    1000       2      48     9.12     5.62     2.32     1.58     7.42     1.3     4.7
mapf-map/empty-32-32                32x32  scen   12736       2      48     8.16     5.15     1.89     1.37     7.00     1.4     5.1
------------------------------------------------------------------------------------------------------------------------------------
map                                  size   tag   pairs  JPSexp   A*exp      cC#       cC      wC#       wC     A*us   A*/cC   A*/wC
------------------------------------------------------------------------------------------------------------------------------------
mapf-map/empty-48-48                48x48  rand    1000       2      95    16.12     6.04     2.31     1.44    12.56     2.1     8.7
mapf-map/empty-48-48                48x48  scen   28731       2      89    13.85     5.87     2.05     1.38    11.21     1.9     8.1
mapf-map/empty-8-8                    8x8  rand    1000       2       7     3.08     2.74     1.30     1.04     1.73     0.6     1.7
mapf-map/empty-8-8                    8x8  scen     585       2       6     2.92     2.72     1.39     1.07     1.71     0.6     1.6
mapf-map/ht_chantry               162x141  rand    1000      44    1230    27.40    14.01     8.93     5.94   129.31     9.2    21.8
mapf-map/ht_chantry               162x141  scen   11513      57    1571    30.80    16.19     9.90     7.09   165.04    10.2    23.3
mapf-map/ht_mansion_n             133x270  rand    1000      43    1252    25.16    13.29     8.42     5.88   133.96    10.1    22.8
mapf-map/ht_mansion_n             133x270  scen   14015      62    1928    31.81    16.71    10.56     7.60   208.01    12.5    27.4
mapf-map/lak303d                  194x194  rand    1000     163    3470    59.22    33.21    23.97    18.21   348.40    10.5    19.1
mapf-map/lak303d                  194x194  scen   25657     251    5121    78.28    44.95    33.60    24.76   492.45    11.0    19.9
mapf-map/lt_gallowstemplar_n      251x180  rand    1000      51    1352    26.74    13.57     9.51     6.52   144.39    10.6    22.1
mapf-map/lt_gallowstemplar_n      251x180  scen   15399      62    1672    30.14    15.21    10.03     7.42   180.58    11.9    24.3
mapf-map/maze-128-128-1           128x128  rand    1000     880    3228   117.00   111.68    97.13    66.57   233.05     2.1     3.5
mapf-map/maze-128-128-1           128x128  scen   48648     885    3241   102.55    82.72    78.69    60.36   214.50     2.6     3.6
mapf-map/maze-128-128-10          128x128  rand    1000      37    4683    44.11    20.73     9.41     5.97   452.79    21.8    75.8
mapf-map/maze-128-128-10          128x128  scen   27046      47    6269    51.53    24.12    10.09     6.63   591.36    24.5    89.2
mapf-map/maze-128-128-2           128x128  rand    1000     757    4929   107.86    82.54    73.79    53.56   393.55     4.8     7.3
mapf-map/maze-128-128-2           128x128  scen   64662     748    4869   105.42    79.92    71.63    52.37   386.34     4.8     7.4
mapf-map/maze-32-32-2               32x32  rand    1000      40     241    10.17     8.34     5.24     3.81    21.07     2.5     5.5
mapf-map/maze-32-32-2               32x32  scen    4613      40     244    10.16     8.09     5.05     3.62    21.24     2.6     5.9
mapf-map/maze-32-32-4               32x32  rand    1000      13     227     9.44     7.12     3.11     2.16    22.14     3.1    10.2
mapf-map/maze-32-32-4               32x32  scen    3273      15     281    10.23     7.78     3.25     2.26    26.53     3.4    11.7
mapf-map/orz900d                 1491x656  rand    1000     885   35731   175.08   115.80   123.97    95.43  3467.68    29.9    36.3
mapf-map/orz900d                 1491x656  scen  161069    1161   46684   215.61   140.69   154.50   120.04  4552.10    32.4    37.9
mapf-map/ost003d                  194x194  rand    1000     103    3095    48.66    24.50    16.38    11.65   304.87    12.4    26.2
mapf-map/ost003d                  194x194  scen   20476     142    4244    59.02    29.93    20.71    14.81   405.29    13.5    27.4
mapf-map/Paris_1_256              256x256  rand    1000     157    3762    80.66    36.15    24.72    17.56   419.13    11.6    23.9
mapf-map/Paris_1_256              256x256  scen   26387     377    8099   141.35    66.91    49.70    37.08   909.51    13.6    24.5
mapf-map/random-32-32-10            32x32  rand    1000      18      51     7.37     5.96     3.85     2.90     7.14     1.2     2.5
mapf-map/random-32-32-10            32x32  scen    2547      23      66     8.69     6.89     4.49     3.41     8.76     1.3     2.6
mapf-map/random-32-32-20            32x32  rand    1000      31      73     9.35     7.62     5.47     4.17     9.48     1.2     2.3
mapf-map/random-32-32-20            32x32  scen     971      50     119    13.04    10.31     7.90     6.10    14.60     1.4     2.4
mapf-map/random-64-64-10            64x64  rand    1000      50     153    14.83    11.23     8.62     6.53    18.70     1.7     2.9
mapf-map/random-64-64-10            64x64  scen    5155      72     214    19.69    14.53    11.14     8.54    25.23     1.7     3.0
mapf-map/random-64-64-20            64x64  rand    1000      95     229    22.37    17.20    14.12    10.72    27.10     1.6     2.5
mapf-map/random-64-64-20            64x64  scen    2483     187     436    38.98    29.97    25.20    19.24    50.15     1.7     2.6
mapf-map/room-32-32-4               32x32  rand    1000      28      93     9.56     7.80     4.93     3.68    10.69     1.4     2.9
mapf-map/room-32-32-4               32x32  scen    2998      36     118    10.49     8.62     5.73     4.21    12.94     1.5     3.1
mapf-map/room-64-64-16              64x64  rand    1000      29     857    22.88    13.33     6.73     4.58    84.54     6.3    18.5
mapf-map/room-64-64-16              64x64  scen    9942      40    1263    28.91    16.52     8.02     5.52   120.04     7.3    21.7
mapf-map/room-64-64-8               64x64  rand    1000      44     549    19.69    13.89     8.17     5.51    57.87     4.2    10.5
mapf-map/room-64-64-8               64x64  scen    7604      60     779    25.07    17.30     9.85     7.13    79.47     4.6    11.2
mapf-map/warehouse-10-20-10-2~     161x63  rand    1000      36     534    19.91     9.87     6.74     4.54    40.21     4.1     8.9
mapf-map/warehouse-10-20-10-2~     161x63  scen   11168      46     692    23.48    11.56     7.63     5.45    50.89     4.4     9.3
mapf-map/warehouse-10-20-10-2~     170x84  rand    1000     155     898    37.60    23.79    18.93    14.27    85.83     3.6     6.0
mapf-map/warehouse-10-20-10-2~     170x84  scen   12226     215    1208    48.03    30.70    24.48    18.77   115.02     3.7     6.1
mapf-map/warehouse-20-40-10-2~    321x123  rand    1000     129    2077    57.43    23.21    19.56    12.79   146.48     6.3    11.5
mapf-map/warehouse-20-40-10-2~    321x123  scen   22737     163    2705    66.83    27.53    21.70    15.60   191.34     6.9    12.3
mapf-map/warehouse-20-40-10-2~    340x164  rand    1000     616    3218   124.96    72.78    70.63    50.39   307.82     4.2     6.1
mapf-map/warehouse-20-40-10-2~    340x164  scen   24990     953    4783   176.68   103.21   106.34    75.34   455.42     4.4     6.0
------------------------------------------------------------------------------------------------------------------------------------
map                                  size   tag   pairs  JPSexp   A*exp      cC#       cC      wC#       wC     A*us   A*/cC   A*/wC
------------------------------------------------------------------------------------------------------------------------------------
mapf-map/w_woundedcoast           642x578  rand    1000     191    7419    55.26    33.51    29.31    22.20   758.74    22.6    34.2
mapf-map/w_woundedcoast           642x578  scen   52517     237    9404    80.94    49.31    45.79    33.95  1217.53    24.7    35.9
sc1-map/AcrosstheCape             768x768  rand    1000     466   43787   314.99    93.06    85.39    57.21  5103.79    54.8    89.2
sc1-map/AcrosstheCape             768x768  scen    3150     691   62575   328.42   113.72   108.43    79.80  7392.09    65.0    92.6
sc1-map/Aftershock                512x512  rand    1000     191   15715   173.83    46.99    40.96    25.94  1770.41    37.7    68.2
sc1-map/Aftershock                512x512  scen    1920     254   21459   178.87    53.63    46.86    32.16  2468.96    46.0    76.8
sc1-map/Archipelago               512x512  rand    1000     200   16320   137.62    49.12    39.67    26.95  1897.04    38.6    70.4
sc1-map/Archipelago               512x512  scen    2310     357   29061   164.12    67.78    58.04    43.26  3426.95    50.6    79.2
sc1-map/ArcticStation             768x768  rand    1000    1150   82382   401.40   180.89   177.73   129.17  9045.31    50.0    70.0
sc1-map/ArcticStation             768x768  scen    4300    1688  118252   472.85   233.43   235.37   184.91 13109.61    56.2    70.9
sc1-map/Aurora                   1024x768  rand    1000    1219   57023   384.10   187.52   167.89   128.11  6912.68    36.9    54.0
sc1-map/Aurora                   1024x768  scen    3250    1878   83584   454.97   249.34   244.43   195.67 10222.76    41.0    52.2
sc1-map/Backwoods                 768x512  rand    1000     867   29785   279.90   133.62   132.24    94.13  3350.60    25.1    35.6
sc1-map/Backwoods                 768x512  scen    2540     894   30700   255.50   126.41   126.53    93.11  3406.61    26.9    36.6
sc1-map/BigGameHunters            512x512  rand    1000     125   17638   148.00    37.59    33.02    18.74  1930.99    51.4   103.1
sc1-map/BigGameHunters            512x512  scen    1890     127   18897   133.35    35.72    29.88    18.73  2103.90    58.9   112.3
sc1-map/BlackLotus                768x768  rand    1000     830   63565   276.33   129.04   124.99    91.85  7264.48    56.3    79.1
sc1-map/BlackLotus                768x768  scen    4130    1234   89927   316.38   163.11   168.36   129.09 10048.14    61.6    77.8
sc1-map/BlastFurnace              768x768  rand    1000     620   45191   355.61   116.27   109.38    76.44  5491.57    47.2    71.8
sc1-map/BlastFurnace              768x768  scen    3390    1074   76509   407.73   163.03   163.01   123.59  9159.02    56.2    74.1
sc1-map/BrokenSteppes             768x768  rand    1000     294   31444   258.54    70.67    63.31    38.78  3740.06    52.9    96.5
sc1-map/BrokenSteppes             768x768  scen    3000     564   56689   301.19   101.57    93.00    68.37  6947.30    68.4   101.6
sc1-map/Brushfire                 512x512  rand    1000     354   20568   199.94    88.73    58.82    44.91  2816.84    31.7    62.7
sc1-map/Brushfire                 512x512  scen    2180     394   22396   194.88    82.76    77.00    47.57  3142.66    38.0    66.1
sc1-map/Caldera                   512x512  rand    1000      99   10682   145.80    33.88    29.12    16.48  1244.78    36.7    75.5
sc1-map/Caldera                   512x512  scen    1840     160   17122   163.22    42.18    35.92    24.46  2055.55    48.7    84.0
sc1-map/CatwalkAlley              512x512  rand    1000    1047   47516   297.65   162.41   152.20   117.85  5202.95    32.0    44.2
sc1-map/CatwalkAlley              512x512  scen    2720    1271   57558   312.01   178.86   171.05   137.03  6401.34    35.8    46.7
sc1-map/Cauldron                1024x1024  rand    1000    1069   66468   557.74   227.84   201.53   145.43 10599.68    46.5    72.9
sc1-map/Cauldron                1024x1024  scen    4050    1841  107414   745.04   353.73   351.93   287.77 17635.80    49.9    61.3
sc1-map/CrashSites                768x768  rand    1000     290   22824   171.54    58.54    56.23    39.20  2730.85    46.6    69.7
sc1-map/CrashSites                768x768  scen    2690     438   35709   200.96    77.78    75.63    58.43  4373.26    56.2    74.8
sc1-map/CrescentMoon              512x512  rand    1000     106   13745   129.77    31.51    26.68    16.28  1532.80    48.7    94.1
sc1-map/CrescentMoon              512x512  scen    1920     151   21009   138.52    36.53    31.22    20.81  2447.12    67.0   117.6
sc1-map/Crossroads                768x768  rand    1000     313   32912   317.65    73.63    71.57    43.34  3821.03    51.9    88.2
sc1-map/Crossroads                768x768  scen    2960     421   45430   336.70    86.01    80.48    57.31  5295.36    61.6    92.4
sc1-map/DarkContinent             512x768  rand    1000     375   36841   256.86    75.98    69.82    46.21  4266.90    56.2    92.3
sc1-map/DarkContinent             512x768  scen    2650     496   49046   264.95    86.12    79.32    57.25  5823.89    67.6   101.7
sc1-map/Desolation                512x512  rand    1000     154   12932   164.79    39.23    34.18    21.26  1459.97    37.2    68.7
sc1-map/Desolation                512x512  scen    1900     214   18314   171.79    46.18    39.23    27.09  2101.04    45.5    77.5
sc1-map/EbonLakes                 512x512  rand    1000     246   20253   168.49    56.18    47.54    30.45  2340.23    41.7    76.9
sc1-map/EbonLakes                 512x512  scen    2010     344   28209   178.91    64.72    57.60    39.98  3363.59    52.0    84.1
sc1-map/Elderlands                768x768  rand    1000     391   26031   304.40    85.78    81.30    52.59  2973.70    34.7    56.5
sc1-map/Elderlands                768x768  scen    2780     507   31683   306.55    98.74    92.74    68.04  3831.26    38.8    56.3
sc1-map/Enigma                    768x768  rand    1000     853   43751   230.02   121.80   119.69    89.36  4839.27    39.7    54.2
sc1-map/Enigma                    768x768  scen    3370    1019   50948   236.81   133.92   134.64   104.82  5651.96    42.2    53.9
sc1-map/Entanglement              512x512  rand    1000     197    9945   142.13    47.78    39.00    25.61  1179.49    24.7    46.1
sc1-map/Entanglement              512x512  scen    1820     365   17678   176.77    67.38    59.79    43.21  2196.43    32.6    50.8
sc1-map/Eruption                  512x512  rand    1000     255   18034   157.32    55.79    47.02    30.44  2010.19    36.0    66.0
sc1-map/Eruption                  512x512  scen    1920     329   22727   154.70    60.10    54.41    37.10  2620.12    43.6    70.6
------------------------------------------------------------------------------------------------------------------------------------
map                                  size   tag   pairs  JPSexp   A*exp      cC#       cC      wC#       wC     A*us   A*/cC   A*/wC
------------------------------------------------------------------------------------------------------------------------------------
sc1-map/Expedition              1024x1024  rand    1000     690   34208   397.64   127.56   127.42    86.22  4116.96    32.3    47.8
sc1-map/Expedition              1024x1024  scen    3580    1414   58420   500.42   211.44   219.35   169.96  7293.16    34.5    42.9
sc1-map/FireWalker                512x384  rand    1000     328   27703   170.46    64.50    55.29    37.44  2920.31    45.3    78.0
sc1-map/FireWalker                512x384  scen    2550     392   33547   171.10    68.20    59.35    43.31  3547.09    52.0    81.9
sc1-map/FloodedPlains             768x768  rand    1000     437   32243   242.04    90.51    81.23    56.36  3980.42    44.0    70.6
sc1-map/FloodedPlains             768x768  scen    3050     768   53661   290.25   129.00   123.46    93.58  6783.60    52.6    72.5
sc1-map/GhostTown                 768x512  rand    1000     357   16815   250.13    71.56    62.44    42.03  1862.58    26.0    44.3
sc1-map/GhostTown                 768x512  scen    2510     973   39457   360.44   135.45   133.43    99.79  4552.29    33.6    45.6
sc1-map/GladiatorPits             768x512  rand    1000     367   34616   237.56    77.37    67.01    43.37  4035.20    52.2    93.0
sc1-map/GladiatorPits             768x512  scen    2710     544   49954   254.73    91.68    82.23    60.05  6062.92    66.1   101.0
sc1-map/GreenerPastures           768x512  rand    1000     177   24396   276.87    48.70    45.01    25.54  2769.79    56.9   108.5
sc1-map/GreenerPastures           768x512  scen    2700     343   46428   314.57    68.19    61.64    42.89  5429.32    79.6   126.6
sc1-map/Hellfire                  768x768  rand    1000     294   29469   217.33    65.35    58.37    38.35  3417.61    52.3    89.1
sc1-map/Hellfire                  768x768  scen    3030     462   45963   238.89    82.11    76.18    56.35  5541.14    67.5    98.3
sc1-map/HotZone                   512x512  rand    1000     126   12684   150.08    38.88    32.25    18.95  1491.31    38.4    78.7
sc1-map/HotZone                   512x512  scen    1850     166   17275   152.74    42.83    36.36    23.64  2091.65    48.8    88.5
sc1-map/IceFloes                  384x384  rand    1000     283   14620   125.15    53.59    43.14    29.90  1562.12    29.1    52.2
sc1-map/IceFloes                  384x384  scen    1680     417   21097   139.68    65.71    57.18    41.63  2272.97    34.6    54.6
sc1-map/IceMountain               512x512  rand    1000     934   43743   359.46   144.53   141.43   100.72  4695.98    32.5    46.6
sc1-map/IceMountain               512x512  scen    3580    1496   68454   430.71   202.21   211.12   156.59  7284.12    36.0    46.5
sc1-map/Inferno                   768x768  rand    1000    2114   99176   457.75   268.68   282.59   213.74 10872.38    40.5    50.9
sc1-map/Inferno                   768x768  scen    6010    2546  120055   510.49   304.70   330.54   251.30 13111.10    43.0    52.2
sc1-map/Isolation                 512x512  rand    1000     157   20916   203.99    46.80    39.74    23.46  2377.37    50.8   101.3
sc1-map/Isolation                 512x512  scen    2090     298   37515   227.75    63.52    53.23    36.41  4208.86    66.3   115.6
sc1-map/JungleSiege               768x768  rand    1000     867   67521   306.92   129.33   127.57    92.47  7470.34    57.8    80.8
sc1-map/JungleSiege               768x768  scen    3490    1074   83631   320.74   146.76   146.05   112.54  9303.97    63.4    82.7
sc1-map/Labyrinth                768x1024  rand    1000     804   69278   299.88   124.30   127.21    89.47  7666.80    61.7    85.7
sc1-map/Labyrinth                768x1024  scen    4440    1029   87711   315.04   143.85   143.03   111.24  9917.14    68.9    89.1
sc1-map/LakeShore                 768x768  rand    1000     938   76268   352.12   150.35   146.73   104.45  8846.62    58.8    84.7
sc1-map/LakeShore                 768x768  scen    3950    1449  114189   412.05   201.31   205.04   158.53 13558.09    67.4    85.5
sc1-map/Legacy                    512x512  rand    1000    1209   21650   459.28   209.67   211.77   139.26  3059.77    14.6    22.0
sc1-map/Legacy                    512x512  scen    2060    1831   29486   544.99   297.13   305.69   236.31  4210.88    14.2    17.8
sc1-map/Medusa                    768x768  rand    1000     803   48518   295.16   127.45   121.54    88.11  5714.18    44.8    64.9
sc1-map/Medusa                    768x768  scen    3360    1281   72374   353.99   176.06   178.06   136.11  8657.49    49.2    63.6
sc1-map/Nightshade               1024x768  rand    1000     484   44984   375.02   104.11   100.99    86.05  6908.28    66.4    80.3
sc1-map/Nightshade               1024x768  scen    3610     785   71077   429.79   174.62   155.32   109.67 10807.71    61.9    98.5
sc1-map/NovaStation               512x512  rand    1000     439   24560   141.27    69.20    63.36    46.88  2653.15    38.3    56.6
sc1-map/NovaStation               512x512  scen    2770     512   28806   146.82    74.55    69.15    53.17  3114.38    41.8    58.6
sc1-map/Octopus                 1024x1024  rand    1000     654   40735   259.06   111.95   107.36    78.50  4627.41    41.3    58.9
sc1-map/Octopus                 1024x1024  scen    3480     912   54283   280.52   137.32   136.59   106.90  6348.33    46.2    59.4
sc1-map/OrbitalGully              512x512  rand    1000     270   20823   174.75    57.40    48.20    31.85  2445.32    42.6    76.8
sc1-map/OrbitalGully              512x512  scen    2110     487   36472   206.76    80.23    70.65    52.29  4399.84    54.8    84.1
sc1-map/Predators                 512x512  rand    1000     131   10835   125.24    34.15    29.45    17.62  1226.39    35.9    69.6
sc1-map/Predators                 512x512  scen    1510     180   14889   133.34    39.28    33.68    22.18  1709.89    43.5    77.1
sc1-map/PrimevalIsles           1024x1024  rand    1000    1132   47466   396.36   186.33   177.88   133.99  5829.73    31.3    43.5
sc1-map/PrimevalIsles           1024x1024  scen    3870    1940   78305   521.90   278.49   285.21   225.00  9852.75    35.4    43.8
sc1-map/Ramparts                  512x512  rand    1000     729   35996   231.84   104.53    96.37    70.82  3845.86    36.8    54.3
sc1-map/Ramparts                  512x512  scen    2930     947   47192   253.59   123.14   119.35    90.38  4984.67    40.5    55.2
sc1-map/RedCanyons                512x512  rand    1000     132   13798   149.97    39.45    32.96    19.41  1609.93    40.8    83.0
sc1-map/RedCanyons                512x512  scen    1900     201   21273   162.69    47.13    39.36    26.56  2558.65    54.3    96.3
------------------------------------------------------------------------------------------------------------------------------------
map                                  size   tag   pairs  JPSexp   A*exp      cC#       cC      wC#       wC     A*us   A*/cC   A*/wC
------------------------------------------------------------------------------------------------------------------------------------
sc1-map/RiverLethe                512x768  rand    1000     608   30598   307.38   103.33    97.28    68.09  3532.05    34.2    51.9
sc1-map/RiverLethe                512x768  scen    3110    1539   68830   455.92   205.78   217.43   163.93  8370.68    40.7    51.1
sc1-map/Rosewood                  512x512  rand    1000     361   13816   175.47    66.68    59.04    40.76  1596.06    23.9    39.2
sc1-map/Rosewood                  512x512  scen    2020     763   26726   244.28   110.37   112.33    82.42  3174.69    28.8    38.5
sc1-map/Sanctuary                 512x512  rand    1000     266   27042   181.25    57.90    51.79    33.49  3004.27    51.9    89.7
sc1-map/Sanctuary                 512x512  scen    2240     363   35499   187.78    66.64    60.73    43.01  3876.30    58.2    90.1
sc1-map/Sandstorm                 512x384  rand    1000     132   11402    88.54    31.35    25.79    16.98  1227.65    39.2    72.3
sc1-map/Sandstorm                 512x384  scen    1780     178   14775    90.34    34.86    29.43    20.99  1615.56    46.3    77.0
sc1-map/SapphireIsles             768x768  rand    1000     341   23369   192.58    69.97    63.15    44.69  2674.47    38.2    59.9
sc1-map/SapphireIsles             768x768  scen    3610     820   52094   266.21   123.67   123.79    94.84  6138.47    49.6    64.7
sc1-map/ShroudPlatform            512x512  rand    1000     483   29154   184.32    77.73    72.06    48.78  3256.72    41.9    66.8
sc1-map/ShroudPlatform            512x512  scen    2540     798   47405   225.87   106.22   101.09    74.61  5399.43    50.8    72.4
sc1-map/Sirocco                   768x512  rand    1000     642   61998   319.39   113.25   105.92    72.09  6948.13    61.4    96.4
sc1-map/Sirocco                   768x512  scen    3190     947   88196   353.19   142.34   138.44   101.17 10153.65    71.3   100.4
sc1-map/SpaceAtoll                512x512  rand    1000     670   36103   218.14    98.93    92.92    65.06  3953.02    40.0    60.8
sc1-map/SpaceAtoll                512x512  scen    2800     895   47751   236.61   116.89   114.36    84.59  6189.61    53.0    73.2
sc1-map/SpaceDebris               512x512  rand    1000     300   21946   163.66    57.35    51.30    34.30  2486.08    43.3    72.5
sc1-map/SpaceDebris               512x512  scen    2410     479   32886   192.91    77.23    71.75    52.55  4041.31    52.3    76.9
sc1-map/SpringThaw               1024x512  rand    1000     867   40359   414.77   144.86   139.10    99.04  4589.86    31.7    46.3
sc1-map/SpringThaw               1024x512  scen    3210    1347   60591   461.65   193.47   192.75   147.92  6990.13    36.1    47.3
sc1-map/SteppingStones            512x512  rand    1000     127   11558   151.65    37.48    31.00    18.77  1291.44    34.5    68.8
sc1-map/SteppingStones            512x512  scen    2450     402   31373   222.00    72.54    65.42    47.99  3619.71    49.9    75.4
sc1-map/TaleofTwoCities           768x512  rand    1000     380   22319   272.66    77.92    71.67    46.75  2602.60    33.4    55.7
sc1-map/TaleofTwoCities           768x512  scen    2510     661   37077   310.21   108.34   101.79    74.65  4324.89    39.9    57.9
sc1-map/TheatreofWar              768x768  rand    1000     389   36420   295.01    95.84    83.23    60.38  5500.88    57.4    91.1
sc1-map/TheatreofWar              768x768  scen    3430     563   50656   335.76   116.57   113.95    80.38  7551.99    64.8    94.0
sc1-map/TheFrozenSea            1024x1024  rand    1000    1395   76275   503.26   233.75   221.93   166.55  9645.68    41.3    57.9
sc1-map/TheFrozenSea            1024x1024  scen    4090    2098  111701   593.60   311.44   313.83   249.84 14987.47    48.1    60.0
sc1-map/TheHighway                768x512  rand    1000    1144   60137   363.83   163.23   164.03   118.28  6386.61    39.1    54.0
sc1-map/TheHighway                768x512  scen    4090    1871   96951   459.59   236.79   252.88   186.88 10165.59    42.9    54.4
sc1-map/ThinIce                   768x512  rand    1000     649   38541   215.25   106.46    98.05    70.12  4305.52    40.4    61.4
sc1-map/ThinIce                   768x512  scen    3040     953   54008   248.57   134.04   131.81    97.78  6136.46    45.8    62.8
sc1-map/Tribes                    768x768  rand    1000     133   18719   204.69    43.83    41.33    23.73  2204.95    50.3    92.9
sc1-map/Tribes                    768x768  scen    2570     242   33898   232.90    58.88    51.51    36.68  4197.28    71.3   114.4
sc1-map/Triskelion                512x512  rand    1000     441   29192   210.36    78.78    68.35    46.89  3231.38    41.0    68.9
sc1-map/Triskelion                512x512  scen    2250     597   38707   219.32    91.30    82.47    60.46  4384.62    48.0    72.5
sc1-map/Turbo                     768x768  rand    1000     331   41859   245.08    71.06    68.35    43.93  4780.60    67.3   108.8
sc1-map/Turbo                     768x768  scen    3650     629   77435   289.81   104.80   100.89    75.66  9046.80    86.3   119.6
sc1-map/Typhoon                   768x512  rand    1000     215   16332   189.09    54.13    47.88    28.77  2323.67    42.9    80.8
sc1-map/Typhoon                   768x512  scen    1910     212   16405   152.66    45.36    42.87    34.67  1954.28    43.1    56.4
sc1-map/ValleyofRe                768x768  rand    1000     779   48646   301.83   124.07   120.20    88.64  5557.39    44.8    62.7
sc1-map/ValleyofRe                768x768  scen    3920    1110   68102   334.44   155.81   160.58   123.62  7861.85    50.5    63.6
sc1-map/WarpGates                 512x512  rand    1000     233   14928   150.45    52.23    43.37    28.94  1705.39    32.7    58.9
sc1-map/WarpGates                 512x512  scen    2020     362   22674   169.46    64.01    56.67    41.18  2623.17    41.0    63.7
sc1-map/WatersEdge                512x512  rand    1000     201   21032   150.88    53.67    42.68    32.91  2965.28    55.3    90.1
sc1-map/WatersEdge                512x512  scen    2200     216   22161   170.85    65.36    54.88    37.23  3114.20    47.6    83.6
sc1-map/WaypointJunction          512x512  rand    1000     246   15535   150.60    50.53    43.18    27.80  1762.07    34.9    63.4
sc1-map/WaypointJunction          512x512  scen    1610     308   19739   151.87    54.45    47.16    32.61  2262.16    41.5    69.4
sc1-map/WheelofWar                768x768  rand    1000     402   50335   371.36   121.81   105.20    71.94  7762.45    63.7   107.9
sc1-map/WheelofWar                768x768  scen    3020     509   63219   365.74   102.22   113.07    78.65  9837.32    96.2   125.1
------------------------------------------------------------------------------------------------------------------------------------
map                                  size   tag   pairs  JPSexp   A*exp      cC#       cC      wC#       wC     A*us   A*/cC   A*/wC
------------------------------------------------------------------------------------------------------------------------------------
sc1-map/WinterConquest            512x512  rand    1000     386   26543   196.58    72.21    64.92    45.71  2838.51    39.3    62.1
sc1-map/WinterConquest            512x512  scen    2210     456   30431   195.23    76.28    70.30    52.54  3274.34    42.9    62.3
wc3maps512-map/battleground       512x512  rand    1000      35    4509    80.66    18.87    14.42     8.20   498.41    26.4    60.8
wc3maps512-map/battleground       512x512  scen    1330      62    7966    89.65    23.47    18.54    11.86   924.08    39.4    77.9
wc3maps512-map/blastedlands       512x512  rand    1000      62    6904   100.55    26.98    20.10    11.81   783.98    29.1    66.4
wc3maps512-map/blastedlands       512x512  scen    1360      83    9210   104.44    29.67    22.22    14.43  1068.77    36.0    74.1
wc3maps512-map/bloodvenomfalls    512x512  rand    1000     103    9143   119.93    33.51    25.92    16.29  1042.45    31.1    64.0
wc3maps512-map/bloodvenomfalls    512x512  scen    1570     197   16371   140.11    45.50    38.51    26.73  1913.98    42.1    71.6
wc3maps512-map/bootybay           512x512  rand    1000      82   12523    90.95    24.05    19.74    12.02  1346.01    56.0   111.9
wc3maps512-map/bootybay           512x512  scen    2210     179   27745   112.29    37.12    30.74    21.90  2973.76    80.1   135.8
wc3maps512-map/darkforest         512x512  rand    1000      45    5990    77.36    22.15    16.22     9.70   683.81    30.9    70.5
wc3maps512-map/darkforest         512x512  scen    1510      84   10854    85.53    28.16    22.39    14.93  1281.79    45.5    85.9
wc3maps512-map/deadwaterdrop      512x512  rand    1000      41    5281    82.36    21.17    15.58     8.77   612.14    28.9    69.8
wc3maps512-map/deadwaterdrop      512x512  scen    1120      59    7745    85.01    22.66    18.60    11.47   897.89    39.6    78.3
wc3maps512-map/divideandconqu~    512x512  rand    1000     125   11775   117.01    37.30    28.36    17.97  1337.34    35.9    74.4
wc3maps512-map/divideandconqu~    512x512  scen    1630     216   19798   134.02    48.09    39.33    27.51  2326.51    48.4    84.6
wc3maps512-map/dragonfire         512x512  rand    1000      65    7310    87.95    26.45    19.54    11.86   838.90    31.7    70.7
wc3maps512-map/dragonfire         512x512  scen    1460     112   12670   101.64    32.99    25.32    17.38  1490.94    45.2    85.8
wc3maps512-map/drywatergulch      512x512  rand    1000     174   21038   146.34    48.72    36.60    24.55  2350.79    48.3    95.8
wc3maps512-map/drywatergulch      512x512  scen    1980     315   36153   170.60    64.71    55.36    39.51  4060.97    62.8   102.8
wc3maps512-map/duskwood           512x512  rand    1000      39    7483   101.41    23.90    18.37     9.81   879.33    36.8    89.7
wc3maps512-map/duskwood           512x512  scen    1540      57   11163   109.54    26.89    20.07    12.82  1324.58    49.3   103.3
wc3maps512-map/dustwallowkeys     512x512  rand    1000      69   10727   153.78    31.26    24.39    13.17  1228.02    39.3    93.2
wc3maps512-map/dustwallowkeys     512x512  scen    1690     125   18508   172.33    39.37    30.34    19.97  2221.38    56.4   111.2
wc3maps512-map/frostsabre         512x512  rand    1000      41    5240    80.13    22.22    15.63     9.21   644.37    29.0    69.9
wc3maps512-map/frostsabre         512x512  scen    1310      64    8231    84.79    24.88    18.96    12.43   993.42    39.9    79.9
wc3maps512-map/gardenofwar        512x512  rand    1000      58    8218   101.05    27.90    20.00    12.02   953.45    34.2    79.3
wc3maps512-map/gardenofwar        512x512  scen    1440      73   10978    98.86    30.17    21.98    14.58  1309.24    43.4    89.8
wc3maps512-map/gnollwood          512x512  rand    1000      34    4467    81.20    19.71    15.05     8.70   500.79    25.4    57.6
wc3maps512-map/gnollwood          512x512  scen    1260      47    6202    88.21    22.81    17.44    10.67   711.35    31.2    66.7
wc3maps512-map/golemsinthemist    512x512  rand    1000      39    6371    94.88    22.13    16.77     9.51   739.35    33.4    77.8
wc3maps512-map/golemsinthemist    512x512  scen    1400      56    9355   100.52    25.21    18.77    11.68  1118.45    44.4    95.7
wc3maps512-map/harvestmoon        512x512  rand    1000      98   10709   108.36    32.98    24.70    15.70  1214.14    36.8    77.3
wc3maps512-map/harvestmoon        512x512  scen    1420     129   13768   110.25    36.52    28.79    19.24  1593.75    43.6    82.8
wc3maps512-map/heart2heart        512x512  rand    1000      70   17064   125.79    27.04    21.37    11.85  1812.30    67.0   152.9
wc3maps512-map/heart2heart        512x512  scen    2030     115   27153   132.51    32.08    25.27    16.69  2886.72    90.0   173.0
wc3maps512-map/hillsofglory       512x512  rand    1000      24    6838    88.47    18.63    14.50     7.03   778.89    41.8   110.8
wc3maps512-map/hillsofglory       512x512  scen    1350      40   12693    97.55    22.03    16.47     9.80  1487.31    67.5   151.8
wc3maps512-map/icecrown           512x512  rand    1000      41    6841   139.31    23.04    21.12     9.91   779.43    33.8    78.7
wc3maps512-map/icecrown           512x512  scen    1720     112   16961   185.69    36.98    29.47    19.36  2080.37    56.3   107.5
wc3maps512-map/isleofdread        512x512  rand    1000     120   12239   135.89    38.22    29.32    18.04  1387.54    36.3    76.9
wc3maps512-map/isleofdread        512x512  scen    1580     176   18528   141.29    43.66    35.90    24.19  2151.97    49.3    89.0
wc3maps512-map/losttemple         512x512  rand    1000      53    5391    87.09    22.72    17.62    10.32   605.30    26.6    58.7
wc3maps512-map/losttemple         512x512  scen    1390      90    8900    92.59    27.47    23.57    15.08  1034.29    37.7    68.6
wc3maps512-map/moonglade          512x512  rand    1000      43    6327   117.73    23.93    19.45    10.10   721.68    30.2    71.5
wc3maps512-map/moonglade          512x512  scen    1710     130   17382   159.69    40.09    32.74    21.81  2220.83    55.4   101.8
wc3maps512-map/mysticisles        512x512  rand    1000     107   14911   119.58    36.09    26.97    17.55  1643.58    45.5    93.6
wc3maps512-map/mysticisles        512x512  scen    2060     189   26017   135.71    46.86    38.60    27.97  2914.85    62.2   104.2
wc3maps512-map/nighthaven         512x512  rand    1000      33    9642   126.90    22.22    17.68     9.02  1110.26    50.0   123.1
wc3maps512-map/nighthaven         512x512  scen    1420      46   14062   128.42    25.10    19.83    11.25  1714.11    68.3   152.4
------------------------------------------------------------------------------------------------------------------------------------
map                                  size   tag   pairs  JPSexp   A*exp      cC#       cC      wC#       wC     A*us   A*/cC   A*/wC
------------------------------------------------------------------------------------------------------------------------------------
wc3maps512-map/petrifiedforest    512x512  rand    1000      71    7841   103.64    28.64    20.41    12.52   895.75    31.3    71.6
wc3maps512-map/petrifiedforest    512x512  scen    1520     124   12940   119.94    36.00    27.28    18.86  1535.34    42.6    81.4
wc3maps512-map/plaguelands        512x512  rand    1000      74    7886    84.04    26.69    19.44    12.94   882.98    33.1    68.2
wc3maps512-map/plaguelands        512x512  scen    1600     140   15213    98.40    35.39    28.56    20.15  1768.66    50.0    87.8
wc3maps512-map/plainsofsnow       512x512  rand    1000      23    7091   113.92    23.91    17.83     9.13  1034.71    43.3   113.3
wc3maps512-map/plainsofsnow       512x512  scen    1480      35   12595   124.42    26.34    23.54     8.60  1872.03    71.1   217.6
wc3maps512-map/plunderisle        512x512  rand    1000      59   12645   158.22    31.16    25.10    12.70  1466.76    47.1   115.5
wc3maps512-map/plunderisle        512x512  scen    1640      78   16443   159.56    32.55    28.19    15.84  2009.40    61.7   126.9
wc3maps512-map/riverrun           512x512  rand    1000     263   15970   157.36    60.50    48.10    33.30  1847.30    30.5    55.5
wc3maps512-map/riverrun           512x512  scen    2010     494   28283   191.92    85.70    79.18    57.95  3193.34    37.3    55.1
wc3maps512-map/scorchedbasin      512x512  rand    1000      28    4286    69.17    17.84    13.09     7.42   474.55    26.6    63.9
wc3maps512-map/scorchedbasin      512x512  scen    1270      54    8523    79.73    22.62    17.29    11.10   988.15    43.7    89.0
wc3maps512-map/stromguarde        512x512  rand    1000      60    3498    90.91    22.49    18.32    10.50   388.45    17.3    37.0
wc3maps512-map/stromguarde        512x512  scen    1090     162    8502   118.68    35.32    31.16    21.61  1007.99    28.5    46.7
wc3maps512-map/swampofsorrows     512x512  rand    1000      74    6501   123.06    37.08    25.76    15.16   927.48    25.0    61.2
wc3maps512-map/swampofsorrows     512x512  scen    1310     118   10011   148.55    43.92    29.39    25.81  1506.95    34.3    58.4
wc3maps512-map/thecrucible        512x512  rand    1000      54    5827    65.99    22.01    16.29    10.05   646.85    29.4    64.4
wc3maps512-map/thecrucible        512x512  scen    1180      67    7493    67.39    23.25    17.97    11.82   858.28    36.9    72.6
wc3maps512-map/theglaive          512x512  rand    1000      32    6328    96.61    20.24    15.20     8.20   698.74    34.5    85.2
wc3maps512-map/theglaive          512x512  scen    1450      59   12557   107.72    25.37    19.26    12.11  1432.85    56.5   118.3
wc3maps512-map/timbermawhold      512x512  rand    1000      74    9655   153.51    31.85    24.52    13.86  1085.21    34.1    78.3
wc3maps512-map/timbermawhold      512x512  scen    2080     296   30583   226.22    66.02    57.88    41.45  3473.54    52.6    83.8
wc3maps512-map/tranquilpaths      512x512  rand    1000      69    6768    70.78    24.97    17.77    11.56   769.71    30.8    66.6
wc3maps512-map/tranquilpaths      512x512  scen    1340      96    9621    72.34    27.87    21.35    14.91  1106.69    39.7    74.2
------------------------------------------------------------------------------------------------------------------------------------
[rand] 562000 pairs: C# cold 43367ms / hot 14174ms; C cold 16699ms / hot 9787ms; A* 497486ms; A*/C cold 29.8x hot 50.8x; C#/C cold 2.60x hot 1.45x
[scen] 1414808 pairs: C# cold 191950ms / hot 95484ms; C cold 98855ms / hot 71814ms; A* 3084456ms; A*/C cold 31.2x hot 43.0x; C#/C cold 1.94x hot 1.33x
