# JPS(C#/C) cold/hot vs A* benchmark   2026-07-05 19:26:11
Host OS:  Debian GNU/Linux 12 (bookworm) (Arm64)
Host CPU: Cortex-A55; 8 logical cores
          arch=aarch64  vendor=ARM  model=0  stepping=r2p0
          topology=1sock x 4core x 1thread  freq=408.0000..1800.0000 MHz
          cache: L1d=384 KiB (8 instances)  L1i=384 KiB (8 instances)  L2=2.5 MiB (8 instances)  L3=3 MiB (1 instance)
Runtime:  .NET 10.0.9 (Arm64)
Build config: corner-cutting=off, concurrent-cache=on
Native: enabled (/root/JPS/JPS.Benchmark/bin/Release/net10.0/libJPS.Native.so)
Scope: movingai/; 1354 .scen / 562 maps; rand target 1000/map; scen dedup 1414808 from 1423420
Parallelism: 4 map workers pinned to CPUs [4,5,6,7] (default: half of logical CPUs, every other)
Timing mode: parallel throughput by map group. Rows are emitted in map dispatch order as results arrive.
cold = before each query flip a few cells in a small window then restore + Sync (invalidates the jump-point cache); hot = warm cache reuse.

Columns:
  map          map name (relative path)
  size         width x height
  tag          rand = random sampled pairs / scen = .scen cases
  pairs        start/goal pairs timed
  JPSexp/A*exp mean expanded nodes per query (JPS / A*)
  cC# / cC     C# / C JPS cold-path mean time (us/query)
  wC# / wC     C# / C JPS hot-path mean time (us/query)
  A*us         A* mean time per query (us/query)
  A*/cC A*/wC  A*us divided by C cold / hot time (higher = C JPS faster than A*)
  color: cC/wC vs same-language C# faster=green slower=red; any JPS time slower than A*=red; A*/cC or A*/wC < 1 = red

------------------------------------------------------------------------------------------------------------------------------------
map                                  size   tag   pairs  JPSexp   A*exp      cC#       cC      wC#       wC     A*us   A*/cC   A*/wC
------------------------------------------------------------------------------------------------------------------------------------
bg512-map/AR0011SR                512x512  rand    1000      68   17271   380.39    74.79    64.01    30.18  4301.24    57.5   142.5
bg512-map/AR0011SR                512x512  scen    2180     130   32731   393.78    90.98    88.39    49.96  8241.63    90.6   165.0
bg512-map/AR0012SR                512x512  rand    1000      44    7727   219.70    59.28    50.54    25.21  1997.85    33.7    79.3
bg512-map/AR0012SR                512x512  scen    1370      68   12706   225.31    59.38    56.52    29.87  3321.57    55.9   111.2
bg512-map/AR0013SR                512x512  rand    1000      38    4738   162.61    47.81    42.61    21.26  1190.99    24.9    56.0
bg512-map/AR0013SR                512x512  scen    1260      66    8648   182.79    62.95    51.82    28.98  2221.24    35.3    76.7
bg512-map/AR0014SR                512x512  rand    1000      30    5139   167.54    44.46    35.77    17.72  1303.49    29.3    73.5
bg512-map/AR0014SR                512x512  scen    1290      51    9225   177.30    57.01    45.42    25.41  2353.55    41.3    92.6
bg512-map/AR0015SR                512x512  rand    1000      13    4549   208.40    30.77    25.81    11.27  1126.49    36.6    99.9
bg512-map/AR0015SR                512x512  scen    1310      21    9011   221.10    46.63    34.97    17.67  2311.69    49.6   130.8
bg512-map/AR0016SR                512x512  rand    1000      14    4744   196.67    44.33    35.28    11.58  1180.05    26.6   101.9
bg512-map/AR0016SR                512x512  scen    1220      18    7090   190.77    42.99    35.01    14.50  1791.93    41.7   123.6
bg512-map/AR0017SR                512x512  rand    1000      15    6698   230.26    43.09    36.70    15.96  1731.82    40.2   108.5
bg512-map/AR0017SR                512x512  scen    1400      25   13490   250.20    49.66    44.13    19.61  3569.27    71.9   182.0
bg512-map/AR0018SR                512x512  rand    1000      21    5146   212.85    39.17    33.19    14.29  1259.64    32.2    88.1
bg512-map/AR0018SR                512x512  scen    1490      59   16192   277.63    54.18    52.74    24.02  3955.77    73.0   164.7
bg512-map/AR0020SR                512x512  rand    1000       8    3097   240.72    27.47    29.94     8.90   769.15    28.0    86.5
bg512-map/AR0020SR                512x512  scen    1320      10    5477   264.85    37.03    36.83    13.25  1344.64    36.3   101.5
bg512-map/AR0041SR                512x512  rand    1000       5    3982   372.71    38.13    34.47     9.90  1007.14    26.4   101.8
bg512-map/AR0041SR                512x512  scen    1440       6    5676   394.93    33.32    34.09    11.18  1442.14    43.3   129.0
bg512-map/AR0042SR                512x512  rand    1000       5    4586   610.91    40.52    59.28    13.86  1165.66    28.8    84.1
bg512-map/AR0042SR                512x512  scen    1610       6    7589   657.15    43.88    58.31    17.21  1994.32    45.5   115.9
bg512-map/AR0043SR                512x512  rand    1000       5    4011   428.01    30.61    42.66     8.73   976.55    31.9   111.8
bg512-map/AR0043SR                512x512  scen    1390       7    6856   465.14    33.38    39.63    10.77  1677.15    50.2   155.8
bg512-map/AR0044SR                512x512  rand    1000       7    5615   798.14    47.50    92.25    16.43  1381.17    29.1    84.1
bg512-map/AR0044SR                512x512  scen    1670       9    7867   895.35    54.38    90.06    16.23  2012.60    37.0   124.0
bg512-map/AR0045SR                512x512  rand    1000       6    4220   360.16    33.26    39.64    11.40  1073.59    32.3    94.2
bg512-map/AR0045SR                512x512  scen    1500      10   10120   401.65    48.27    44.87    17.20  2668.37    55.3   155.1
bg512-map/AR0046SR                512x512  rand    1000       8    4869   370.15    38.78    45.62    12.69  1207.27    31.1    95.1
bg512-map/AR0046SR                512x512  scen    1580      10    7625   416.19    50.09    48.13    16.85  1961.20    39.2   116.4
bg512-map/AR0070SR                512x512  rand    1000      56   21138   245.52    71.78    63.89    30.36  4880.29    68.0   160.8
bg512-map/AR0070SR                512x512  scen    2720      72   28169   251.96    74.34    69.90    38.69  6308.72    84.9   163.1
bg512-map/AR0071SR                512x512  rand    1000      63   14636   209.97    65.55    59.86    32.25  3656.12    55.8   113.4
bg512-map/AR0071SR                512x512  scen    1850      73   17470   186.68    61.61    59.95    32.40  4196.35    68.1   129.5
bg512-map/AR0072SR                512x512  rand    1000      33   11703   179.41    41.36    34.58    15.96  2619.52    63.3   164.1
bg512-map/AR0072SR                512x512  scen    2060      47   18023   181.98    40.62    36.92    18.24  3904.30    96.1   214.1
bg512-map/AR0201SR                512x512  rand    1000      16    2843    71.26    26.38    20.67    10.72   678.14    25.7    63.3
bg512-map/AR0201SR                512x512  scen    1380      25    4844    79.95    30.90    27.11    14.58  1135.50    36.7    77.9
bg512-map/AR0202SR                512x512  rand    1000     213   17340   232.12   104.48   105.41    62.44  4115.96    39.4    65.9
bg512-map/AR0202SR                512x512  scen    3170     295   23643   272.70   120.84   135.42    81.56  5487.36    45.4    67.3
bg512-map/AR0203SR                512x512  rand    1000       8    4338   325.70    30.85    36.15     9.80  1100.74    35.7   112.4
bg512-map/AR0203SR                512x512  scen    1360      12    7993   347.82    39.73    40.12    14.08  2068.38    52.1   146.9
bg512-map/AR0204SR                512x512  rand    1000     125   12187   193.88    66.23    64.90    35.83  2830.04    42.7    79.0
bg512-map/AR0204SR                512x512  scen    2210     177   16582   212.51    80.75    82.46    48.60  3791.70    47.0    78.0
bg512-map/AR0205SR                512x512  rand    1000     108    9832   216.18    72.47    61.21    34.07  2499.72    34.5    73.4
bg512-map/AR0205SR                512x512  scen    1900     216   18167   266.43   100.75    97.54    60.04  4659.11    46.2    77.6
bg512-map/AR0206SR                512x512  rand    1000      15    4019   166.26    31.15    27.16    10.41   979.76    31.5    94.2
bg512-map/AR0206SR                512x512  scen    1150      24    7178   171.01    37.36    32.28    14.35  1751.22    46.9   122.0
bg512-map/AR0300SR                512x512  rand    1000     170   11286   231.30    86.32    79.80    46.22  2687.14    31.1    58.1
bg512-map/AR0300SR                512x512  scen    1910     279   17646   269.69    96.85   108.40    62.75  4130.99    42.7    65.8
------------------------------------------------------------------------------------------------------------------------------------
map                                  size   tag   pairs  JPSexp   A*exp      cC#       cC      wC#       wC     A*us   A*/cC   A*/wC
------------------------------------------------------------------------------------------------------------------------------------
bg512-map/AR0301SR                512x512  rand    1000      17    6205   172.03    39.43    32.21    13.49  1503.02    38.1   111.4
bg512-map/AR0301SR                512x512  scen    1480      28   11978   190.16    40.98    39.12    18.61  2947.90    71.9   158.4
bg512-map/AR0302SR                512x512  rand    1000      18    5936   184.65    42.27    34.41    15.32  1515.01    35.8    98.9
bg512-map/AR0302SR                512x512  scen    1300      24    9007   196.27    43.99    40.54    16.53  2301.86    52.3   139.2
bg512-map/AR0303SR                512x512  rand    1000      14    5293   205.91    40.12    33.84    13.24  1345.98    33.5   101.6
bg512-map/AR0303SR                512x512  scen    1340      20    8895   210.01    40.16    37.17    15.04  2277.55    56.7   151.4
bg512-map/AR0304SR                512x512  rand    1000      21    6842   163.81    42.09    34.95    15.25  1657.76    39.4   108.7
bg512-map/AR0304SR                512x512  scen    1340      28    9649   163.03    37.03    37.88    18.33  2340.98    63.2   127.7
bg512-map/AR0305SR                512x512  rand    1000      26    6311   182.26    38.27    32.61    16.05  1551.48    40.5    96.6
bg512-map/AR0305SR                512x512  scen    1430      41   11322   185.95    41.96    43.33    19.40  2741.03    65.3   141.3
bg512-map/AR0306SR                512x512  rand    1000      19    7252   170.73    38.54    31.09    13.60  1832.86    47.6   134.8
bg512-map/AR0306SR                512x512  scen    1290      27   11115   178.23    43.89    35.98    17.33  2755.83    62.8   159.0
bg512-map/AR0307SR                512x512  rand    1000     359   14089   257.71   116.00   144.41    82.86  3119.60    26.9    37.6
bg512-map/AR0307SR                512x512  scen    3380     507   19937   312.16   159.95   194.59   116.54  4312.73    27.0    37.0
bg512-map/AR0308SR                512x512  rand    1000      46    7961   287.88    48.94    46.82    20.67  1935.17    39.5    93.6
bg512-map/AR0308SR                512x512  scen    1600     109   18185   344.07    83.78    78.07    36.88  4350.85    51.9   118.0
bg512-map/AR0309SR                512x512  rand    1000      43    7800   183.00    54.40    44.60    22.40  1989.96    36.6    88.9
bg512-map/AR0309SR                512x512  scen    1620      84   15289   223.26    70.40    64.65    34.54  3823.68    54.3   110.7
bg512-map/AR0310SR                512x512  rand    1000       6    2501   245.06    23.65    26.09     7.43   631.05    26.7    84.9
bg512-map/AR0310SR                512x512  scen    1070       8    4291   273.06    31.69    31.91    10.45  1073.05    33.9   102.7
bg512-map/AR0314SR                512x512  rand    1000      10    3324   192.81    32.72    27.90    10.91   847.28    25.9    77.7
bg512-map/AR0314SR                512x512  scen    1170      16    6732   203.53    36.62    33.51    14.01  1709.22    46.7   122.0
bg512-map/AR0316SR                512x512  rand    1000      12    3254   181.84    33.03    25.95    10.72   805.12    24.4    75.1
bg512-map/AR0316SR                512x512  scen    1230      21    7349   193.81    37.85    32.75    14.97  1822.72    48.2   121.8
bg512-map/AR0317SR                512x512  rand    1000      10    3365   197.90    34.19    29.15    10.99   817.85    23.9    74.4
bg512-map/AR0317SR                512x512  scen    1230      16    7039   208.32    36.86    34.27    14.33  1704.93    46.3   119.0
bg512-map/AR0331SR                512x512  rand    1000      14    5654   141.08    37.71    29.02    13.87  1393.55    37.0   100.4
bg512-map/AR0331SR                512x512  scen    1290      19    8378   143.64    38.75    33.30    16.39  2006.82    51.8   122.4
bg512-map/AR0400SR                512x512  rand    1000     142   21275   354.36    99.91    87.92    46.86  5166.88    51.7   110.3
bg512-map/AR0400SR                512x512  scen    2890     247   35089   403.04   125.35   133.04    70.43  8273.60    66.0   117.5
bg512-map/AR0404SR                512x512  rand    1000     106   11349   169.40    61.09    60.67    33.31  2618.09    42.9    78.6
bg512-map/AR0404SR                512x512  scen    1900     131   14281   179.74    72.34    70.13    41.12  3264.67    45.1    79.4
bg512-map/AR0405SR                512x512  rand    1000      67   16694   254.85    66.95    61.26    31.95  4088.96    61.1   128.0
bg512-map/AR0405SR                512x512  scen    1990      93   24264   263.76    69.74    71.32    37.11  5942.97    85.2   160.1
bg512-map/AR0406SR                512x512  rand    1000     201   13008   231.28   102.25    98.10    60.20  3124.98    30.6    51.9
bg512-map/AR0406SR                512x512  scen    2240     293   18770   249.80   113.89   127.30    76.59  4438.48    39.0    58.0
bg512-map/AR0410SR                512x512  rand    1000       8    2855   191.12    24.54    21.49     7.91   678.27    27.6    85.8
bg512-map/AR0410SR                512x512  scen    1160      11    4976   174.36    25.87    24.93     9.82  1167.70    45.1   119.0
bg512-map/AR0411SR                512x512  rand    1000     126   14443   189.51    65.13    67.61    35.65  3239.50    49.7    90.9
bg512-map/AR0411SR                512x512  scen    2430     154   17414   185.49    72.19    73.46    43.04  3889.59    53.9    90.4
bg512-map/AR0412SR                512x512  rand    1000      27    6085   223.56    41.88    39.07    16.77  1506.11    36.0    89.8
bg512-map/AR0412SR                512x512  scen    1500      50   11129   248.66    53.37    50.88    22.96  2637.43    49.4   114.8
bg512-map/AR0413SR                512x512  rand    1000      23    3632    66.84    27.24    18.81    10.34   831.83    30.5    80.4
bg512-map/AR0413SR                512x512  scen    1530      34    5882    76.98    31.04    24.11    12.81  1322.08    42.6   103.2
bg512-map/AR0414SR                512x512  rand    1000      49    5052   185.24    45.85    37.55    18.14  1242.34    27.1    68.5
bg512-map/AR0414SR                512x512  scen    1250     135   11865   237.72    58.86    65.04    34.54  2928.60    49.8    84.8
bg512-map/AR0418SR                512x512  rand    1000       3    1573   256.67    26.31    27.61     7.64   396.80    15.1    51.9
bg512-map/AR0418SR                512x512  scen     850       3    2749   251.49    27.55    31.28     8.08   678.92    24.6    84.0
bg512-map/AR0500SR                512x512  rand    1000     116   10986   225.51    78.05    67.57    38.77  2678.20    34.3    69.1
bg512-map/AR0500SR                512x512  scen    2140     200   18531   241.67    85.10    87.76    50.89  4487.56    52.7    88.2
------------------------------------------------------------------------------------------------------------------------------------
map                                  size   tag   pairs  JPSexp   A*exp      cC#       cC      wC#       wC     A*us   A*/cC   A*/wC
------------------------------------------------------------------------------------------------------------------------------------
bg512-map/AR0502SR                512x512  rand    1000      11    4508   214.03    40.80    33.40    13.48  1145.95    28.1    85.0
bg512-map/AR0502SR                512x512  scen    1240      15    7591   223.38    41.18    34.06    15.97  1947.61    47.3   122.0
bg512-map/AR0503SR                512x512  rand    1000      12    3072   110.12    28.91    20.39     9.62   759.60    26.3    78.9
bg512-map/AR0503SR                512x512  scen    1140      18    5481   112.12    28.52    23.69    11.63  1359.15    47.7   116.9
bg512-map/AR0504SR                512x512  rand    1000      52    6862   222.50    48.00    44.25    21.06  1681.31    35.0    79.8
bg512-map/AR0504SR                512x512  scen    1330      81   10727   234.72    65.99    60.20    31.03  2685.71    40.7    86.5
bg512-map/AR0505SR                512x512  rand    1000      46    8048   249.73    56.10    48.05    24.42  2091.51    37.3    85.6
bg512-map/AR0505SR                512x512  scen    1610     116   19851   328.45    88.92    82.57    43.96  5187.44    58.3   118.0
bg512-map/AR0506SR                512x512  rand    1000      12    4587   180.67    35.50    27.77    12.03  1135.03    32.0    94.3
bg512-map/AR0506SR                512x512  scen    1040      14    6161   173.65    35.30    29.15    12.80  1562.80    44.3   122.1
bg512-map/AR0509SR                512x512  rand    1000      18    5640   188.42    40.06    31.88    14.35  1437.28    35.9   100.2
bg512-map/AR0509SR                512x512  scen    1380      32   11514   207.83    47.24    41.13    20.26  2992.87    63.4   147.7
bg512-map/AR0510SR                512x512  rand    1000      46    6430   216.46    61.24    46.78    26.58  1617.73    26.4    60.9
bg512-map/AR0510SR                512x512  scen    1440      69   10357   243.39    65.54    57.80    26.75  2651.52    40.5    99.1
bg512-map/AR0511SR                512x512  rand    1000      24    6432   187.33    48.35    36.99    18.36  1585.29    32.8    86.3
bg512-map/AR0511SR                512x512  scen    1370      34    9690   201.36    48.21    43.46    21.12  2422.73    50.3   114.7
bg512-map/AR0513SR                512x512  rand    1000      13    5418   253.14    46.53    37.06    14.68  1381.13    29.7    94.1
bg512-map/AR0513SR                512x512  scen    1430      21   11963   280.05    43.88    42.17    18.00  3162.77    72.1   175.7
bg512-map/AR0516SR                512x512  rand    1000      37    5243   125.02    35.59    32.92    15.17  1315.65    37.0    86.7
bg512-map/AR0516SR                512x512  scen    1470      54    8044   131.06    44.36    39.23    22.27  2028.48    45.7    91.1
bg512-map/AR0517SR                512x512  rand    1000       3    2003   252.64    26.59    24.69     6.77   481.21    18.1    71.1
bg512-map/AR0517SR                512x512  scen     990       4    3625   245.93    24.99    25.82     6.57   859.03    34.4   130.8
bg512-map/AR0526SR                512x512  rand    1000      14    5654   128.44    29.92    24.65    11.06  1317.95    44.1   119.1
bg512-map/AR0526SR                512x512  scen    1270      19    8022   136.47    35.67    29.91    14.09  1853.34    52.0   131.5
bg512-map/AR0600SR                512x512  rand    1000      34    3171    71.70    28.04    22.22    11.78   736.48    26.3    62.5
bg512-map/AR0600SR                512x512  scen    1470      44    4524    78.92    30.47    25.41    13.97  1039.77    34.1    74.4
bg512-map/AR0601SR                512x512  rand    1000      28    4438   107.96    36.36    30.89    16.65  1071.30    29.5    64.4
bg512-map/AR0601SR                512x512  scen    1680      42    6913   114.05    40.83    37.86    19.98  1593.50    39.0    79.7
bg512-map/AR0602SR                512x512  rand    1000     285   15096   299.73   121.08   125.56    73.52  3538.91    29.2    48.1
bg512-map/AR0602SR                512x512  scen    2460     375   19826   327.23   157.03   161.66    99.20  4533.26    28.9    45.7
bg512-map/AR0603SR                512x512  rand    1000     124   12819   189.15    74.25    72.79    40.09  3054.99    41.1    76.2
bg512-map/AR0603SR                512x512  scen    2930     205   20355   233.64    91.29    98.97    58.11  4754.20    52.1    81.8
bg512-map/AR0604SR                512x512  rand    1000      30   12815   271.10    44.85    43.15    18.90  3068.71    68.4   162.4
bg512-map/AR0604SR                512x512  scen    2310      54   24897   288.55    54.17    56.26    26.94  5731.17   105.8   212.7
bg512-map/AR0605SR                512x512  rand    1000       9    4667   459.95    48.79    60.58    13.19  1182.87    24.2    89.7
bg512-map/AR0605SR                512x512  scen    1260      11    6295   435.59    40.56    48.06    15.48  1559.90    38.5   100.8
bg512-map/AR0700SR                512x512  rand    1000     236   13179   387.62   140.01   129.52    75.60  3467.39    24.8    45.9
bg512-map/AR0700SR                512x512  scen    1930     423   21858   463.60   183.41   192.35   122.06  5732.29    31.3    47.0
bg512-map/AR0701SR                512x512  rand    1000     108    7396   241.58    73.74    71.92    37.05  1873.33    25.4    50.6
bg512-map/AR0701SR                512x512  scen    1680     178   11686   282.83   100.69    97.53    51.96  2987.41    29.7    57.5
bg512-map/AR0702SR                512x512  rand    1000      26    5149   165.17    42.79    34.29    15.82  1274.65    29.8    80.5
bg512-map/AR0702SR                512x512  scen    1290      35    7931   180.48    47.27    38.63    17.77  2017.06    42.7   113.5
bg512-map/AR0704SR                512x512  rand    1000      30    7175   189.04    49.50    37.05    17.99  1827.30    36.9   101.6
bg512-map/AR0704SR                512x512  scen    1530      61   15818   217.38    54.21    51.55    26.63  4076.32    75.2   153.1
bg512-map/AR0705SR                512x512  rand    1000      98   17966   214.38    72.56    66.05    37.04  4148.86    57.2   112.0
bg512-map/AR0705SR                512x512  scen    2800     148   27004   237.55    89.00    86.00    49.90  6175.71    69.4   123.8
bg512-map/AR0709SR                512x512  rand    1000      15    4899   235.92    42.08    36.99    15.24  1257.42    29.9    82.5
bg512-map/AR0709SR                512x512  scen    1260      20    7474   256.48    47.26    39.21    17.92  1909.12    40.4   106.5
bg512-map/AR0711SR                512x512  rand    1000      40    5834   105.54    35.25    28.86    15.18  1351.42    38.3    89.0
bg512-map/AR0711SR                512x512  scen    1900      60    9320   113.31    40.03    36.14    20.15  2147.85    53.7   106.6
------------------------------------------------------------------------------------------------------------------------------------
map                                  size   tag   pairs  JPSexp   A*exp      cC#       cC      wC#       wC     A*us   A*/cC   A*/wC
------------------------------------------------------------------------------------------------------------------------------------
bgmaps-map/AR0011SR               216x224  rand    1000      53    3226   116.11    38.31    25.99    13.54   752.05    19.6    55.5
bgmaps-map/AR0011SR               216x224  scen     930     101    5899   142.02    50.79    41.84    22.33  1392.15    27.4    62.3
bgmaps-map/AR0012SR               148x139  rand    1000      37     663    44.53    22.61    15.78     8.50   159.98     7.1    18.8
bgmaps-map/AR0012SR               148x139  scen     380      54    1019    54.01    30.18    21.70    11.97   244.39     8.1    20.4
bgmaps-map/AR0013SR               148x144  rand    1000      39     474    39.19    21.99    15.02     8.65   117.65     5.3    13.6
bgmaps-map/AR0013SR               148x144  scen     360      61     756    48.99    28.66    21.92    12.73   183.96     6.4    14.5
bgmaps-map/AR0014SR               148x144  rand    1000      28     472    35.95    18.86    12.17     6.98   116.85     6.2    16.8
bgmaps-map/AR0014SR               148x144  scen     350      40     684    43.87    23.77    16.62     9.61   168.12     7.1    17.5
bgmaps-map/AR0015SR                 88x86  rand    1000      12     168    20.65    10.89     5.86     3.26    43.53     4.0    13.4
bgmaps-map/AR0015SR                 88x86  scen     200      15     222    23.67    12.99     7.87     4.34    55.42     4.3    12.8
bgmaps-map/AR0016SR                 88x86  rand    1000      14     185    21.98    12.42     6.73     3.58    47.19     3.8    13.2
bgmaps-map/AR0016SR                 88x86  scen     220      18     279    26.46    15.40     8.95     4.98    69.61     4.5    14.0
bgmaps-map/AR0017SR                 88x86  rand    1000      15     250    25.89    13.42     6.88     3.81    62.20     4.6    16.3
bgmaps-map/AR0017SR                 88x86  scen     220      20     369    29.10    15.97     9.34     5.18    89.44     5.6    17.3
bgmaps-map/AR0018SR                100x96  rand    1000      17     239    23.91    12.54     7.04     3.99    59.71     4.8    15.0
bgmaps-map/AR0018SR                100x96  scen     250      28     443    33.19    17.96    10.97     6.33   104.38     5.8    16.5
bgmaps-map/AR0020SR                 80x80  rand    1000       8     112    20.12     9.40     4.48     2.30    30.15     3.2    13.1
bgmaps-map/AR0020SR                 80x80  scen     190      10     167    23.13    11.43     6.64     3.22    42.79     3.7    13.3
bgmaps-map/AR0021SR                 60x64  rand    1000      12     126    16.61    10.16     5.05     2.77    31.72     3.1    11.5
bgmaps-map/AR0021SR                 60x64  scen     170      19     209    20.61    13.41     7.57     4.15    51.39     3.8    12.4
bgmaps-map/AR0022SR                 64x64  rand    1000       9     113    15.87     9.55     5.14     2.23    28.23     3.0    12.7
bgmaps-map/AR0022SR                 64x64  scen     150      11     157    17.97    10.91     5.95     3.12    38.49     3.5    12.3
bgmaps-map/AR0041SR                 80x80  rand    1000       5     147    27.07     9.77     4.00     1.73    38.02     3.9    22.0
bgmaps-map/AR0041SR                 80x80  scen     230       6     216    31.09    11.91     5.86     2.30    55.60     4.7    24.1
bgmaps-map/AR0042SR                 80x80  rand    1000       5     155    36.08    10.41     4.53     1.75    39.89     3.8    22.8
bgmaps-map/AR0042SR                 80x80  scen     240       5     237    41.76    12.35     6.81     2.26    60.35     4.9    26.7
bgmaps-map/AR0043SR                 80x80  rand    1000       5     124    29.11     9.62     4.11     1.70    32.23     3.4    18.9
bgmaps-map/AR0043SR                 80x80  scen     210       6     199    29.43    10.86     6.97     2.30    54.12     5.0    23.5
bgmaps-map/AR0044SR                 80x80  rand    1000       6     189    40.77    10.65     5.60     2.23    49.00     4.6    22.0
bgmaps-map/AR0044SR                 80x80  scen     250       8     257    48.45    13.33     8.96     3.00    64.76     4.9    21.6
bgmaps-map/AR0045SR                 80x80  rand    1000       6     144    24.46     9.82     4.32     2.04    37.42     3.8    18.3
bgmaps-map/AR0045SR                 80x80  scen     210       7     230    27.88    11.96     6.11     2.80    61.32     5.1    21.9
bgmaps-map/AR0046SR                 80x80  rand    1000       8     169    27.46    10.50     5.08     2.46    44.10     4.2    17.9
bgmaps-map/AR0046SR                 80x80  scen     240       9     237    31.41    12.83     7.26     3.26    60.06     4.7    18.4
bgmaps-map/AR0069SR               100x112  rand    1000      15     235    25.42    13.61     7.16     3.92    59.48     4.4    15.2
bgmaps-map/AR0069SR               100x112  scen     220      22     388    30.13    16.58    10.61     5.74    96.24     5.8    16.8
bgmaps-map/AR0070SR               124x134  rand    1000      46    1423    55.70    27.39    18.70     9.51   306.71    11.2    32.3
bgmaps-map/AR0070SR               124x134  scen     680      57    1791    62.05    30.37    22.55    11.21   388.24    12.8    34.6
bgmaps-map/AR0071SR               140x150  rand    1000      43    1175    49.10    25.52    17.82     9.17   268.03    10.5    29.2
bgmaps-map/AR0071SR               140x150  scen     510      48    1331    50.51    27.43    18.89    10.32   301.52    11.0    29.2
bgmaps-map/AR0072SR               160x160  rand    1000      31    1192    46.24    18.70    11.84     6.33   257.78    13.8    40.7
bgmaps-map/AR0072SR               160x160  scen     630      42    1774    55.15    23.21    15.47     8.13   375.17    16.2    46.2
bgmaps-map/AR0082SR                 52x54  rand    1000       5      21     7.28     5.82     2.35     1.24     6.12     1.1     4.9
bgmaps-map/AR0082SR                 52x54  scen      60       6      26     8.16     6.18     3.06     1.69     7.17     1.2     4.3
bgmaps-map/AR0201SR               140x166  rand    1000      14     283    20.88    11.45     7.39     3.68    69.12     6.0    18.8
bgmaps-map/AR0201SR               140x166  scen     380      20     410    24.19    13.29     9.03     4.80    97.33     7.3    20.3
bgmaps-map/AR0202SR               244x208  rand    1000     153    3442   101.59    55.28    51.74    29.84   746.91    13.5    25.0
bgmaps-map/AR0202SR               244x208  scen    1450     216    4743   121.55    69.67    68.89    40.04   993.14    14.3    24.8
bgmaps-map/AR0203SR                 76x75  rand    1000       8     129    24.96    10.72     4.54     2.23    34.50     3.2    15.4
bgmaps-map/AR0203SR                 76x75  scen     190      11     202    26.26    12.34     7.48     3.42    51.41     4.2    15.0
------------------------------------------------------------------------------------------------------------------------------------
map                                  size   tag   pairs  JPSexp   A*exp      cC#       cC      wC#       wC     A*us   A*/cC   A*/wC
------------------------------------------------------------------------------------------------------------------------------------
bgmaps-map/AR0204SR               260x294  rand    1000     100    3566   106.01    48.45    39.02    21.97   831.01    17.2    37.8
bgmaps-map/AR0204SR               260x294  scen    1160     136    4782   117.06    54.08    49.79    29.32  1085.94    20.1    37.0
bgmaps-map/AR0205SR               212x214  rand    1000      96    1700    77.75    37.77    30.30    17.55   388.52    10.3    22.1
bgmaps-map/AR0205SR               212x214  scen     740     171    2853   101.11    53.17    49.00    28.59   653.35    12.3    22.9
bgmaps-map/AR0206SR               104x128  rand    1000      12     241    25.79    12.09     6.04     3.21    57.88     4.8    18.1
bgmaps-map/AR0206SR               104x128  scen     260      19     404    31.73    14.69     8.86     4.79    95.07     6.5    19.9
bgmaps-map/AR0300SR               320x320  rand    1000     157    4409   135.37    58.95    52.36    30.46  1008.20    17.1    33.1
bgmaps-map/AR0300SR               320x320  scen    1200     259    6954   168.52    79.84    79.13    47.08  1593.03    20.0    33.8
bgmaps-map/AR0301SR                 92x86  rand    1000      15     228    21.80    12.98     6.82     3.80    55.93     4.3    14.7
bgmaps-map/AR0301SR                 92x86  scen     220      20     313    25.73    15.11     9.17     5.16    74.99     5.0    14.5
bgmaps-map/AR0302SR                 80x86  rand    1000      15     184    20.26    11.80     6.18     3.46    47.03     4.0    13.6
bgmaps-map/AR0302SR                 80x86  scen     190      17     226    21.23    13.13     7.65     4.37    55.96     4.3    12.8
bgmaps-map/AR0303SR                 80x86  rand    1000      12     166    20.45    10.99     5.69     3.17    42.73     3.9    13.5
bgmaps-map/AR0303SR                 80x86  scen     180      14     208    22.87    12.62     7.24     3.90    52.43     4.2    13.4
bgmaps-map/AR0304SR                 80x86  rand    1000      16     206    20.59    12.29     6.77     3.72    50.28     4.1    13.5
bgmaps-map/AR0304SR                 80x86  scen     200      17     237    24.40    13.65     7.96     4.48    57.49     4.2    12.8
bgmaps-map/AR0305SR                104x91  rand    1000      23     293    25.62    15.59     9.42     4.97    69.79     4.5    14.0
bgmaps-map/AR0305SR                104x91  scen     250      29     378    29.10    17.07    11.02     6.16    91.78     5.4    14.9
bgmaps-map/AR0306SR                 84x91  rand    1000      16     230    20.86    12.20     6.71     3.78    55.87     4.6    14.8
bgmaps-map/AR0306SR                 84x91  scen     220      24     353    25.29    15.41     9.22     5.34    82.49     5.4    15.4
bgmaps-map/AR0307SR               320x267  rand    1000     291    4614   157.65    90.87    92.90    56.79  1012.16    11.1    17.8
bgmaps-map/AR0307SR               320x267  scen    1650     356    5628   169.31    99.67   109.46    68.14  1204.21    12.1    17.7
bgmaps-map/AR0308SR               112x118  rand    1000      30     415    37.87    17.70    11.57     6.59    99.97     5.6    15.2
bgmaps-map/AR0308SR               112x118  scen     340      64     917    59.16    29.30    21.12    12.45   213.20     7.3    17.1
bgmaps-map/AR0309SR               120x118  rand    1000      40     477    36.30    21.27    13.61     8.07   113.43     5.3    14.1
bgmaps-map/AR0309SR               120x118  scen     350      64     753    44.49    27.10    19.96    12.06   175.00     6.5    14.5
bgmaps-map/AR0310SR                 80x80  rand    1000       6      94    18.54     8.28     3.58     1.73    25.02     3.0    14.4
bgmaps-map/AR0310SR                 80x80  scen     160       7     138    20.65     9.38     5.49     2.43    35.38     3.8    14.6
bgmaps-map/AR0311SR                 52x54  rand    1000       6      36    10.53     7.05     2.98     1.55    10.00     1.4     6.4
bgmaps-map/AR0311SR                 52x54  scen      90       7      46    11.62     7.95     4.16     2.24    12.56     1.6     5.6
bgmaps-map/AR0312SR                 52x54  rand    1000       6      47    11.77     7.36     3.02     1.54    12.63     1.7     8.2
bgmaps-map/AR0312SR                 52x54  scen     100       7      55    11.86     8.10     4.00     2.09    14.85     1.8     7.1
bgmaps-map/AR0313SR                 60x64  rand    1000      12     126    15.69     9.91     4.90     2.69    31.83     3.2    11.8
bgmaps-map/AR0313SR                 60x64  scen     160      16     188    19.28    12.18     6.66     3.81    46.47     3.8    12.2
bgmaps-map/AR0314SR                 64x70  rand    1000       9      79    14.10     8.60     4.08     2.24    20.73     2.4     9.2
bgmaps-map/AR0314SR                 64x70  scen     140      11     120    16.28     9.92     5.72     3.16    30.57     3.1     9.7
bgmaps-map/AR0315SR                 52x54  rand    1000       5      48    10.74     7.14     2.76     1.38    12.76     1.8     9.3
bgmaps-map/AR0315SR                 52x54  scen     100       6      69    11.41     7.63     3.72     1.85    17.17     2.3     9.3
bgmaps-map/AR0316SR                 64x70  rand    1000      10      76    13.97     8.77     4.40     2.44    19.90     2.3     8.2
bgmaps-map/AR0316SR                 64x70  scen     130      12      91    15.45     9.93     5.77     3.30    23.78     2.4     7.2
bgmaps-map/AR0317SR                 64x70  rand    1000       9      82    14.99     8.66     4.27     2.32    21.41     2.5     9.2
bgmaps-map/AR0317SR                 64x70  scen     140      11     108    16.90     9.70     6.07     3.27    27.91     2.9     8.5
bgmaps-map/AR0318SR                 60x64  rand    1000      14     210    20.32    11.28     5.27     2.79    48.37     4.3    17.3
bgmaps-map/AR0318SR                 60x64  scen     220      21     325    23.95    14.02     7.47     4.07    70.41     5.0    17.3
bgmaps-map/AR0319SR                 52x54  rand    1000       7      56    13.65     8.69     3.53     1.87    14.92     1.7     8.0
bgmaps-map/AR0319SR                 52x54  scen     120      10      88    14.69     9.17     5.21     2.85    23.13     2.5     8.1
bgmaps-map/AR0325SR                 52x54  rand    1000       5      57    12.78     8.38     2.89     1.41    14.98     1.8    10.6
bgmaps-map/AR0325SR                 52x54  scen     110       6      80    14.69     8.78     3.99     1.93    20.79     2.4    10.8
bgmaps-map/AR0330SR                 56x54  rand    1000       8      69    12.19     8.12     3.68     2.00    18.68     2.3     9.3
bgmaps-map/AR0330SR                 56x54  scen     110       9      84    12.91     8.65     4.90     2.66    21.33     2.5     8.0
------------------------------------------------------------------------------------------------------------------------------------
map                                  size   tag   pairs  JPSexp   A*exp      cC#       cC      wC#       wC     A*us   A*/cC   A*/wC
------------------------------------------------------------------------------------------------------------------------------------
bgmaps-map/AR0331SR                 72x80  rand    1000       9     154    15.39     9.65     4.55     2.24    36.70     3.8    16.4
bgmaps-map/AR0331SR                 72x80  scen     160      10     161    15.43     9.97     5.03     2.60    37.79     3.8    14.5
bgmaps-map/AR0332SR                 56x59  rand    1000       6      63    13.05     7.71     3.29     1.71    16.87     2.2     9.9
bgmaps-map/AR0332SR                 56x59  scen     130       8     101    15.26     9.58     4.82     2.57    26.06     2.7    10.1
bgmaps-map/AR0334SR                 60x64  rand    1000       7      70    14.41     8.10     3.54     1.80    18.53     2.3    10.3
bgmaps-map/AR0334SR                 60x64  scen     130       8      89    15.85     9.11     5.13     2.54    23.26     2.6     9.2
bgmaps-map/AR0335SR                 52x54  rand    1000       6      47    11.06     7.39     3.02     1.55    13.36     1.8     8.6
bgmaps-map/AR0335SR                 52x54  scen      90       6      53    11.87     7.83     4.06     2.07    14.18     1.8     6.8
bgmaps-map/AR0400SR               240x256  rand    1000     118    4817   135.52    54.45    44.90    24.89  1108.51    20.4    44.5
bgmaps-map/AR0400SR               240x256  scen    1350     205    7993   169.61    72.19    67.42    38.59  1767.79    24.5    45.8
bgmaps-map/AR0401SR                 52x59  rand    1000      11     179    17.40    10.28     4.61     2.40    40.38     3.9    16.8
bgmaps-map/AR0401SR                 52x59  scen     150      12     205    17.99    11.11     5.56     2.91    45.86     4.1    15.7
bgmaps-map/AR0402SR                 56x59  rand    1000      11     110    15.38     8.93     4.33     2.35    26.65     3.0    11.4
bgmaps-map/AR0402SR                 56x59  scen     150      13     137    15.98    10.08     5.63     3.12    32.92     3.3    10.6
bgmaps-map/AR0403SR                 56x59  rand    1000      10     104    15.23     8.94     4.38     2.39    26.32     2.9    11.0
bgmaps-map/AR0403SR                 56x59  scen     140      11     125    15.45     9.57     5.46     2.94    30.40     3.2    10.3
bgmaps-map/AR0404SR               204x251  rand    1000      59    2205    71.57    34.96    27.03    14.44   480.21    13.7    33.3
bgmaps-map/AR0404SR               204x251  scen     830      72    2758    77.40    39.16    31.11    17.22   587.60    15.0    34.1
bgmaps-map/AR0405SR               176x176  rand    1000      64    2137    68.68    32.59    24.05    12.86   467.11    14.3    36.3
bgmaps-map/AR0405SR               176x176  scen     680      82    2861    76.15    36.22    29.98    15.81   618.76    17.1    39.1
bgmaps-map/AR0406SR               244x192  rand    1000     119    2131    87.00    48.50    40.51    23.43   489.86    10.1    20.9
bgmaps-map/AR0406SR               244x192  scen     890     178    3153   105.10    61.60    56.50    33.45   718.55    11.7    21.5
bgmaps-map/AR0407SR                 52x54  rand    1000       6      36     9.97     6.84     2.93     1.56     9.82     1.4     6.3
bgmaps-map/AR0407SR                 52x54  scen      80       6      40    10.16     7.11     3.94     2.07    10.59     1.5     5.1
bgmaps-map/AR0408SR                 50x50  rand    1000       6      31     9.05     6.29     2.43     1.20     8.38     1.3     7.0
bgmaps-map/AR0408SR                 50x50  scen      80       7      44     9.99     6.93     3.58     1.86    11.19     1.6     6.0
bgmaps-map/AR0409SR                 52x54  rand    1000       6      36    10.72     6.82     2.92     1.55     9.82     1.4     6.3
bgmaps-map/AR0409SR                 52x54  scen      80       6      41    10.20     7.10     3.94     2.07    10.80     1.5     5.2
bgmaps-map/AR0410SR                 92x96  rand    1000       8     133    19.44     8.92     4.26     2.16    32.75     3.7    15.2
bgmaps-map/AR0410SR                 92x96  scen     190       9     173    21.16    10.49     5.89     2.81    41.24     3.9    14.7
bgmaps-map/AR0411SR               232x272  rand    1000     120    3616    95.80    46.92    39.88    23.29   775.99    16.5    33.3
bgmaps-map/AR0411SR               232x272  scen    1150     136    4069    97.42    48.30    44.76    26.64   872.87    18.1    32.8
bgmaps-map/AR0412SR               160x160  rand    1000      24     629    48.91    18.15    12.16     6.14   153.94     8.5    25.1
bgmaps-map/AR0412SR               160x160  scen     460      42    1106    61.10    24.64    18.03     9.50   253.50    10.3    26.7
bgmaps-map/AR0413SR               108x118  rand    1000      23     208    17.79    11.24     7.22     4.14    47.73     4.2    11.5
bgmaps-map/AR0413SR               108x118  scen     300      27     263    18.84    12.74     8.55     4.89    61.02     4.8    12.5
bgmaps-map/AR0414SR               280x320  rand    1000      47    1925    97.87    29.51    23.02    12.07   475.88    16.1    39.4
bgmaps-map/AR0414SR               280x320  scen     730      99    3666   124.71    44.99    39.69    21.82   901.93    20.0    41.3
bgmaps-map/AR0415SR                 52x54  rand    1000       6      36    10.43     7.14     3.79     1.61    10.90     1.5     6.7
bgmaps-map/AR0415SR                 52x54  scen      90       7      46    12.05     8.34     4.26     2.30    12.69     1.5     5.5
bgmaps-map/AR0416SR                 52x54  rand    1000       6      49    12.19     8.17     2.90     1.47    13.19     1.6     9.0
bgmaps-map/AR0416SR                 52x54  scen     100       6      59    11.77     7.91     3.78     1.93    15.70     2.0     8.1
bgmaps-map/AR0417SR                 52x54  rand    1000       8      63    12.50     8.36     3.90     2.15    17.10     2.0     8.0
bgmaps-map/AR0417SR                 52x54  scen     100       8      64    12.84     8.95     4.80     2.58    17.45     2.0     6.8
bgmaps-map/AR0418SR                 84x75  rand    1000       3      65    19.99     7.88     2.96     1.17    18.15     2.3    15.6
bgmaps-map/AR0418SR                 84x75  scen     120       3      87    18.46     8.11     4.42     1.42    22.67     2.8    16.0
bgmaps-map/AR0420SR                 60x64  rand    1000       4      43    11.98     7.58     2.71     1.28    11.82     1.6     9.2
bgmaps-map/AR0420SR                 60x64  scen      90       5      49    12.53     7.51     3.74     1.79    13.42     1.8     7.5
bgmaps-map/AR0500SR               320x320  rand    1000      97    4162   126.81    48.72    45.11    24.07  1030.53    21.2    42.8
bgmaps-map/AR0500SR               320x320  scen    1320     171    7170   153.08    69.75    66.18    37.20  1714.49    24.6    46.1
------------------------------------------------------------------------------------------------------------------------------------
map                                  size   tag   pairs  JPSexp   A*exp      cC#       cC      wC#       wC     A*us   A*/cC   A*/wC
------------------------------------------------------------------------------------------------------------------------------------
bgmaps-map/AR0501SR                 56x54  rand    1000       8      69    11.94     7.86     3.55     1.92    17.64     2.2     9.2
bgmaps-map/AR0501SR                 56x54  scen     100       7      66    11.30     7.48     4.39     2.38    16.48     2.2     6.9
bgmaps-map/AR0502SR                 56x70  rand    1000       9      92    14.20     8.64     4.15     2.23    22.69     2.6    10.2
bgmaps-map/AR0502SR                 56x70  scen     140      12     120    15.45     9.67     5.51     3.07    29.32     3.0     9.5
bgmaps-map/AR0503SR                 68x75  rand    1000      12      86    12.96     8.66     4.55     2.53    21.78     2.5     8.6
bgmaps-map/AR0503SR                 68x75  scen     150      16     125    14.73    10.29     6.01     3.46    30.00     2.9     8.7
bgmaps-map/AR0504SR               160x160  rand    1000      46     738    51.78    25.07    16.64     9.80   173.49     6.9    17.7
bgmaps-map/AR0504SR               160x160  scen     400      62    1018    59.23    29.28    21.52    12.88   239.40     8.2    18.6
bgmaps-map/AR0505SR               160x160  rand    1000      45     937    58.61    25.91    18.14     9.85   227.29     8.8    23.1
bgmaps-map/AR0505SR               160x160  scen     490      89    1877    85.40    41.60    31.44    18.67   457.36    11.0    24.5
bgmaps-map/AR0506SR                 68x70  rand    1000      11     104    14.54     9.25     4.54     2.46    25.28     2.7    10.3
bgmaps-map/AR0506SR                 68x70  scen     140      14     146    16.44    10.62     6.02     3.43    35.30     3.3    10.3
bgmaps-map/AR0507SR                 52x54  rand    1000       5      57    12.56     8.08     2.79     1.35    14.49     1.8    10.8
bgmaps-map/AR0507SR                 52x54  scen      90       5      51    12.34     7.65     3.59     1.65    13.35     1.7     8.1
bgmaps-map/AR0508SR                 52x54  rand    1000       6      49    10.77     7.01     2.74     1.38    12.70     1.8     9.2
bgmaps-map/AR0508SR                 52x54  scen     100       7      68    12.08     7.80     4.00     2.05    17.31     2.2     8.4
bgmaps-map/AR0509SR                 72x75  rand    1000      18     153    17.77    11.34     6.46     3.74    37.89     3.3    10.1
bgmaps-map/AR0509SR                 72x75  scen     170      23     198    20.97    13.76     8.52     5.07    47.84     3.5     9.4
bgmaps-map/AR0510SR               128x118  rand    1000      39     425    38.33    20.19    13.67     8.21   102.61     5.1    12.5
bgmaps-map/AR0510SR               128x118  scen     360      58     688    50.29    26.11    19.90    11.70   165.85     6.4    14.2
bgmaps-map/AR0511SR               108x112  rand    1000      20     321    28.52    14.94     9.65     5.00    79.24     5.3    15.9
bgmaps-map/AR0511SR               108x112  scen     290      26     446    33.79    18.47    11.74     6.67   108.74     5.9    16.3
bgmaps-map/AR0512SR                 56x54  rand    1000       5      48    12.23     6.99     3.52     1.35    13.71     2.0    10.2
bgmaps-map/AR0512SR                 56x54  scen      90       5      51    12.05     6.92     3.92     1.87    13.85     2.0     7.4
bgmaps-map/AR0513SR                 80x80  rand    1000      11     164    21.95    11.13     5.62     3.00    42.86     3.8    14.3
bgmaps-map/AR0513SR                 80x80  scen     200      15     244    25.21    13.82     7.99     4.17    61.31     4.4    14.7
bgmaps-map/AR0514SR                 64x64  rand    1000      10     118    14.65    10.22     4.60     2.42    29.28     2.9    12.1
bgmaps-map/AR0514SR                 64x64  scen     140      11     128    15.79    10.28     5.51     3.03    31.01     3.0    10.2
bgmaps-map/AR0515SR                 64x64  rand    1000      10     118    16.09     9.79     4.69     2.49    29.16     3.0    11.7
bgmaps-map/AR0515SR                 64x64  scen     140      11     136    15.97    10.37     5.60     3.07    32.69     3.2    10.7
bgmaps-map/AR0516SR               244x187  rand    1000      36     983    44.19    22.16    15.39     8.67   238.41    10.8    27.5
bgmaps-map/AR0516SR               244x187  scen     650      53    1551    50.86    25.89    21.07    11.71   372.34    14.4    31.8
bgmaps-map/AR0517SR                 52x80  rand    1000       3      53    14.54     6.83     2.43     1.02    14.31     2.1    14.0
bgmaps-map/AR0517SR                 52x80  scen      90       3      51    14.11     6.92     3.68     1.32    13.40     1.9    10.1
bgmaps-map/AR0526SR                 72x80  rand    1000       9     154    14.80     9.21     4.38     2.17    35.57     3.9    16.4
bgmaps-map/AR0526SR                 72x80  scen     160      10     157    15.37    10.07     4.91     2.52    35.84     3.6    14.2
bgmaps-map/AR0527SR                 52x54  rand    1000       5      48    10.43     6.84     2.67     1.34    13.14     1.9     9.8
bgmaps-map/AR0527SR                 52x54  scen      90       6      54    10.50     7.09     3.57     1.81    13.64     1.9     7.5
bgmaps-map/AR0528SR                 52x54  rand    1000       6      47    10.52     7.06     2.91     1.48    12.25     1.7     8.3
bgmaps-map/AR0528SR                 52x54  scen     100       7      60    11.32     7.68     3.91     2.08    15.65     2.0     7.5
bgmaps-map/AR0529SR                 60x64  rand    1000      10     100    14.88     8.78     4.16     2.24    25.22     2.9    11.3
bgmaps-map/AR0529SR                 60x64  scen     150      13     152    16.58    10.59     5.76     3.27    37.01     3.5    11.3
bgmaps-map/AR0530SR                 60x64  rand    1000      14     210    19.65    11.77     5.06     2.68    46.89     4.0    17.5
bgmaps-map/AR0530SR                 60x64  scen     200      19     284    21.93    13.24     6.81     3.65    61.06     4.6    16.7
bgmaps-map/AR0531SR                 52x54  rand    1000       5      51    12.19     7.19     3.42     1.28    13.95     1.9    10.9
bgmaps-map/AR0531SR                 52x54  scen     110       6      73    13.54     8.02     3.84     1.85    18.29     2.3     9.9
bgmaps-map/AR0600SR               192x214  rand    1000      32     550    30.15    15.62    11.91     6.12   124.93     8.0    20.4
bgmaps-map/AR0600SR               192x214  scen     590      43     746    33.13    17.84    13.78     7.64   167.99     9.4    22.0
bgmaps-map/AR0601SR               160x160  rand    1000      24     452    30.13    15.56    11.81     6.38   107.84     6.9    16.9
bgmaps-map/AR0601SR               160x160  scen     490      34     640    33.10    18.04    14.15     8.17   145.98     8.1    17.9
------------------------------------------------------------------------------------------------------------------------------------
map                                  size   tag   pairs  JPSexp   A*exp      cC#       cC      wC#       wC     A*us   A*/cC   A*/wC
------------------------------------------------------------------------------------------------------------------------------------
bgmaps-map/AR0602SR               308x299  rand    1000     236    5358   163.82    84.53    79.89    47.38  1174.39    13.9    24.8
bgmaps-map/AR0602SR               308x299  scen    1370     285    6399   172.59    92.97    93.36    55.29  1397.21    15.0    25.3
bgmaps-map/AR0603SR               236x267  rand    1000     100    3201    95.50    48.22    39.16    22.32   720.26    14.9    32.3
bgmaps-map/AR0603SR               236x267  scen    1400     149    4613   111.82    57.88    53.67    30.62  1017.91    17.6    33.2
bgmaps-map/AR0604SR                92x102  rand    1000      25     485    33.98    17.02    10.17     5.56   114.73     6.7    20.6
bgmaps-map/AR0604SR                92x102  scen     410      41     856    42.85    22.76    14.58     8.25   195.99     8.6    23.7
bgmaps-map/AR0605SR                 80x86  rand    1000       8     154    29.20    11.89     5.38     2.60    39.98     3.4    15.4
bgmaps-map/AR0605SR                 80x86  scen     190       9     192    31.01    12.68     8.15     3.32    48.61     3.8    14.6
bgmaps-map/AR0606SR                 56x59  rand    1000       3      61    18.93     8.30     3.11     1.26    17.22     2.1    13.7
bgmaps-map/AR0606SR                 56x59  scen     110       4      71    19.85     8.73     5.31     1.72    19.08     2.2    11.1
bgmaps-map/AR0607SR                 60x54  rand    1000      11      85    15.40     9.67     5.18     3.00    23.47     2.4     7.8
bgmaps-map/AR0607SR                 60x54  scen     130      13     100    17.47    11.21     7.13     4.06    26.36     2.4     6.5
bgmaps-map/AR0700SR               320x320  rand    1000     193    4914   204.78    86.50    76.16    43.81  1242.96    14.4    28.4
bgmaps-map/AR0700SR               320x320  scen    1300     427    9817   302.71   140.35   148.30    89.54  2468.16    17.6    27.6
bgmaps-map/AR0701SR               204x235  rand    1000      80    1381    81.10    39.13    30.39    17.64   328.87     8.4    18.6
bgmaps-map/AR0701SR               204x235  scen     700     125    2129   101.36    52.29    43.61    25.80   518.78     9.9    20.1
bgmaps-map/AR0702SR                 80x86  rand    1000      24     173    21.41    13.43     8.43     4.90    44.28     3.3     9.0
bgmaps-map/AR0702SR                 80x86  scen     190      27     196    22.89    14.89     9.83     5.84    49.63     3.3     8.5
bgmaps-map/AR0703SR                 50x50  rand    1000       6      31    10.06     6.46     2.47     1.23     8.64     1.3     7.0
bgmaps-map/AR0703SR                 50x50  scen      80       8      47    10.55     7.27     3.71     1.99    12.65     1.7     6.3
bgmaps-map/AR0704SR                 80x80  rand    1000      26     217    22.50    15.38     8.68     5.15    53.42     3.5    10.4
bgmaps-map/AR0704SR                 80x80  scen     240      48     416    37.67    22.22    14.56     8.93    99.55     4.5    11.2
bgmaps-map/AR0705SR                100x86  rand    1000      73     580    42.44    26.51    19.70    12.04   129.83     4.9    10.8
bgmaps-map/AR0705SR                100x86  scen     460      98     787    48.44    32.88    24.95    15.96   174.17     5.3    10.9
bgmaps-map/AR0706SR                 60x64  rand    1000       7      70    13.91     7.90     3.35     1.73    18.41     2.3    10.7
bgmaps-map/AR0706SR                 60x64  scen     140       9     100    15.97     9.03     4.87     2.48    24.93     2.8    10.0
bgmaps-map/AR0707SR                 56x59  rand    1000       7      63    14.32     7.85     3.29     1.70    16.81     2.1     9.9
bgmaps-map/AR0707SR                 56x59  scen     120       8      79    14.77     8.55     4.72     2.39    19.98     2.3     8.4
bgmaps-map/AR0708SR                 52x54  rand    1000       5      51    12.62     7.29     2.64     1.26    13.71     1.9    10.8
bgmaps-map/AR0708SR                 52x54  scen     100       5      57    12.79     7.56     3.86     1.78    14.92     2.0     8.4
bgmaps-map/AR0709SR                 80x80  rand    1000      14     166    20.92    11.07     6.38     3.32    40.61     3.7    12.3
bgmaps-map/AR0709SR                 80x80  scen     190      16     200    22.09    12.59     7.75     4.23    47.98     3.8    11.3
bgmaps-map/AR0710SR                 52x54  rand    1000       5      45    10.21     6.90     2.69     1.36    11.87     1.7     8.7
bgmaps-map/AR0710SR                 52x54  scen     100       6      61    11.05     7.47     3.67     1.91    15.48     2.1     8.1
bgmaps-map/AR0711SR               200x118  rand    1000      34     576    29.86    16.67    12.32     6.80   133.63     8.0    19.7
bgmaps-map/AR0711SR               200x118  scen     580      46     809    34.82    19.62    16.02     8.59   179.32     9.1    20.9
bgmaps-map/AR0712SR                 64x64  rand    1000       9     113    15.82     9.67     4.73     2.29    28.99     3.0    12.7
bgmaps-map/AR0712SR                 64x64  scen     150      11     150    17.68    10.97     5.73     3.09    37.45     3.4    12.1
bgmaps-map/AR0713SR                 60x64  rand    1000      10     100    14.23     9.64     4.26     2.32    26.11     2.7    11.3
bgmaps-map/AR0713SR                 60x64  scen     140      12     138    16.30    10.59     5.82     3.24    34.82     3.3    10.7
da2-map/ca_cave                   183x277  rand    1000      26     828    42.70    17.43    11.73     6.21   202.12    11.6    32.5
da2-map/ca_cave                   183x277  scen     580      40    1368    49.04    21.68    16.58     8.83   328.53    15.2    37.2
da2-map/ca_cavern1_haunted        324x597  rand    1000     198    5753   115.49    64.96    62.56    38.16  1253.06    19.3    32.8
da2-map/ca_cavern1_haunted        324x597  scen    2180     266    7799   134.67    74.28    79.48    49.14  1714.25    23.1    34.9
da2-map/ca_caverns1               324x596  rand    1000     200    5845   115.39    63.41    61.77    37.83  1281.20    20.2    33.9
da2-map/ca_caverns1               324x596  scen    2200     269    7902   135.00    73.73    80.23    49.12  1735.91    23.5    35.3
da2-map/ca_caverns1_mines         324x597  rand    1000     201    5851   122.43    65.35    65.29    39.15  1315.05    20.1    33.6
da2-map/ca_caverns1_mines         324x597  scen    2190     266    7823   138.88    76.14    82.36    49.79  1763.87    23.2    35.4
da2-map/ca_caverns2               389x467  rand    1000     149    3315    90.47    51.23    48.03    29.73   785.74    15.3    26.4
da2-map/ca_caverns2               389x467  scen    1450     207    4723   106.78    61.78    63.31    39.48  1131.02    18.3    28.7
------------------------------------------------------------------------------------------------------------------------------------
map                                  size   tag   pairs  JPSexp   A*exp      cC#       cC      wC#       wC     A*us   A*/cC   A*/wC
------------------------------------------------------------------------------------------------------------------------------------
da2-map/ca_caverns2prc            389x467  rand    1000     108    3216    74.10    38.29    34.56    21.09   736.08    19.2    34.9
da2-map/ca_caverns2prc            389x467  scen    1470     156    4599    89.02    47.76    47.82    29.02  1047.05    21.9    36.1
da2-map/dr_0_deeproads            560x733  rand    1000     260   16982   183.20    91.95    97.54    60.32  3721.19    40.5    61.7
da2-map/dr_0_deeproads            560x733  scen    3590     351   23115   221.88   110.24   125.20    75.55  4992.69    45.3    66.1
da2-map/dr_dungeon                314x261  rand    1000      51    2317    74.40    30.06    22.46    12.61   558.89    18.6    44.3
da2-map/dr_dungeon                314x261  scen     960      75    3493    82.24    36.53    30.04    17.11   838.82    23.0    49.0
da2-map/dr_primevalentrance       315x221  rand    1000      39    1492    50.81    24.06    16.74     9.40   353.45    14.7    37.6
da2-map/dr_primevalentrance       315x221  scen     860      59    2352    58.43    28.07    23.71    12.37   553.75    19.7    44.8
da2-map/dr_primevaltomb           722x657  rand    1000     132    5840    93.77    51.58    49.81    31.27  1369.75    26.6    43.8
da2-map/dr_primevaltomb           722x657  scen    2290     184    8083   110.61    61.82    65.04    40.62  1865.27    30.2    45.9
da2-map/dr_slavers                315x260  rand    1000      54    2334    74.85    31.76    23.60    13.15   560.11    17.6    42.6
da2-map/dr_slavers                315x260  scen     910      71    3225    82.59    34.56    28.86    16.15   771.31    22.3    47.7
da2-map/ht_0_hightown             514x514  rand    1000     142    5816   146.99    60.10    57.83    33.32  1357.68    22.6    40.7
da2-map/ht_0_hightown             514x514  scen    1400     212    8836   167.54    72.81    76.72    46.63  2059.69    28.3    44.2
da2-map/ht_0_hightown_a2          514x514  rand    1000     143    5913   151.57    60.01    57.99    33.82  1426.82    23.8    42.2
da2-map/ht_0_hightown_a2          514x514  scen    1370     206    8581   170.47    73.15    77.84    45.68  2060.91    28.2    45.1
da2-map/ht_0_hightown_a3          514x514  rand    1000     144    5924   149.60    60.10    56.80    33.38  1394.77    23.2    41.8
da2-map/ht_0_hightown_a3          514x514  scen    1360     206    8500   173.62    72.88    76.86    45.65  1984.81    27.2    43.5
da2-map/ht_0_hightown_n           514x514  rand    1000     142    5939   157.36    63.20    60.16    35.23  1457.45    23.1    41.4
da2-map/ht_0_hightown_n           514x514  scen    1400     207    8801   179.47    84.03    81.05    48.72  2134.05    25.4    43.8
da2-map/ht_bartrand_n             133x270  rand    1000      46    1224    52.63    25.35    17.05    10.02   288.59    11.4    28.8
da2-map/ht_bartrand_n             133x270  scen     570      72    1973    63.36    31.20    24.46    14.17   453.46    14.5    32.0
da2-map/ht_brothel_n              133x270  rand    1000      58    1137    53.37    26.88    19.63    11.79   264.81     9.9    22.5
da2-map/ht_brothel_n              133x270  scen     530      76    1557    59.61    31.48    24.48    14.67   350.21    11.1    23.9
da2-map/ht_chantry                162x141  rand    1000      44    1230    56.63    24.80    16.68     9.67   280.17    11.3    29.0
da2-map/ht_chantry                162x141  scen     460      56    1558    59.44    28.26    20.83    12.01   355.00    12.6    29.6
da2-map/ht_chantry_n              162x141  rand    1000      43    1212    55.56    24.56    16.41     9.45   276.29    11.3    29.2
da2-map/ht_chantry_n              162x141  scen     450      54    1502    57.43    27.23    20.00    11.48   340.26    12.5    29.6
da2-map/ht_keep                   281x357  rand    1000      39    1838    58.40    24.65    18.80    10.11   442.17    17.9    43.7
da2-map/ht_keep                   281x357  scen     770      50    2451    61.67    27.88    21.80    12.35   591.09    21.2    47.9
da2-map/ht_keep_n                 281x357  rand    1000      39    1823    56.25    26.12    17.93    10.05   440.57    16.9    43.8
da2-map/ht_keep_n                 281x357  scen     800      53    2662    63.83    29.37    22.88    12.94   645.47    22.0    49.9
da2-map/ht_mansion2               358x308  rand    1000     132    3241    92.95    48.13    41.99    25.43   736.21    15.3    29.0
da2-map/ht_mansion2               358x308  scen    1040     179    4389   105.31    56.88    53.60    33.15  1002.71    17.6    30.2
da2-map/ht_mansion2b              358x308  rand    1000     136    3581    99.71    52.21    44.15    27.03   837.67    16.0    31.0
da2-map/ht_mansion2b              358x308  scen    1030     164    4429   107.43    56.86    52.87    31.97  1026.79    18.1    32.1
da2-map/ht_mansion_n              133x270  rand    1000      43    1252    56.50    25.33    17.07     9.76   297.24    11.7    30.5
da2-map/ht_mansion_n              133x270  scen     580      65    2004    66.57    31.04    24.13    13.68   463.73    14.9    33.9
da2-map/ht_playershouse_n          185x68  rand    1000      24     585    30.28    15.80     9.30     5.27   132.81     8.4    25.2
da2-map/ht_playershouse_n          185x68  scen     360      28     724    33.79    17.34    11.76     6.35   168.91     9.7    26.6
da2-map/ht_store                    37x37  rand    1000       4      35    10.53     6.81     2.35     1.12    10.40     1.5     9.3
da2-map/ht_store                    37x37  scen      80       4      47    11.77     7.96     3.48     1.60    12.75     1.6     8.0
da2-map/lt_0_lowtown              514x514  rand    1000      66    3622    83.71    37.13    30.83    17.97   901.52    24.3    50.2
da2-map/lt_0_lowtown              514x514  scen    1180      95    5368    90.79    42.64    39.81    23.30  1337.15    31.4    57.4
da2-map/lt_0_lowtown_a2           514x514  rand    1000      66    3605    79.30    36.31    29.19    16.47   857.37    23.6    52.1
da2-map/lt_0_lowtown_a2           514x514  scen    1250     101    5869    91.78    43.85    38.67    22.54  1404.51    32.0    62.3
da2-map/lt_0_lowtown_a2_n         514x514  rand    1000      74    3623    84.19    37.54    31.96    18.09   886.93    23.6    49.0
da2-map/lt_0_lowtown_a2_n         514x514  scen    1230     119    5729    99.44    46.95    44.00    26.01  1415.48    30.2    54.4
da2-map/lt_0_lowtown_a2_n_c       514x514  rand    1000      87    4878   101.92    44.53    39.37    22.88  1200.97    27.0    52.5
da2-map/lt_0_lowtown_a2_n_c       514x514  scen    1280     116    6703   109.59    49.95    47.83    28.57  1664.83    33.3    58.3
------------------------------------------------------------------------------------------------------------------------------------
map                                  size   tag   pairs  JPSexp   A*exp      cC#       cC      wC#       wC     A*us   A*/cC   A*/wC
------------------------------------------------------------------------------------------------------------------------------------
da2-map/lt_0_lowtown_a3_n_c       514x514  rand    1000      85    4578    96.19    41.87    35.61    20.22  1086.71    26.0    53.7
da2-map/lt_0_lowtown_a3_n_c       514x514  scen    1300     117    6783   103.77    47.37    44.46    26.14  1604.47    33.9    61.4
da2-map/lt_0_lowtown_docks        514x386  rand    1000      60    2928    75.33    31.09    26.57    15.16   696.22    22.4    45.9
da2-map/lt_0_lowtown_docks        514x386  scen    1030      75    3699    80.28    35.75    32.62    18.05   881.45    24.7    48.8
da2-map/lt_0_lowtown_docks_a3     514x386  rand    1000      50    2507    69.09    29.58    24.49    13.39   600.46    20.3    44.8
da2-map/lt_0_lowtown_docks_a3     514x386  scen    1040      68    3555    76.19    33.26    29.82    16.84   857.41    25.8    50.9
da2-map/lt_0_lowtown_docks_a3~    514x386  rand    1000      50    2507    70.30    32.21    26.42    15.05   608.73    18.9    40.5
da2-map/lt_0_lowtown_docks_a3~    514x386  scen    1050      70    3642    76.85    36.19    32.20    18.26   890.71    24.6    48.8
da2-map/lt_0_lowtown_docks_n      514x386  rand    1000      60    2928    73.94    33.14    26.44    14.98   677.50    20.4    45.2
da2-map/lt_0_lowtown_docks_n      514x386  scen    1030      75    3689    76.92    34.41    30.89    17.77   860.15    25.0    48.4
da2-map/lt_0_lowtown_n            514x514  rand    1000      65    3685    83.41    36.56    29.74    16.97   906.86    24.8    53.4
da2-map/lt_0_lowtown_n            514x514  scen    1200      93    5476    92.35    41.98    37.55    21.28  1366.24    32.5    64.2
da2-map/lt_backalley_g            130x130  rand    1000      17     774    44.37    16.24     9.56     5.01   189.81    11.7    37.9
da2-map/lt_backalley_g            130x130  scen     420      23    1082    49.56    19.74    11.91     6.30   265.09    13.4    42.1
da2-map/lt_backalley_n            130x130  rand    1000      17     774    42.56    15.94     8.98     4.70   183.33    11.5    39.0
da2-map/lt_backalley_n            130x130  scen     420      23    1099    45.98    18.24    11.59     6.00   260.37    14.3    43.4
da2-map/lt_darktown               251x292  rand    1000      57    2105    65.15    29.64    23.13    13.00   493.20    16.6    37.9
da2-map/lt_darktown               251x292  scen     880      86    3146    75.10    36.65    30.77    17.73   728.22    19.9    41.1
da2-map/lt_foundry_n               109x92  rand    1000      28    1176    44.69    21.06    11.13     6.08   248.96    11.8    41.0
da2-map/lt_foundry_n               109x92  scen     510      33    1468    49.24    22.76    13.03     7.06   310.96    13.7    44.1
da2-map/lt_gallowscourtyard       514x642  rand    1000      60    2312    70.78    30.01    24.89    13.97   531.70    17.7    38.1
da2-map/lt_gallowscourtyard       514x642  scen    1030      99    3963    84.89    35.63    36.01    20.57   882.23    24.8    42.9
da2-map/lt_gallowscourtyard_n     514x642  rand    1000      18     753    37.65    16.01    10.16     5.20   177.52    11.1    34.1
da2-map/lt_gallowscourtyard_n     514x642  scen     730      26    1344    43.37    19.65    12.93     7.20   320.24    16.3    44.5
da2-map/lt_gallowsprison_n        116x242  rand    1000       6     178    26.53     8.51     4.27     2.05    45.59     5.4    22.2
da2-map/lt_gallowsprison_n        116x242  scen     320       8     306    30.82     9.96     5.95     2.74    78.92     7.9    28.8
da2-map/lt_gallowstemplar         251x180  rand    1000      51    1345    60.26    26.44    19.76    11.35   324.23    12.3    28.6
da2-map/lt_gallowstemplar         251x180  scen     610      59    1642    60.54    27.96    21.43    12.80   401.59    14.4    31.4
da2-map/lt_gallowstemplar_f       251x180  rand    1000      49    1275    55.37    24.35    17.94    10.24   296.33    12.2    29.0
da2-map/lt_gallowstemplar_f       251x180  scen     600      61    1616    57.10    26.74    22.30    12.27   379.22    14.2    30.9
da2-map/lt_gallowstemplar_n       251x180  rand    1000      51    1352    56.63    25.54    18.74    11.13   327.92    12.8    29.5
da2-map/lt_gallowstemplar_n       251x180  scen     620      64    1725    62.89    29.88    22.51    13.67   415.28    13.9    30.4
da2-map/lt_gamlenshouse_n         156x102  rand    1000       6      85    13.27     7.15     3.28     1.64    21.10     3.0    12.8
da2-map/lt_gamlenshouse_n         156x102  scen     130       6      99    13.00     7.41     4.15     2.18    24.65     3.3    11.3
da2-map/lt_hangedman              129x135  rand    1000      43     864    39.59    21.04    14.52     8.27   195.98     9.3    23.7
da2-map/lt_hangedman              129x135  scen     520      67    1342    49.22    26.87    19.70    11.74   296.50    11.0    25.3
da2-map/lt_hangedman_n            129x135  rand    1000      43     864    41.76    21.22    15.36     9.11   201.87     9.5    22.2
da2-map/lt_hangedman_n            129x135  scen     500      62    1251    49.78    26.42    19.81    12.07   288.77    10.9    23.9
da2-map/lt_house                    54x53  rand    1000       8      94    14.16     8.22     3.40     1.83    23.00     2.8    12.6
da2-map/lt_house                    54x53  scen      20       2       7     7.10     5.39     4.12     1.77     2.33     0.4     1.3
da2-map/lt_ruinedhouse_n          156x102  rand    1000       6      85    13.90     7.13     3.24     1.67    21.69     3.0    13.0
da2-map/lt_ruinedhouse_n          156x102  scen     130       7      96    13.49     7.92     4.28     2.14    23.76     3.0    11.1
da2-map/lt_shop                   156x102  rand    1000       7      88    11.79     7.03     3.43     1.80    21.68     3.1    12.0
da2-map/lt_shop                   156x102  scen     130       9     118    12.38     7.49     4.35     2.36    27.91     3.7    11.8
da2-map/lt_undercitydungeon       184x177  rand    1000      86    2883    82.21    35.76    28.74    16.18   620.85    17.4    38.4
da2-map/lt_undercitydungeon       184x177  scen     930     111    3723    89.30    41.83    35.19    19.85   791.89    18.9    39.9
da2-map/lt_undercityencounter     128x283  rand    1000      44    2101    67.32    25.53    18.38    10.24   482.32    18.9    47.1
da2-map/lt_undercityencounter     128x283  scen     750      53    2634    72.09    29.03    22.52    12.11   599.81    20.7    49.5
da2-map/lt_undercityserialkil~    184x177  rand    1000     102    2751    83.98    39.85    31.65    18.27   596.04    15.0    32.6
da2-map/lt_undercityserialkil~    184x177  scen     910     139    3756    96.79    48.29    40.92    23.91   797.57    16.5    33.4
------------------------------------------------------------------------------------------------------------------------------------
map                                  size   tag   pairs  JPSexp   A*exp      cC#       cC      wC#       wC     A*us   A*/cC   A*/wC
------------------------------------------------------------------------------------------------------------------------------------
da2-map/lt_warehouse              194x130  rand    1000      28     958    41.94    17.92    11.76     6.54   217.63    12.1    33.3
da2-map/lt_warehouse              194x130  scen     450      36    1341    44.24    20.97    14.75     8.11   299.36    14.3    36.9
da2-map/lt_warehouse_n            194x130  rand    1000      26     890    40.09    17.59    11.87     6.29   203.81    11.6    32.4
da2-map/lt_warehouse_n            194x130  scen     450      36    1296    44.18    20.99    14.97     8.24   285.36    13.6    34.6
da2-map/w_blightlands             514x514  rand    1000     115    4599    86.31    48.21    46.52    27.41  1030.52    21.4    37.6
da2-map/w_blightlands             514x514  scen    2150     174    6705   108.88    60.08    63.99    39.26  1491.75    24.8    38.0
da2-map/w_bonepit                 514x450  rand    1000      55    2949    67.15    28.74    22.97    12.36   694.19    24.2    56.2
da2-map/w_bonepit                 514x450  scen    1120      92    5090    82.34    35.48    33.46    19.40  1177.67    33.2    60.7
da2-map/w_bonepitdestroyed_a3     514x450  rand    1000      70    6863   107.69    38.51    33.34    17.19  1499.28    38.9    87.2
da2-map/w_bonepitdestroyed_a3     514x450  scen    1720      99    9968   117.85    43.30    40.31    22.42  2125.94    49.1    94.8
da2-map/w_bonepitmining_a2        514x450  rand    1000      55    2878    67.44    28.85    23.18    12.68   653.23    22.6    51.5
da2-map/w_bonepitmining_a2        514x450  scen    1140      91    4884    76.84    34.70    33.21    18.68  1082.26    31.2    57.9
da2-map/w_encounter1              258x514  rand    1000      17     643    36.64    16.45     9.42     5.10   155.82     9.5    30.6
da2-map/w_encounter1              258x514  scen     520      25     969    39.51    18.07    12.98     6.80   234.44    13.0    34.5
da2-map/w_encounter2              514x514  rand    1000      29    3277    83.39    28.36    22.64    11.30   796.50    28.1    70.5
da2-map/w_encounter2              514x514  scen    1150      43    5474    90.34    32.40    29.40    15.36  1341.49    41.4    87.3
da2-map/w_encounter2_camp         514x514  rand    1000      37    3812    84.16    29.91    23.83    12.40   886.65    29.6    71.5
da2-map/w_encounter2_camp         514x514  scen    1190      51    5907    90.91    34.14    30.19    15.92  1376.14    40.3    86.4
da2-map/w_encounter3              386x642  rand    1000      28    1054    38.15    19.99    14.70     7.75   257.59    12.9    33.2
da2-map/w_encounter3              386x642  scen     850      48    1844    47.32    25.13    20.11    11.44   444.79    17.7    38.9
da2-map/w_sundermount             770x770  rand    1000     103    5526   114.13    54.73    49.03    28.90  1325.33    24.2    45.9
da2-map/w_sundermount             770x770  scen    1730     155    8162   130.69    64.97    66.66    38.77  1934.42    29.8    49.9
da2-map/w_woundedcoast            642x578  rand    1000     191    7419   138.50    74.23    74.27    44.93  1749.10    23.6    38.9
da2-map/w_woundedcoast            642x578  scen    2100     235    9356   147.61    80.64    84.21    53.19  2188.37    27.1    41.1
dao-map/arena                       49x49  rand    1000       6      83    19.55     8.74     3.77     1.73    21.15     2.4    12.2
dao-map/arena                       49x49  scen     130       6      89    20.17     9.18     5.85     2.31    22.66     2.5     9.8
dao-map/arena2                    281x209  rand    1000      48    2904   105.94    32.57    23.90    12.11   673.60    20.7    55.6
dao-map/arena2                    281x209  scen     910      87    5519   128.22    44.30    36.97    19.92  1287.08    29.1    64.6
dao-map/brc000d                   257x261  rand    1000     104    1997   120.30    44.32    38.94    21.91   466.14    10.5    21.3
dao-map/brc000d                   257x261  scen     850     258    4637   183.08    77.37    80.77    48.28  1070.31    13.8    22.2
dao-map/brc100d                   512x492  rand    1000     204    6188   153.39    72.13    70.28    41.30  1428.66    19.8    34.6
dao-map/brc100d                   512x492  scen    1360     317    9259   183.82    90.40   101.03    61.07  2117.82    23.4    34.7
dao-map/brc101d                   384x639  rand    1000     122    5299   132.13    48.08    47.42    28.24  1252.22    26.0    44.3
dao-map/brc101d                   384x639  scen    1570     173    7462   138.77    62.71    63.12    37.24  1779.78    28.4    47.8
dao-map/brc200d                   528x209  rand    1000      92    2736    78.76    40.38    31.42    19.29   659.99    16.3    34.2
dao-map/brc200d                   528x209  scen    1280     174    5223   105.62    56.46    53.22    33.02  1274.20    22.6    38.6
dao-map/brc201d                   391x388  rand    1000     165    5712   125.93    59.04    56.68    33.87  1236.54    20.9    36.5
dao-map/brc201d                   391x388  scen    2090     245    8492   150.72    73.69    79.22    48.50  1795.35    24.4    37.0
dao-map/brc202d                   530x481  rand    1000     423   11846   241.86   125.26   133.11    83.71  2826.19    22.6    33.8
dao-map/brc202d                   530x481  scen    2550     581   16216   286.71   153.29   175.51   111.76  3766.20    24.6    33.7
dao-map/brc203d                   274x391  rand    1000     120    3499   101.16    47.81    40.03    24.10   828.60    17.3    34.4
dao-map/brc203d                   274x391  scen    1290     183    5447   119.34    60.25    55.61    34.39  1285.48    21.3    37.4
dao-map/brc204d                   431x429  rand    1000     123    3726    99.32    47.26    41.66    25.49   900.10    19.0    35.3
dao-map/brc204d                   431x429  scen    1460     182    5573   116.25    58.17    56.41    34.43  1333.26    22.9    38.7
dao-map/brc300d                   359x252  rand    1000      69    1594    45.14    26.36    22.21    12.89   340.73    12.9    26.4
dao-map/brc300d                   359x252  scen    1120      95    2252    54.80    30.45    28.99    17.06   474.60    15.6    27.8
dao-map/brc501d                   225x288  rand    1000     428    9455   452.22   139.17   142.52    82.93  2231.39    16.0    26.9
dao-map/brc501d                   225x288  scen    1410     778   16059   554.22   208.27   239.29   144.73  3559.48    17.1    24.6
dao-map/brc502d                   486x254  rand    1000      15     397    30.81    13.03     7.98     4.28    94.43     7.2    22.1
dao-map/brc502d                   486x254  scen     460      31     927    38.92    18.48    14.11     7.70   216.63    11.7    28.1
------------------------------------------------------------------------------------------------------------------------------------
map                                  size   tag   pairs  JPSexp   A*exp      cC#       cC      wC#       wC     A*us   A*/cC   A*/wC
------------------------------------------------------------------------------------------------------------------------------------
dao-map/brc503d                   320x257  rand    1000     494   11733   443.83   154.01   163.39    91.32  2681.86    17.4    29.4
dao-map/brc503d                   320x257  scen    1570     851   19361   570.00   228.41   283.76   155.91  4243.97    18.6    27.2
dao-map/brc504d                   260x256  rand    1000     623   11673   392.34   174.76   180.31   109.17  2612.29    14.9    23.9
dao-map/brc504d                   260x256  scen    1610     862   15608   450.07   212.06   241.84   147.30  3390.20    16.0    23.0
dao-map/brc505d                   261x193  rand    1000     496    7107   351.01   152.15   148.45    91.89  1652.00    10.9    18.0
dao-map/brc505d                   261x193  scen    1510    1061   15004   554.12   267.55   304.86   191.22  3366.87    12.6    17.6
dao-map/brc997d                   256x256  rand    1000      37    1001    78.91    25.64    20.83    10.72   245.29     9.6    22.9
dao-map/brc997d                   256x256  scen     660      62    1917    95.93    36.05    28.66    16.55   458.72    12.7    27.7
dao-map/brc999d                   518x512  rand    1000      11     437    47.36    15.45     9.26     4.20   109.19     7.1    26.0
dao-map/brc999d                   518x512  scen     450      17     883    53.86    18.79    14.95     6.02   208.50    11.1    34.6
dao-map/combat                    177x193  rand    1000       5    1033   185.71    19.54    17.39     3.88   258.59    13.2    66.6
dao-map/combat                    177x193  scen     680       7    2139   216.46    24.97    23.70     5.89   555.26    22.2    94.3
dao-map/combat2                   177x193  rand    1000       5     981   176.40    18.21    14.84     3.62   240.22    13.2    66.4
dao-map/combat2                   177x193  scen     680       7    2165   204.44    23.47    19.96     5.58   533.72    22.7    95.7
dao-map/den000d                   503x351  rand    1000     103    6888   195.58    62.57    54.76    27.38  1691.06    27.0    61.8
dao-map/den000d                   503x351  scen    1310     171   11322   216.27    74.78    75.66    41.15  2850.06    38.1    69.3
dao-map/den001d                    211x80  rand    1000      21     880    51.88    17.91    10.77     5.59   210.17    11.7    37.6
dao-map/den001d                    211x80  scen     480      21     945    51.60    19.57    12.59     6.08   225.85    11.5    37.1
dao-map/den005d                   241x328  rand    1000     156    4595   103.50    52.10    45.82    28.43  1037.38    19.9    36.5
dao-map/den005d                   241x328  scen    1500     246    7162   127.82    67.17    65.92    41.01  1598.11    23.8    39.0
dao-map/den009d                     50x34  rand    1000       9     174    21.22    11.25     4.19     2.03    41.07     3.7    20.3
dao-map/den009d                     50x34  scen     170      11     241    22.80    13.50     5.58     2.77    54.49     4.0    19.6
dao-map/den011d                   247x167  rand    1000      80    2135    80.14    38.32    28.57    16.73   499.20    13.0    29.8
dao-map/den011d                   247x167  scen     750     106    2836    88.29    42.84    35.58    21.03   656.88    15.3    31.2
dao-map/den012d                   310x350  rand    1000     120    4327   128.34    53.00    43.28    26.72  1017.74    19.2    38.1
dao-map/den012d                   310x350  scen    1180     174    6377   140.43    60.98    57.64    34.64  1456.99    23.9    42.1
dao-map/den020d                    89x118  rand    1000      24     516    29.53    15.00     8.73     5.07   115.37     7.7    22.8
dao-map/den020d                    89x118  scen     380      33     735    32.36    17.66    11.02     6.47   162.62     9.2    25.1
dao-map/den101d                     73x41  rand    1000      14     210    19.29    11.34     5.42     3.05    48.01     4.2    15.7
dao-map/den101d                     73x41  scen     210      18     294    21.26    13.44     7.20     4.11    64.98     4.8    15.8
dao-map/den200d                   320x455  rand    1000      80    2357    75.77    33.51    28.46    16.57   558.02    16.7    33.7
dao-map/den200d                   320x455  scen    1030     126    3944    91.99    44.32    41.74    24.85   949.79    21.4    38.2
dao-map/den200n                   320x455  rand    1000      85    2304    82.20    37.62    31.90    18.72   567.51    15.1    30.3
dao-map/den200n                   320x455  scen     990     137    3803   103.20    50.39    46.88    28.42   949.39    18.8    33.4
dao-map/den201d                     37x37  rand    1000       5      42    11.05     7.44     2.65     1.33    12.45     1.7     9.3
dao-map/den201d                     37x37  scen     100       6      61    12.79     8.43     4.04     2.05    16.69     2.0     8.1
dao-map/den202d                     39x40  rand    1000       5      49    11.89     7.38     2.60     1.32    13.05     1.8     9.9
dao-map/den202d                     39x40  scen     110       7      97    15.38    10.12     4.19     2.17    24.50     2.4    11.3
dao-map/den203d                     93x77  rand    1000      28     504    30.39    17.23     9.66     5.76   114.61     6.7    19.9
dao-map/den203d                     93x77  scen     330      35     662    33.90    20.25    12.25     7.14   148.20     7.3    20.8
dao-map/den204d                     66x66  rand    1000      13     180    24.82    11.44     6.12     3.23    44.29     3.9    13.7
dao-map/den204d                     66x66  scen     200      19     300    30.92    15.33     9.07     4.93    71.39     4.7    14.5
dao-map/den206d                    50x190  rand    1000      32    1033    44.61    20.21    11.77     6.54   238.21    11.8    36.4
dao-map/den206d                    50x190  scen     580      39    1257    47.92    22.25    14.09     7.76   289.77    13.0    37.3
dao-map/den207d                     38x50  rand    1000       7      84    14.92     8.77     4.20     1.90    21.86     2.5    11.5
dao-map/den207d                     38x50  scen     140       9     121    16.70    10.27     4.96     2.64    30.08     2.9    11.4
dao-map/den308d                    100x88  rand    1000      16     357    30.53    13.38     7.11     3.93    87.95     6.6    22.4
dao-map/den308d                    100x88  scen     290      23     540    33.70    16.14     9.60     5.38   130.69     8.1    24.3
dao-map/den312d                     65x81  rand    1000      22     343    26.32    14.30     7.95     4.74    81.65     5.7    17.2
dao-map/den312d                     65x81  scen     290      28     475    30.45    17.48     9.90     5.91   114.08     6.5    19.3
------------------------------------------------------------------------------------------------------------------------------------
map                                  size   tag   pairs  JPSexp   A*exp      cC#       cC      wC#       wC     A*us   A*/cC   A*/wC
------------------------------------------------------------------------------------------------------------------------------------
dao-map/den400d                   259x268  rand    1000      61    1958   127.40    36.87    30.33    14.98   469.46    12.7    31.3
dao-map/den400d                   259x268  scen     810     113    3771   153.19    47.67    46.97    25.08   906.75    19.0    36.2
dao-map/den401d                   259x113  rand    1000      70    1859    72.54    35.58    25.02    14.66   447.99    12.6    30.6
dao-map/den401d                   259x113  scen     730      85    2252    75.00    36.94    28.63    17.03   542.15    14.7    31.8
dao-map/den403d                     74x49  rand    1000      13     245    24.08    12.10     5.70     3.09    57.45     4.7    18.6
dao-map/den403d                     74x49  scen     200      13     288    25.97    13.65     7.01     3.69    68.25     5.0    18.5
dao-map/den404d                     28x34  rand    1000       6      64    11.35     7.39     2.61     1.31    15.44     2.1    11.8
dao-map/den404d                     28x34  scen     100       7      76    11.22     7.81     3.28     1.78    17.61     2.3     9.9
dao-map/den405d                     74x42  rand    1000       8      93    13.24     8.36     3.75     1.95    23.25     2.8    11.9
dao-map/den405d                     74x42  scen     140       9     112    13.66     8.75     4.68     2.55    26.65     3.0    10.5
dao-map/den407d                     33x57  rand    1000       6      69    13.30     7.75     3.15     1.64    17.07     2.2    10.4
dao-map/den407d                     33x57  scen     140       7      94    15.25     8.86     4.38     2.37    22.76     2.6     9.6
dao-map/den408d                     34x50  rand    1000       6      48    11.73     7.05     2.80     1.46    12.40     1.8     8.5
dao-map/den408d                     34x50  scen     120       8      73    13.15     8.68     4.15     2.21    18.24     2.1     8.3
dao-map/den500d                   288x417  rand    1000     125    6120   133.04    55.70    45.91    26.21  1404.54    25.2    53.6
dao-map/den500d                   288x417  scen    1600     177    8561   143.93    63.51    59.33    34.62  1914.66    30.1    55.3
dao-map/den501d                   320x338  rand    1000     161    4720   136.90    63.76    56.31    33.99  1112.04    17.4    32.7
dao-map/den501d                   320x338  scen    1170     200    6012   139.85    70.18    67.73    39.83  1395.55    19.9    35.0
dao-map/den502d                   211x251  rand    1000      13    1486   108.92    19.69    15.95     5.79   360.92    18.3    62.3
dao-map/den502d                   211x251  scen     680      18    2553   118.04    23.50    19.96     7.67   596.40    25.4    77.8
dao-map/den504d                   158x227  rand    1000      51    1745    74.41    27.74    20.53    10.86   406.85    14.7    37.5
dao-map/den504d                   158x227  scen     630      58    2149    77.95    30.67    23.77    12.48   498.32    16.2    39.9
dao-map/den505d                   288x432  rand    1000     116    5896   130.95    53.15    44.38    25.94  1400.07    26.3    54.0
dao-map/den505d                   288x432  scen    1600     175    8664   144.95    64.07    60.34    35.42  2004.21    31.3    56.6
dao-map/den510d                   385x467  rand    1000     314   11117   268.83   107.67   108.45    64.55  2654.79    24.7    41.1
dao-map/den510d                   385x467  scen    1940     649   20816   379.94   167.52   199.86   126.71  5062.67    30.2    40.0
dao-map/den520d                   256x257  rand    1000      75    3381   131.11    43.21    34.91    18.25   822.01    19.0    45.0
dao-map/den520d                   256x257  scen     870     104    4728   138.54    50.16    43.12    23.28  1133.66    22.6    48.7
dao-map/den600d                   354x169  rand    1000     117    3902    89.51    44.55    37.54    22.17   878.11    19.7    39.6
dao-map/den600d                   354x169  scen    1390     177    5893   109.99    56.80    52.44    31.21  1319.40    23.2    42.3
dao-map/den601d                   374x187  rand    1000     150    5035   118.57    59.93    51.84    31.58  1171.76    19.6    37.1
dao-map/den601d                   374x187  scen    1450     235    7727   151.85    78.57    75.60    46.17  1788.05    22.8    38.7
dao-map/den602d                   710x402  rand    1000     370    9486   192.62   109.37   114.55    73.81  2244.76    20.5    30.4
dao-map/den602d                   710x402  scen    2660     593   14774   262.68   151.33   176.02   113.72  3504.97    23.2    30.8
dao-map/den900d                   128x128  rand    1000      13     392    35.76    12.69     7.42     3.89    94.45     7.4    24.3
dao-map/den900d                   128x128  scen     360      15     536    39.83    15.37    10.36     5.00   129.44     8.4    25.9
dao-map/den901d                   129x128  rand    1000      14     550    53.11    14.65     8.82     4.17   131.29     9.0    31.5
dao-map/den901d                   129x128  scen     440      27    1249    67.07    20.85    14.61     7.08   288.84    13.9    40.8
dao-map/den998d                     62x86  rand    1000      17     207    20.69    11.54     6.56     3.59    49.20     4.3    13.7
dao-map/den998d                     62x86  scen     230      21     282    24.36    13.84     8.12     4.67    65.91     4.8    14.1
dao-map/hrt000d                   408x876  rand    1000     289   12432   433.21   136.53   137.53    74.14  3144.07    23.0    42.4
dao-map/hrt000d                   408x876  scen    2260     584   24205   634.00   222.45   239.91   136.80  6192.35    27.8    45.3
dao-map/hrt001d                   104x112  rand    1000      14     336    30.24    12.38     7.01     3.88    83.31     6.7    21.4
dao-map/hrt001d                   104x112  scen     320      23     571    36.98    16.40    10.33     5.69   137.68     8.4    24.2
dao-map/hrt002d                     49x50  rand    1000      13     118    15.18     9.83     4.87     2.75    29.21     3.0    10.6
dao-map/hrt002d                     49x50  scen     170      20     209    20.27    13.05     7.17     4.26    49.80     3.8    11.7
dao-map/hrt201d                   297x272  rand    1000     119    3106   102.04    50.26    41.56    25.76   742.59    14.8    28.8
dao-map/hrt201d                   297x272  scen    1100     212    5403   132.13    73.59    65.72    41.20  1290.09    17.5    31.3
dao-map/hrt201n                   294x305  rand    1000     162    4329   120.12    62.98    53.96    33.15  1000.87    15.9    30.2
dao-map/hrt201n                   294x305  scen    1180     213    5687   131.52    72.51    65.73    41.30  1300.77    17.9    31.5
------------------------------------------------------------------------------------------------------------------------------------
map                                  size   tag   pairs  JPSexp   A*exp      cC#       cC      wC#       wC     A*us   A*/cC   A*/wC
------------------------------------------------------------------------------------------------------------------------------------
dao-map/isound1                     55x63  rand    1000       5     287    36.46    12.52     5.14     1.98    69.67     5.6    35.2
dao-map/isound1                     55x63  scen     200       5     346    40.52    14.03     6.52     2.31    80.81     5.8    35.0
dao-map/lak100c                   538x793  rand    1000     240    8788   158.58    82.22    82.77    52.51  2070.02    25.2    39.4
dao-map/lak100c                   538x793  scen    1920     353   12869   197.28   102.88   114.73    72.68  3026.08    29.4    41.6
dao-map/lak100d                   538x792  rand    1000     286    9230   170.08    89.37    91.24    57.50  2085.34    23.3    36.3
dao-map/lak100d                   538x792  scen    2040     469   14556   225.42   123.30   140.93    89.06  3323.56    27.0    37.3
dao-map/lak100n                   538x793  rand    1000     282    8504   166.05    87.42    91.83    57.69  1975.46    22.6    34.2
dao-map/lak100n                   538x793  scen    1910     416   12438   207.33   110.51   128.65    81.85  2900.14    26.2    35.4
dao-map/lak101d                     30x31  rand    1000       3      26     9.15     6.43     2.30     0.92     7.42     1.2     8.0
dao-map/lak101d                     30x31  scen      60       3      28     9.42     7.11     2.97     1.34     7.90     1.1     5.9
dao-map/lak102d                     38x30  rand    1000       7      61    12.86     8.28     3.34     1.75    16.29     2.0     9.3
dao-map/lak102d                     38x30  scen     100       8      74    12.17     8.81     4.10     2.21    18.72     2.1     8.5
dao-map/lak103d                     49x49  rand    1000      15     191    18.68    11.31     5.58     3.07    44.48     3.9    14.5
dao-map/lak103d                     49x49  scen     230      20     279    21.10    13.82     7.16     4.06    61.67     4.5    15.2
dao-map/lak104d                     41x41  rand    1000       7      67    13.87     8.45     3.50     1.78    17.52     2.1     9.9
dao-map/lak104d                     41x41  scen     120       8      90    15.22    10.00     4.82     2.54    23.59     2.4     9.3
dao-map/lak105d                     31x25  rand    1000       8      58    11.92     8.44     3.49     1.86    15.07     1.8     8.1
dao-map/lak105d                     31x25  scen      90       9      71    12.81     9.38     4.35     2.49    17.85     1.9     7.2
dao-map/lak106d                    97x113  rand    1000       7     156    23.04     9.14     4.60     2.24    41.00     4.5    18.3
dao-map/lak106d                    97x113  scen     230      11     283    26.45    12.73     7.38     3.29    71.15     5.6    21.6
dao-map/lak107d                     36x26  rand    1000       4      47    12.16     7.95     2.83     1.20    12.13     1.5    10.1
dao-map/lak107d                     36x26  scen     100       6      79    13.54     9.83     3.58     1.85    19.45     2.0    10.5
dao-map/lak108d                     27x26  rand    1000       4      28     8.94     6.93     2.68     1.19     7.96     1.1     6.7
dao-map/lak108d                     27x26  scen      60       5      28     9.52     6.87     3.04     1.57     7.85     1.1     5.0
dao-map/lak109d                     33x42  rand    1000       7      48    10.36     7.49     4.37     1.46    13.90     1.9     9.5
dao-map/lak109d                     33x42  scen     100       8      57    10.76     8.41     3.62     1.87    15.09     1.8     8.1
dao-map/lak110d                     30x21  rand    1000       4      19     7.81     5.84     2.23     0.94     5.60     1.0     6.0
dao-map/lak110d                     30x21  scen      50       4      19     7.79     6.35     2.50     1.31     5.90     0.9     4.5
dao-map/lak200d                   352x261  rand    1000      20     956    46.27    17.72    11.19     5.45   226.23    12.8    41.5
dao-map/lak200d                   352x261  scen     560      32    1722    50.65    21.45    16.11     8.13   396.00    18.5    48.7
dao-map/lak201d                   252x163  rand    1000      72    2283    72.09    35.09    27.06    15.62   523.52    14.9    33.5
dao-map/lak201d                   252x163  scen     790      85    2689    73.57    37.49    30.64    16.50   615.49    16.4    37.3
dao-map/lak202d                   159x182  rand    1000      44    1401    46.08    22.83    14.84     8.55   309.20    13.5    36.1
dao-map/lak202d                   159x182  scen     670      60    1962    50.84    25.69    19.04    10.99   427.73    16.7    38.9
dao-map/lak203d                   112x146  rand    1000      14     242    21.08    10.81     6.17     3.54    59.95     5.5    16.9
dao-map/lak203d                   112x146  scen     320      24     452    24.02    14.08     9.46     5.55   114.09     8.1    20.5
dao-map/lak250d                   257x257  rand    1000      10     162    21.96    11.54     5.81     3.06    40.09     3.5    13.1
dao-map/lak250d                   257x257  scen     270      21     358    29.17    16.75    10.93     5.90    86.78     5.2    14.7
dao-map/lak300d                   384x528  rand    1000      24     972    55.41    20.65    14.54     7.60   238.67    11.6    31.4
dao-map/lak300d                   384x528  scen     730      40    1747    64.38    26.21    20.73    11.08   424.58    16.2    38.3
dao-map/lak302d                   193x289  rand    1000      88    3419    82.78    38.22    29.76    16.79   757.88    19.8    45.1
dao-map/lak302d                   193x289  scen    1000     115    4526    88.19    42.42    36.52    20.94   996.24    23.5    47.6
dao-map/lak303d                   194x194  rand    1000     163    3470   125.41    63.11    52.30    31.37   770.92    12.2    24.6
dao-map/lak303d                   194x194  scen    1040     250    5141   151.64    79.20    73.72    44.58  1110.24    14.0    24.9
dao-map/lak304d                   193x194  rand    1000     104    2726    94.42    44.12    32.91    19.52   618.26    14.0    31.7
dao-map/lak304d                   193x194  scen     750     156    3846   109.77    55.92    47.00    27.77   857.40    15.3    30.9
dao-map/lak307d                     84x84  rand    1000       6     171    36.38     9.82     5.35     2.03    43.89     4.5    21.6
dao-map/lak307d                     84x84  scen     200       6     198    37.13    10.53     7.82     2.52    49.29     4.7    19.5
dao-map/lak308d                   298x324  rand    1000     106    2591    72.58    40.31    33.28    20.06   603.61    15.0    30.1
dao-map/lak308d                   298x324  scen    1240     148    3594    86.58    47.56    44.15    26.92   836.22    17.6    31.1
------------------------------------------------------------------------------------------------------------------------------------
map                                  size   tag   pairs  JPSexp   A*exp      cC#       cC      wC#       wC     A*us   A*/cC   A*/wC
------------------------------------------------------------------------------------------------------------------------------------
dao-map/lak400d                 1057x1057  rand    1000     143    5250   126.15    62.55    60.50    34.23  1279.80    20.5    37.4
dao-map/lak400d                 1057x1057  scen    1320     202    7415   141.13    73.03    78.45    47.02  1826.06    25.0    38.8
dao-map/lak401d                   401x593  rand    1000     270    9432   195.11    94.40    90.56    54.74  2203.32    23.3    40.2
dao-map/lak401d                   401x593  scen    2180     392   13415   221.57   114.56   122.05    75.61  3095.21    27.0    40.9
dao-map/lak403d                   403x649  rand    1000      32    1407    92.86    26.31    20.57    10.93   351.79    13.4    32.2
dao-map/lak403d                   403x649  scen    1090      34    2252    86.64    27.80    22.13    11.83   576.64    20.7    48.7
dao-map/lak404d                    528x70  rand    1000      52    2208    77.47    29.49    21.79    12.11   550.16    18.7    45.4
dao-map/lak404d                    528x70  scen    1330      81    3501    99.09    39.35    30.18    17.26   878.65    22.3    50.9
dao-map/lak405d                  833x1006  rand    1000     402   12126   221.10   128.69   142.48    92.03  2974.11    23.1    32.3
dao-map/lak405d                  833x1006  scen    4040     519   15855   262.50   151.02   177.57   112.98  3848.07    25.5    34.1
dao-map/lak503d                   194x194  rand    1000     175    4716   144.77    67.20    54.84    32.37  1029.16    15.3    31.8
dao-map/lak503d                   194x194  scen    1220     265    7030   176.83    85.91    78.07    46.66  1478.52    17.2    31.7
dao-map/lak504d                   193x194  rand    1000      98    2615    91.05    42.48    31.60    18.73   591.32    13.9    31.6
dao-map/lak504d                   193x194  scen     720     138    3611   103.23    51.13    41.65    25.39   805.72    15.8    31.7
dao-map/lak505d                   194x195  rand    1000     191    3805   148.79    66.90    56.74    33.79   822.99    12.3    24.4
dao-map/lak505d                   194x195  scen     920     279    5551   172.68    83.83    78.37    47.16  1154.35    13.8    24.5
dao-map/lak506d                   194x205  rand    1000     201    4062   130.96    68.92    59.76    37.24   891.21    12.9    23.9
dao-map/lak506d                   194x205  scen    1110     255    5149   145.92    78.00    73.81    44.97  1114.90    14.3    24.8
dao-map/lak507d                     84x84  rand    1000       4     156    34.34     9.57     4.14     1.58    38.96     4.1    24.7
dao-map/lak507d                     84x84  scen     210       5     228    37.01    11.14     7.45     2.18    55.62     5.0    25.5
dao-map/lak510d                   287x253  rand    1000      15     553    36.38    13.43     8.67     4.30   127.27     9.5    29.6
dao-map/lak510d                   287x253  scen     420      18     740    39.72    15.78    10.12     5.25   168.76    10.7    32.2
dao-map/lak511d                   207x533  rand    1000      66    2380    96.16    36.49    27.95    15.27   562.31    15.4    36.8
dao-map/lak511d                   207x533  scen    1050     111    4379   114.69    45.66    41.39    23.14  1024.83    22.4    44.3
dao-map/lak512d                   297x658  rand    1000     205    6744   158.08    70.91    70.72    43.86  1638.33    23.1    37.4
dao-map/lak512d                   297x658  scen    2100     288    9621   188.93    86.33    93.49    58.54  2378.70    27.6    40.6
dao-map/lak513d                   389x637  rand    1000      59    2435    92.68    38.45    28.90    15.96   567.40    14.8    35.5
dao-map/lak513d                   389x637  scen     880      65    2918    86.58    37.74    32.51    17.35   683.39    18.1    39.4
dao-map/lak514d                   409x339  rand    1000      11     399    46.58    17.23    10.91     4.58    96.05     5.6    21.0
dao-map/lak514d                   409x339  scen     420      17     926    45.07    20.45    16.53     6.84   217.44    10.6    31.8
dao-map/lak515d                   114x112  rand    1000       6      84    18.48     7.53     3.47     1.65    22.24     3.0    13.5
dao-map/lak515d                   114x112  scen     180       8     147    21.87     9.28     6.27     2.72    36.83     4.0    13.6
dao-map/lak519d                   168x145  rand    1000      27     873    69.00    20.44    13.74     6.97   209.44    10.2    30.0
dao-map/lak519d                   168x145  scen     480      39    1448    83.15    26.33    19.13     9.65   349.88    13.3    36.2
dao-map/lak526d                   129x124  rand    1000      10     129    13.14     8.20     4.20     2.34    30.07     3.7    12.9
dao-map/lak526d                   129x124  scen     210      14     201    15.73     9.55     5.66     3.17    45.25     4.7    14.3
dao-map/lgt101d                     44x28  rand    1000      10      57    10.77     8.16     3.78     2.13    14.16     1.7     6.7
dao-map/lgt101d                     44x28  scen     110      14      83    11.94     8.88     5.07     3.05    19.62     2.2     6.4
dao-map/lgt300d                   531x747  rand    1000     183    5661   163.83    69.84    70.67    42.18  1365.22    19.5    32.4
dao-map/lgt300d                   531x747  scen    1730     316    9251   211.08    97.17   109.51    70.64  2235.24    23.0    31.6
dao-map/lgt600d                   643x645  rand    1000      18    1477    60.32    20.82    13.86     6.97   352.79    16.9    50.6
dao-map/lgt600d                   643x645  scen     940      41    4129    72.29    28.66    24.60    12.96  1000.75    34.9    77.2
dao-map/lgt601d                   258x258  rand    1000      30    1542   104.82    27.10    20.11     9.52   373.04    13.8    39.2
dao-map/lgt601d                   258x258  scen     800      40    2429   125.90    34.71    30.59    14.06   598.30    17.2    42.5
dao-map/lgt602d                   266x277  rand    1000     110    4729   158.50    51.98    42.52    23.14  1099.84    21.2    47.5
dao-map/lgt602d                   266x277  scen     980     147    6379   165.62    59.84    52.87    29.18  1472.40    24.6    50.5
dao-map/lgt603d                   261x262  rand    1000     183    7059   159.15    66.09    57.01    33.49  1589.56    24.1    47.5
dao-map/lgt603d                   261x262  scen    1480     248    9568   177.03    76.63    72.41    43.60  2120.87    27.7    48.6
dao-map/lgt604d                   258x252  rand    1000      24    1270    58.16    20.73    12.70     6.58   291.27    14.0    44.2
dao-map/lgt604d                   258x252  scen     770      42    2259    66.59    25.86    20.08     9.94   509.91    19.7    51.3
------------------------------------------------------------------------------------------------------------------------------------
map                                  size   tag   pairs  JPSexp   A*exp      cC#       cC      wC#       wC     A*us   A*/cC   A*/wC
------------------------------------------------------------------------------------------------------------------------------------
dao-map/lgt605d                   107x125  rand    1000       5     166    26.62     8.97     4.06     1.77    41.65     4.6    23.5
dao-map/lgt605d                   107x125  scen     220       6     204    27.79    10.44     5.72     2.35    50.87     4.9    21.6
dao-map/orz000d                    79x137  rand    1000       9     283    32.20    10.46     5.43     2.77    68.29     6.5    24.7
dao-map/orz000d                    79x137  scen     320      12     419    36.77    12.33     7.30     3.59   101.14     8.2    28.2
dao-map/orz100d                   412x395  rand    1000     704   25498   605.44   233.43   244.75   149.53  5841.44    25.0    39.1
dao-map/orz100d                   412x395  scen    2420     999   35138   675.29   298.52   328.07   202.07  8084.26    27.1    40.0
dao-map/orz101d                     48x95  rand    1000      10     167    19.02     9.98     4.73     2.51    40.00     4.0    15.9
dao-map/orz101d                     48x95  scen     210      11     196    20.63    11.05     5.97     3.20    46.34     4.2    14.5
dao-map/orz102d                     46x47  rand    1000       5      57    12.86     7.14     2.78     1.40    15.17     2.1    10.9
dao-map/orz102d                     46x47  scen     110       6      71    13.09     7.72     3.86     1.95    17.63     2.3     9.0
dao-map/orz103d                   463x456  rand    1000     590   15281   260.36   146.96   164.69   103.98  3290.99    22.4    31.7
dao-map/orz103d                   463x456  scen    3790     778   20125   307.87   183.29   210.88   134.17  4356.92    23.8    32.5
dao-map/orz105d                     47x60  rand    1000       5      54    12.28     6.99     2.62     1.30    14.86     2.1    11.4
dao-map/orz105d                     47x60  scen     120       6      71    13.32     7.66     3.52     1.81    18.23     2.4    10.1
dao-map/orz106d                     25x33  rand    1000       4      25     8.47     6.20     2.15     1.06     7.10     1.1     6.7
dao-map/orz106d                     25x33  scen      70       5      33     9.68     6.95     3.22     1.62     8.96     1.3     5.5
dao-map/orz107d                     34x48  rand    1000       5      56    12.40     8.25     2.63     1.30    14.70     1.8    11.3
dao-map/orz107d                     34x48  scen     100       5      64    12.72     7.75     3.77     1.77    16.43     2.1     9.3
dao-map/orz200d                   272x260  rand    1000      44     727    40.67    21.79    15.85     9.69   175.95     8.1    18.2
dao-map/orz200d                   272x260  scen     510      75    1273    52.62    29.55    24.79    14.99   295.10    10.0    19.7
dao-map/orz201d                     47x45  rand    1000       8      83    13.95     8.75     3.70     1.96    21.84     2.5    11.2
dao-map/orz201d                     47x45  scen     120       9     101    15.25     9.98     4.93     2.68    25.32     2.5     9.4
dao-map/orz203d                     19x35  rand    1000       3      20     7.87     5.76     1.73     0.79     5.63     1.0     7.2
dao-map/orz203d                     19x35  scen      60       3      27     8.79     6.65     2.75     1.27     7.44     1.1     5.9
dao-map/orz300d                   649x386  rand    1000     303   12110   304.97   123.86   118.59    69.20  3011.96    24.3    43.5
dao-map/orz300d                   649x386  scen    1560     429   16548   344.78   145.83   156.11    94.06  4133.32    28.3    43.9
dao-map/orz301d                   120x180  rand    1000      22     479    33.84    15.22    10.02     5.47   118.62     7.8    21.7
dao-map/orz301d                   120x180  scen     390      25     589    37.52    18.50    12.69     7.17   144.78     7.8    20.2
dao-map/orz302d                   146x145  rand    1000      18     695    40.68    17.28     9.79     5.22   166.18     9.6    31.8
dao-map/orz302d                   146x145  scen     490      27    1120    45.10    19.38    13.60     7.05   259.58    13.4    36.8
dao-map/orz303d                   390x267  rand    1000      93    3710   105.52    48.67    39.92    23.83   890.09    18.3    37.4
dao-map/orz303d                   390x267  scen    1140     132    5271   117.83    56.36    52.04    31.55  1289.16    22.9    40.9
dao-map/orz304d                    75x155  rand    1000      21     521    39.06    16.25    10.37     5.19   129.18     8.0    24.9
dao-map/orz304d                    75x155  scen     380      24     681    41.24    18.16    11.95     6.23   168.17     9.3    27.0
dao-map/orz500d                   303x342  rand    1000      33    1234    70.72    26.70    19.24    10.90   307.82    11.5    28.2
dao-map/orz500d                   303x342  scen     860      57    2132    78.62    32.26    27.89    14.75   523.43    16.2    35.5
dao-map/orz601d                    107x47  rand    1000      11     214    20.06    10.46     5.30     2.76    52.29     5.0    18.9
dao-map/orz601d                    107x47  scen     240      12     287    22.18    12.64     6.46     3.53    69.21     5.5    19.6
dao-map/orz700d                 1104x1260  rand    1000     631   20770   440.43   266.79   259.22   167.34  5240.68    19.6    31.3
dao-map/orz700d                 1104x1260  scen    3880     923   29546   493.89   279.36   324.24   225.81  7426.24    26.6    32.9
dao-map/orz701d                   839x722  rand    1000     372   11602   205.62   115.72   125.65    82.24  2712.37    23.4    33.0
dao-map/orz701d                   839x722  scen    3040     517   16201   251.52   131.66   165.83   104.26  3783.85    28.7    36.3
dao-map/orz702d                   718x939  rand    1000     829   20150   476.98   243.50   279.56   185.66  4721.53    19.4    25.4
dao-map/orz702d                   718x939  scen    4130    1412   33436   673.02   339.95   461.81   288.20  7655.49    22.5    26.6
dao-map/orz703d                   652x502  rand    1000     116    9721   190.30    69.69    57.72    34.52  2309.21    33.1    66.9
dao-map/orz703d                   652x502  scen    2240     206   16829   223.04    74.39    77.28    46.29  4001.14    53.8    86.4
dao-map/orz704d                     84x46  rand    1000       5     101    19.05     8.55     3.42     1.57    26.50     3.1    16.8
dao-map/orz704d                     84x46  scen     200       6     178    20.74    10.43     5.36     2.20    43.61     4.2    19.8
dao-map/orz800d                   868x844  rand    1000     147   11440   167.56    63.98    69.31    40.91  2784.82    43.5    68.1
dao-map/orz800d                   868x844  scen    3690     225   16253   183.99    73.69    86.73    53.03  3964.83    53.8    74.8
------------------------------------------------------------------------------------------------------------------------------------
map                                  size   tag   pairs  JPSexp   A*exp      cC#       cC      wC#       wC     A*us   A*/cC   A*/wC
------------------------------------------------------------------------------------------------------------------------------------
dao-map/orz900d                  1491x656  rand    1000     885   35731   496.10   256.94   316.42   196.41  8173.75    31.8    41.6
dao-map/orz900d                  1491x656  scen    7070    1247   50061   561.00   328.93   405.87   276.47 11460.08    34.8    41.5
dao-map/orz901d                   601x678  rand    1000     490   15590   263.34   141.98   157.87   101.53  3614.56    25.5    35.6
dao-map/orz901d                   601x678  scen    4190     680   21701   310.05   163.15   205.19   129.61  4868.76    29.8    37.6
dao-map/orz999d                   632x698  rand    1000      78    6997   132.96    48.71    42.23    24.56  1722.73    35.4    70.1
dao-map/orz999d                   632x698  scen    2430     118   10704   147.62    56.01    53.90    32.52  2622.91    46.8    80.7
dao-map/ost000a                   487x969  rand    1000    1038   20562   737.04   343.37   402.49   258.63  5006.84    14.6    19.4
dao-map/ost000a                   487x969  scen    2520    1322   25418   806.57   393.63   481.09   314.85  6204.25    15.8    19.7
dao-map/ost000t                   487x971  rand    1000     977   19696   622.57   286.48   332.73   218.12  4587.04    16.0    21.0
dao-map/ost000t                   487x971  scen    2620    1345   26646   735.59   362.83   440.18   293.79  6183.29    17.0    21.0
dao-map/ost001d                   194x194  rand    1000      64    1860    74.28    33.20    23.25    14.35   435.63    13.1    30.4
dao-map/ost001d                   194x194  scen     620      96    2780    85.74    40.11    33.56    18.71   642.68    16.0    34.3
dao-map/ost002d                   181x145  rand    1000      78    1423    83.12    37.38    28.95    17.29   335.61     9.0    19.4
dao-map/ost002d                   181x145  scen     610     128    2302   104.41    50.42    41.62    25.28   521.50    10.3    20.6
dao-map/ost003d                   194x194  rand    1000     103    3095   108.32    46.73    37.24    21.55   680.61    14.6    31.6
dao-map/ost003d                   194x194  scen     810     142    4256   116.77    54.33    47.59    27.30   900.42    16.6    33.0
dao-map/ost004d                     84x84  rand    1000       7     165    35.70    11.20     5.72     2.27    44.22     3.9    19.4
dao-map/ost004d                     84x84  scen     210       8     235    39.81    12.82     9.38     2.98    59.77     4.7    20.1
dao-map/ost100d                 1024x1025  rand    1000    1201   22498   849.72   415.89   535.01   333.02  5820.64    14.0    17.5
dao-map/ost100d                 1024x1025  scen    2930    2098   37626  1476.82   671.23  1107.01   593.64  9773.69    14.6    16.5
dao-map/ost101d                   768x704  rand    1000      11     325    21.97    10.67     6.12     3.30    78.66     7.4    23.8
dao-map/ost101d                   768x704  scen     290      14     449    23.70    12.04     8.12     4.20   108.36     9.0    25.8
dao-map/ost102d                     28x22  rand    1000       4      22     7.85     6.02     1.88     0.92     6.22     1.0     6.7
dao-map/ost102d                     28x22  scen      60       4      27     8.62     6.53     2.74     1.39     7.38     1.1     5.3
dao-map/oth000d                   384x384  rand    1000      78    4419    90.11    38.94    33.04    18.53  1011.81    26.0    54.6
dao-map/oth000d                   384x384  scen    1750     123    7164   103.47    46.49    45.61    26.38  1597.58    34.4    60.6
dao-map/oth001d                   384x382  rand    1000      14     217    27.67    13.61     8.27     4.49    55.43     4.1    12.3
dao-map/oth001d                   384x382  scen     310      23     419    32.79    17.01    14.09     7.28   102.61     6.0    14.1
dao-map/oth999d                     49x32  rand    1000       2      72    19.60     8.60     2.86     0.99    19.18     2.2    19.4
dao-map/oth999d                     49x32  scen     140       2     108    21.09     9.71     4.11     1.23    27.51     2.8    22.4
dao-map/rmtst                      182x50  rand    1000      15     478    36.63    14.08     7.73     4.12   113.94     8.1    27.6
dao-map/rmtst                      182x50  scen     440      20     703    42.49    17.20    10.23     5.33   166.28     9.7    31.2
dao-map/rmtst01                    182x50  rand    1000      15     493    37.13    14.74     7.89     4.16   117.18     8.0    28.1
dao-map/rmtst01                    182x50  scen     440      20     722    42.75    17.39    10.05     5.28   170.28     9.8    32.3
dao-map/rmtst03                    182x49  rand    1000      15     513    37.80    14.75     7.90     4.15   121.80     8.3    29.3
dao-map/rmtst03                    182x49  scen     450      19     707    43.27    17.12    10.39     5.31   167.49     9.8    31.6
mapf-map/Berlin_1_256             256x256  rand    1000     102    3489   154.62    47.64    39.54    21.55   866.15    18.2    40.2
mapf-map/Berlin_1_256             256x256  scen   24148     179    5794   211.15    69.37    57.07    33.93  1465.74    21.1    43.2
mapf-map/Boston_0_256             256x256  rand    1000     128    3543   158.86    63.41    51.88    28.37   840.92    13.3    29.6
mapf-map/Boston_0_256             256x256  scen   23719     215    5540   224.93    92.53    76.41    43.39  1325.24    14.3    30.5
mapf-map/brc202d                  530x481  rand    1000     423   11846   239.47   126.21   133.44    84.56  2772.32    22.0    32.8
mapf-map/brc202d                  530x481  scen   62029     562   15670   292.58   148.43   175.29   106.63  3650.75    24.6    34.2
mapf-map/den312d                    65x81  rand    1000      22     343    25.58    13.95     7.75     4.59    78.63     5.6    17.1
mapf-map/den312d                    65x81  scen    7082      29     488    29.95    16.34     9.29     5.25   110.73     6.8    21.1
mapf-map/den520d                  256x257  rand    1000      75    3381   132.45    41.26    32.99    17.45   823.63    20.0    47.2
mapf-map/den520d                  256x257  scen   21640     101    4608   153.03    47.49    37.05    21.56  1111.99    23.4    51.6
mapf-map/empty-16-16                16x16  rand    1000       2      17     6.92     5.39     1.53     0.62     4.86     0.9     7.9
mapf-map/empty-16-16                16x16  scen    2992       2      18     7.47     5.38     1.68     0.59     5.25     1.0     9.0
mapf-map/empty-32-32                32x32  rand    1000       2      48    14.66     7.58     2.41     0.86    13.31     1.8    15.4
mapf-map/empty-32-32                32x32  scen   12736       2      48    14.42     7.60     2.34     0.79    12.64     1.7    16.0
------------------------------------------------------------------------------------------------------------------------------------
map                                  size   tag   pairs  JPSexp   A*exp      cC#       cC      wC#       wC     A*us   A*/cC   A*/wC
------------------------------------------------------------------------------------------------------------------------------------
mapf-map/empty-48-48                48x48  rand    1000       2      95    26.96     9.37     3.43     1.11    23.79     2.5    21.4
mapf-map/empty-48-48                48x48  scen   28731       2      89    26.66     9.15     3.01     1.01    22.85     2.5    22.6
mapf-map/empty-8-8                    8x8  rand    1000       2       7     4.39     3.61     1.09     0.45     2.13     0.6     4.7
mapf-map/empty-8-8                    8x8  scen     585       2       6     4.17     3.49     1.09     0.46     1.97     0.6     4.3
mapf-map/ht_chantry               162x141  rand    1000      44    1230    54.18    24.04    16.26     9.48   271.86    11.3    28.7
mapf-map/ht_chantry               162x141  scen   11513      57    1571    61.59    26.83    18.99    10.96   344.97    12.9    31.5
mapf-map/ht_mansion_n             133x270  rand    1000      43    1252    50.88    23.08    15.93     9.27   286.10    12.4    30.9
mapf-map/ht_mansion_n             133x270  scen   14015      62    1928    61.86    28.21    20.83    11.99   428.09    15.2    35.7
mapf-map/lak303d                  194x194  rand    1000     163    3470   120.67    58.89    48.52    29.05   743.26    12.6    25.6
mapf-map/lak303d                  194x194  scen   25657     251    5121   157.72    77.87    68.90    41.84  1061.18    13.6    25.4
mapf-map/lt_gallowstemplar_n      251x180  rand    1000      51    1352    58.61    25.65    18.31    10.84   314.15    12.3    29.0
mapf-map/lt_gallowstemplar_n      251x180  scen   15399      62    1672    62.58    26.21    20.10    12.01   387.15    14.8    32.2
mapf-map/maze-128-128-1           128x128  rand    1000     880    3228   204.53   137.33   162.87    98.77   435.64     3.2     4.4
mapf-map/maze-128-128-1           128x128  scen   48648     885    3241   204.86   137.31   163.72    99.16   437.19     3.2     4.4
mapf-map/maze-128-128-10          128x128  rand    1000      37    4683    99.51    39.84    22.11    10.25  1039.18    26.1   101.4
mapf-map/maze-128-128-10          128x128  scen   27046      47    6269   115.69    45.27    25.03    12.10  1375.09    30.4   113.7
mapf-map/maze-128-128-2           128x128  rand    1000     757    4929   222.19   142.93   157.01    92.91   881.03     6.2     9.5
mapf-map/maze-128-128-2           128x128  scen   64662     748    4869   217.65   139.90   153.94    90.69   862.24     6.2     9.5
mapf-map/maze-32-32-2               32x32  rand    1000      40     241    19.39    13.30     9.25     5.16    45.59     3.4     8.8
mapf-map/maze-32-32-2               32x32  scen    4613      40     244    19.05    13.13     9.34     4.95    45.45     3.5     9.2
mapf-map/maze-32-32-4               32x32  rand    1000      13     227    17.85    11.81     4.80     2.48    46.88     4.0    18.9
mapf-map/maze-32-32-4               32x32  scen    3273      15     281    19.72    12.87     5.49     2.63    56.16     4.4    21.4
mapf-map/orz900d                 1491x656  rand    1000     885   35731   487.51   297.87   308.07   229.09  8275.40    27.8    36.1
mapf-map/orz900d                 1491x656  scen  161069    1161   46684   575.27   347.63   392.34   278.21 10241.62    29.5    36.8
mapf-map/ost003d                  194x194  rand    1000     103    3095   104.98    45.06    35.38    19.95   681.25    15.1    34.2
mapf-map/ost003d                  194x194  scen   20476     142    4244   124.86    53.21    44.40    25.70   901.43    16.9    35.1
mapf-map/Paris_1_256              256x256  rand    1000     157    3762   182.66    69.16    56.77    31.78   946.43    13.7    29.8
mapf-map/Paris_1_256              256x256  scen   26387     377    8099   314.30   127.45   116.73    68.54  2029.39    15.9    29.6
mapf-map/random-32-32-10            32x32  rand    1000      18      51    14.04     9.68     6.16     3.84    13.71     1.4     3.6
mapf-map/random-32-32-10            32x32  scen    2547      23      66    16.32    11.41     7.79     4.67    17.61     1.5     3.8
mapf-map/random-32-32-20            32x32  rand    1000      31      73    18.07    12.70     9.29     5.98    19.20     1.5     3.2
mapf-map/random-32-32-20            32x32  scen     971      50     119    24.65    17.51    14.09     9.36    30.36     1.7     3.2
mapf-map/random-64-64-10            64x64  rand    1000      50     153    29.19    19.19    16.41    10.13    39.04     2.0     3.9
mapf-map/random-64-64-10            64x64  scen    5155      72     214    38.48    25.04    21.26    13.69    52.51     2.1     3.8
mapf-map/random-64-64-20            64x64  rand    1000      95     229    42.21    29.87    26.64    17.59    56.87     1.9     3.2
mapf-map/random-64-64-20            64x64  scen    2483     187     436    74.23    52.80    47.76    32.81   104.77     2.0     3.2
mapf-map/room-32-32-4               32x32  rand    1000      28      93    18.07    13.04     8.48     5.15    22.27     1.7     4.3
mapf-map/room-32-32-4               32x32  scen    2998      36     118    20.15    14.84    10.30     6.17    26.69     1.8     4.3
mapf-map/room-64-64-16              64x64  rand    1000      29     857    46.64    22.99    13.57     6.87   185.26     8.1    27.0
mapf-map/room-64-64-16              64x64  scen    9942      40    1263    58.58    28.97    16.19     8.51   261.74     9.0    30.7
mapf-map/room-64-64-8               64x64  rand    1000      44     549    38.67    23.62    15.67     8.53   121.23     5.1    14.2
mapf-map/room-64-64-8               64x64  scen    7604      60     779    48.11    29.57    19.20    10.60   166.36     5.6    15.7
mapf-map/warehouse-10-20-10-2~     161x63  rand    1000      36     534    42.24    16.93    13.49     6.71    92.59     5.5    13.8
mapf-map/warehouse-10-20-10-2~     161x63  scen   11168      46     692    50.60    19.59    15.21     8.03   117.38     6.0    14.6
mapf-map/warehouse-10-20-10-2~     170x84  rand    1000     155     898    77.72    39.67    38.02    23.67   187.76     4.7     7.9
mapf-map/warehouse-10-20-10-2~     170x84  scen   12226     215    1208    98.48    50.70    48.76    31.42   249.47     4.9     7.9
mapf-map/warehouse-20-40-10-2~    321x123  rand    1000     129    2077   132.24    43.47    42.50    21.57   352.44     8.1    16.3
mapf-map/warehouse-20-40-10-2~    321x123  scen   22737     163    2705   151.43    48.64    47.73    26.17   452.83     9.3    17.3
mapf-map/warehouse-20-40-10-2~    340x164  rand    1000     616    3218   281.26   141.18   150.83    94.74   701.05     5.0     7.4
mapf-map/warehouse-20-40-10-2~    340x164  scen   24990     953    4783   383.98   198.01   222.36   140.45  1018.79     5.1     7.3
------------------------------------------------------------------------------------------------------------------------------------
map                                  size   tag   pairs  JPSexp   A*exp      cC#       cC      wC#       wC     A*us   A*/cC   A*/wC
------------------------------------------------------------------------------------------------------------------------------------
mapf-map/w_woundedcoast           642x578  rand    1000     191    7419   129.05    70.55    68.31    42.69  1693.02    24.0    39.7
mapf-map/w_woundedcoast           642x578  scen   52517     237    9404   143.92    75.51    77.87    49.63  2084.36    27.6    42.0
sc1-map/AcrosstheCape             768x768  rand    1000     466   43787   978.40   310.51   325.03   192.52 11699.03    37.7    60.8
sc1-map/AcrosstheCape             768x768  scen    3150     691   62575  1053.36   377.31   388.01   260.95 16320.88    43.3    62.5
sc1-map/Aftershock                512x512  rand    1000     191   15715   485.68   128.34   138.97    68.38  4033.65    31.4    59.0
sc1-map/Aftershock                512x512  scen    1920     254   21459   462.01   124.79   136.34    75.03  5574.37    44.7    74.3
sc1-map/Archipelago               512x512  rand    1000     200   16320   353.87   110.76   111.82    62.07  4220.57    38.1    68.0
sc1-map/Archipelago               512x512  scen    2310     357   29061   444.99   151.84   160.55    97.91  7577.35    49.9    77.4
sc1-map/ArcticStation             768x768  rand    1000    1150   82382  1325.68   603.98   666.42   464.20 20000.23    33.1    43.1
sc1-map/ArcticStation             768x768  scen    4300    1688  118252  1588.28   812.17   884.63   660.05 28713.51    35.4    43.5
sc1-map/Aurora                   1024x768  rand    1000    1219   57023  1311.08   692.61   690.25   522.17 14809.33    21.4    28.4
sc1-map/Aurora                   1024x768  scen    3250    1878   83584  1639.11   966.08  1015.14   791.68 21921.63    22.7    27.7
sc1-map/Backwoods                 768x512  rand    1000     867   29785   760.15   332.31   367.82   234.82  7307.49    22.0    31.1
sc1-map/Backwoods                 768x512  scen    2540     894   30700   719.48   324.72   366.13   237.74  7590.79    23.4    31.9
sc1-map/BigGameHunters            512x512  rand    1000     125   17638   396.33    94.73    99.90    47.49  4388.78    46.3    92.4
sc1-map/BigGameHunters            512x512  scen    1890     127   18897   357.84    86.26    89.67    45.88  4767.33    55.3   103.9
sc1-map/BlackLotus                768x768  rand    1000     830   63565   887.11   406.47   422.82   290.41 16106.73    39.6    55.5
sc1-map/BlackLotus                768x768  scen    4130    1234   89927  1043.02   527.53   548.86   411.57 22746.76    43.1    55.3
sc1-map/BlastFurnace              768x768  rand    1000     620   45191  1035.33   361.37   400.18   240.86 11244.02    31.1    46.7
sc1-map/BlastFurnace              768x768  scen    3390    1074   76509  1289.85   529.66   591.59   402.60 19130.16    36.1    47.5
sc1-map/BrokenSteppes             768x768  rand    1000     294   31444   780.35   248.21   238.39   139.76  8366.36    33.7    59.9
sc1-map/BrokenSteppes             768x768  scen    3000     564   56689   949.28   350.98   336.81   232.64 15379.10    43.8    66.1
sc1-map/Brushfire                 512x512  rand    1000     354   20568   390.23   137.11   149.40    87.29  5025.83    36.7    57.6
sc1-map/Brushfire                 512x512  scen    2180     394   22396   378.92   138.85   154.40    93.91  5516.03    39.7    58.7
sc1-map/Caldera                   512x512  rand    1000      99   10682   354.79    76.33    82.39    36.95  2662.95    34.9    72.1
sc1-map/Caldera                   512x512  scen    1840     160   17122   400.26    94.06    97.78    51.29  4342.35    46.2    84.7
sc1-map/CatwalkAlley              512x512  rand    1000    1047   47516   862.34   431.31   462.14   312.28 11694.49    27.1    37.4
sc1-map/CatwalkAlley              512x512  scen    2720    1271   57558   897.87   475.76   503.08   369.87 14265.77    30.0    38.6
sc1-map/Cauldron                1024x1024  rand    1000    1069   66468  1584.35   724.97   770.52   543.78 17514.26    24.2    32.2
sc1-map/Cauldron                1024x1024  scen    4050    1841  107414  2132.19  1142.09  1236.27   831.09 28773.73    25.2    34.6
sc1-map/CrashSites                768x768  rand    1000     290   22824   463.75   146.89   163.38    90.07  5971.62    40.7    66.3
sc1-map/CrashSites                768x768  scen    2690     438   35709   538.86   186.85   212.72   130.06  9465.32    50.7    72.8
sc1-map/CrescentMoon              512x512  rand    1000     106   13745   323.90    70.07    75.17    35.56  3423.77    48.9    96.3
sc1-map/CrescentMoon              512x512  scen    1920     151   21009   333.27    77.75    84.11    43.64  5360.88    68.9   122.8
sc1-map/Crossroads                768x768  rand    1000     313   32912   953.86   242.85   274.02   142.76  8657.10    35.6    60.6
sc1-map/Crossroads                768x768  scen    2960     421   45430  1097.36   314.75   380.06   206.06 12178.31    38.7    59.1
sc1-map/DarkContinent             512x768  rand    1000     375   36841   741.20   225.78   226.00   130.53  9584.24    42.4    73.4
sc1-map/DarkContinent             512x768  scen    2650     496   49046   833.62   287.99   293.28   183.35 13103.85    45.5    71.5
sc1-map/Desolation                512x512  rand    1000     154   12932   461.21   118.69   127.60    62.91  3331.27    28.1    53.0
sc1-map/Desolation                512x512  scen    1900     214   18314   495.07   135.30   144.46    76.68  4749.29    35.1    61.9
sc1-map/EbonLakes                 512x512  rand    1000     246   20253   526.29   180.39   190.65    91.61  5192.08    28.8    56.7
sc1-map/EbonLakes                 512x512  scen    2010     344   28209   581.00   205.69   227.85   113.16  7258.15    35.3    64.1
sc1-map/Elderlands                768x768  rand    1000     391   26031   931.26   272.87   337.78   176.30  6817.66    25.0    38.7
sc1-map/Elderlands                768x768  scen    2780     507   31683   917.94   302.69   356.88   201.81  8594.45    28.4    42.6
sc1-map/Enigma                    768x768  rand    1000     853   43751   688.77   371.63   370.20   268.27 10819.21    29.1    40.3
sc1-map/Enigma                    768x768  scen    3370    1019   50948   693.76   389.41   392.29   292.52 12626.36    32.4    43.2
sc1-map/Entanglement              512x512  rand    1000     197    9945   347.72   106.90   105.47    57.61  2511.60    23.5    43.6
sc1-map/Entanglement              512x512  scen    1820     365   17678   434.04   149.09   155.45    94.18  4564.70    30.6    48.5
sc1-map/Eruption                  512x512  rand    1000     255   18034   422.22   133.31   138.66    75.78  4547.28    34.1    60.0
sc1-map/Eruption                  512x512  scen    1920     329   22727   408.23   143.03   151.52    88.23  5870.69    41.0    66.5
------------------------------------------------------------------------------------------------------------------------------------
map                                  size   tag   pairs  JPSexp   A*exp      cC#       cC      wC#       wC     A*us   A*/cC   A*/wC
------------------------------------------------------------------------------------------------------------------------------------
sc1-map/Expedition              1024x1024  rand    1000     690   34208  1242.99   433.61   495.65   299.28  9102.66    21.0    30.4
sc1-map/Expedition              1024x1024  scen    3580    1414   58420  1646.12   734.24   876.43   544.66 16039.37    21.8    29.4
sc1-map/FireWalker                512x384  rand    1000     328   27703   423.66   134.29   149.06    77.83  6563.93    48.9    84.3
sc1-map/FireWalker                512x384  scen    2550     392   33547   436.78   143.04   161.06    88.86  7959.60    55.6    89.6
sc1-map/FloodedPlains             768x768  rand    1000     437   32243   760.69   307.07   297.48   193.26  8708.59    28.4    45.1
sc1-map/FloodedPlains             768x768  scen    3050     768   53661   946.91   437.63   443.26   316.63 14692.03    33.6    46.4
sc1-map/GhostTown                 768x512  rand    1000     357   16815   732.58   237.37   238.23   144.40  4322.36    18.2    29.9
sc1-map/GhostTown                 768x512  scen    2510     973   39457  1152.75   444.18   489.04   334.92 10318.06    23.2    30.8
sc1-map/GladiatorPits             768x512  rand    1000     367   34616   695.30   239.47   225.05   137.35  8882.96    37.1    64.7
sc1-map/GladiatorPits             768x512  scen    2710     544   49954   759.63   279.48   264.94   177.71 13124.35    47.0    73.9
sc1-map/GreenerPastures           768x512  rand    1000     177   24396   743.40   142.66   151.85    73.31  6062.90    42.5    82.7
sc1-map/GreenerPastures           768x512  scen    2700     343   46428   866.03   188.94   195.17   112.07 11711.41    62.0   104.5
sc1-map/Hellfire                  768x768  rand    1000     294   29469   684.36   218.95   216.70   124.60  7743.88    35.4    62.1
sc1-map/Hellfire                  768x768  scen    3030     462   45963   757.63   255.17   254.14   165.84 12221.59    47.9    73.7
sc1-map/HotZone                   512x512  rand    1000     126   12684   390.64    94.97    96.97    47.67  3330.24    35.1    69.9
sc1-map/HotZone                   512x512  scen    1850     166   17275   392.86   100.79   106.16    55.95  4576.98    45.4    81.8
sc1-map/IceFloes                  384x384  rand    1000     283   14620   283.68    99.84   100.97    56.03  3419.05    34.2    61.0
sc1-map/IceFloes                  384x384  scen    1680     417   21097   319.70   124.07   132.47    78.92  4999.07    40.3    63.3
sc1-map/IceMountain               512x512  rand    1000     934   43743   945.12   346.31   397.70   242.74 10492.31    30.3    43.2
sc1-map/IceMountain               512x512  scen    3580    1496   68454  1171.73   480.32   588.80   371.27 16326.13    34.0    44.0
sc1-map/Inferno                   768x768  rand    1000    2114   99176  1513.55   893.54   956.93   735.47 24121.97    27.0    32.8
sc1-map/Inferno                   768x768  scen    6010    2546  120055  1723.20  1070.31  1157.79   906.74 29124.63    27.2    32.1
sc1-map/Isolation                 512x512  rand    1000     157   20916   524.92   113.11   123.31    56.32  5128.23    45.3    91.1
sc1-map/Isolation                 512x512  scen    2090     298   37515   593.04   142.97   149.71    82.57  8972.28    62.8   108.7
sc1-map/JungleSiege               768x768  rand    1000     867   67521   957.87   425.73   422.14   303.27 16272.90    38.2    53.7
sc1-map/JungleSiege               768x768  scen    3490    1074   83631  1011.83   479.25   468.60   364.50 20150.25    42.0    55.3
sc1-map/Labyrinth                768x1024  rand    1000     804   69278   990.51   423.48   432.59   302.87 17356.02    41.0    57.3
sc1-map/Labyrinth                768x1024  scen    4440    1029   87711  1025.78   478.41   457.62   357.86 22320.54    46.7    62.4
sc1-map/LakeShore                 768x768  rand    1000     938   76268  1155.36   521.77   537.87   367.03 18825.93    36.1    51.3
sc1-map/LakeShore                 768x768  scen    3950    1449  114189  1413.93   716.02   743.81   595.59 28595.71    39.9    48.0
sc1-map/Legacy                    512x512  rand    1000    1209   21650   850.16   368.98   435.35   271.49  5397.79    14.6    19.9
sc1-map/Legacy                    512x512  scen    2060    1831   29486  1037.07   497.39   614.22   397.63  7473.95    15.0    18.8
sc1-map/Medusa                    768x768  rand    1000     803   48518   948.83   431.22   432.52   292.15 12506.06    29.0    42.8
sc1-map/Medusa                    768x768  scen    3360    1281   72374  1318.62   685.33   770.66   501.12 19112.18    27.9    38.1
sc1-map/Nightshade               1024x768  rand    1000     484   44984  1024.61   334.38   342.05   216.96 12040.53    36.0    55.5
sc1-map/Nightshade               1024x768  scen    3610     785   71077  1297.00   506.19   540.07   374.72 19538.65    38.6    52.1
sc1-map/NovaStation               512x512  rand    1000     439   24560   386.80   162.77   176.71   105.85  5887.98    36.2    55.6
sc1-map/NovaStation               512x512  scen    2770     512   28806   418.09   181.91   200.51   122.87  6887.19    37.9    56.1
sc1-map/Octopus                 1024x1024  rand    1000     654   40735   949.14   412.21   508.43   283.39 10196.55    24.7    36.0
sc1-map/Octopus                 1024x1024  scen    3480     912   54283   923.17   482.58   486.54   376.89 13738.21    28.5    36.5
sc1-map/OrbitalGully              512x512  rand    1000     270   20823   488.63   150.11   149.52    83.50  5429.18    36.2    65.0
sc1-map/OrbitalGully              512x512  scen    2110     487   36472   578.22   218.23   216.58   128.74  9631.13    44.1    74.8
sc1-map/Predators                 512x512  rand    1000     131   10835   323.86    76.31    81.55    39.69  2753.57    36.1    69.4
sc1-map/Predators                 512x512  scen    1510     180   14889   342.98    87.73    92.19    49.87  3817.08    43.5    76.5
sc1-map/PrimevalIsles           1024x1024  rand    1000    1132   47466  1396.03   686.34   728.42   518.29 12983.22    18.9    25.0
sc1-map/PrimevalIsles           1024x1024  scen    3870    1940   78305  1950.31  1058.83  1215.77   893.37 21693.41    20.5    24.3
sc1-map/Ramparts                  512x512  rand    1000     729   35996   631.82   252.72   271.29   171.56  8723.58    34.5    50.8
sc1-map/Ramparts                  512x512  scen    2930     947   47192   680.13   304.89   328.24   223.14 11361.92    37.3    50.9
sc1-map/RedCanyons                512x512  rand    1000     132   13798   393.04    95.99   100.45    46.97  3448.13    35.9    73.4
sc1-map/RedCanyons                512x512  scen    1900     201   21273   423.87   111.96   112.87    62.62  5367.98    47.9    85.7
------------------------------------------------------------------------------------------------------------------------------------
map                                  size   tag   pairs  JPSexp   A*exp      cC#       cC      wC#       wC     A*us   A*/cC   A*/wC
------------------------------------------------------------------------------------------------------------------------------------
sc1-map/RiverLethe                512x768  rand    1000     608   30598   844.98   290.22   316.65   192.65  7712.75    26.6    40.0
sc1-map/RiverLethe                512x768  scen    3110    1539   68830  1374.47   587.05   698.46   459.76 18081.53    30.8    39.3
sc1-map/Rosewood                  512x512  rand    1000     361   13816   443.59   153.63   157.21    94.08  3517.54    22.9    37.4
sc1-map/Rosewood                  512x512  scen    2020     763   26726   600.40   245.13   285.24   179.91  6907.75    28.2    38.4
sc1-map/Sanctuary                 512x512  rand    1000     266   27042   497.74   141.22   155.38    79.37  6748.22    47.8    85.0
sc1-map/Sanctuary                 512x512  scen    2240     363   35499   519.75   156.15   173.43    97.64  8741.55    56.0    89.5
sc1-map/Sandstorm                 512x384  rand    1000     132   11402   215.93    65.12    65.65    35.03  2788.84    42.8    79.6
sc1-map/Sandstorm                 512x384  scen    1780     178   14775   220.05    72.49    75.14    42.88  3661.90    50.5    85.4
sc1-map/SapphireIsles             768x768  rand    1000     341   23369   528.20   189.02   193.23   118.12  5939.81    31.4    50.3
sc1-map/SapphireIsles             768x768  scen    3610     820   52094   771.38   339.74   360.85   252.56 13167.88    38.8    52.1
sc1-map/ShroudPlatform            512x512  rand    1000     483   29154   474.94   179.76   184.23   112.15  7187.32    40.0    64.1
sc1-map/ShroudPlatform            512x512  scen    2540     798   47405   574.52   243.07   253.80   169.76 11748.94    48.3    69.2
sc1-map/Sirocco                   768x512  rand    1000     642   61998   948.27   344.98   358.07   222.52 15072.33    43.7    67.7
sc1-map/Sirocco                   768x512  scen    3190     947   88196  1066.35   430.65   442.60   308.91 21653.47    50.3    70.1
sc1-map/SpaceAtoll                512x512  rand    1000     670   36103   595.76   239.29   248.36   154.67  8889.99    37.2    57.5
sc1-map/SpaceAtoll                512x512  scen    2800     895   47751   628.07   270.84   291.06   192.80 11852.07    43.8    61.5
sc1-map/SpaceDebris               512x512  rand    1000     300   21946   416.36   125.64   135.09    73.95  5494.08    43.7    74.3
sc1-map/SpaceDebris               512x512  scen    2410     479   32886   465.22   160.02   174.43   105.65  8182.78    51.1    77.5
sc1-map/SpringThaw               1024x512  rand    1000     867   40359  1370.74   471.62   588.70   339.14 10248.15    21.7    30.2
sc1-map/SpringThaw               1024x512  scen    3210    1347   60591  1637.98   653.37   864.40   518.00 15743.11    24.1    30.4
sc1-map/SteppingStones            512x512  rand    1000     127   11558   393.77    89.83    92.74    45.50  2929.31    32.6    64.4
sc1-map/SteppingStones            512x512  scen    2450     402   31373   576.47   164.34   182.41   108.27  7988.67    48.6    73.8
sc1-map/TaleofTwoCities           768x512  rand    1000     380   22319   733.26   216.00   230.10   131.78  5476.93    25.4    41.6
sc1-map/TaleofTwoCities           768x512  scen    2510     661   37077   877.59   298.73   316.57   203.66  9270.89    31.0    45.5
sc1-map/TheatreofWar              768x768  rand    1000     389   36420   671.27   199.70   207.84   125.21  9190.48    46.0    73.4
sc1-map/TheatreofWar              768x768  scen    3430     563   50656   727.19   242.53   249.79   171.43 12677.85    52.3    74.0
sc1-map/TheFrozenSea            1024x1024  rand    1000    1395   76275  1746.04   887.57   960.91   679.22 20179.35    22.7    29.7
sc1-map/TheFrozenSea            1024x1024  scen    4090    2098  111701  2156.01  1214.46  1364.17   978.40 30335.76    25.0    31.0
sc1-map/TheHighway                768x512  rand    1000    1144   60137  1129.45   497.62   549.27   361.32 14604.46    29.3    40.4
sc1-map/TheHighway                768x512  scen    4090    1871   96951  1523.16   726.69   820.35   583.71 23072.71    31.8    39.5
sc1-map/ThinIce                   768x512  rand    1000     649   38541   651.21   308.59   295.64   205.62  9563.97    31.0    46.5
sc1-map/ThinIce                   768x512  scen    3040     953   54008   728.73   375.44   367.22   276.46 13444.06    35.8    48.6
sc1-map/Tribes                    768x768  rand    1000     133   18719   606.20   145.87   147.61    75.57  4965.74    34.0    65.7
sc1-map/Tribes                    768x768  scen    2570     242   33898   690.54   189.48   176.97   110.47  9340.96    49.3    84.6
sc1-map/Triskelion                512x512  rand    1000     441   29192   560.43   198.57   193.88   118.49  7283.79    36.7    61.5
sc1-map/Triskelion                512x512  scen    2250     597   38707   600.64   238.10   235.58   155.01  9761.68    41.0    63.0
sc1-map/Turbo                     768x768  rand    1000     331   41859   790.57   260.42   279.90   151.96 10828.16    41.6    71.3
sc1-map/Turbo                     768x768  scen    3650     629   77435   898.40   323.32   313.10   223.08 19844.54    61.4    89.0
sc1-map/Typhoon                   768x512  rand    1000     215   16332   422.22   126.36   142.18    72.87  4067.99    32.2    55.8
sc1-map/Typhoon                   768x512  scen    1910     212   16405   370.45   113.44   127.19    67.86  4144.02    36.5    61.1
sc1-map/ValleyofRe                768x768  rand    1000     779   48646   992.29   427.40   521.11   311.36 12014.64    28.1    38.6
sc1-map/ValleyofRe                768x768  scen    3920    1110   68102  1038.24   473.29   525.56   375.95 16670.32    35.2    44.3
sc1-map/WarpGates                 512x512  rand    1000     233   14928   423.70   139.80   141.19    75.05  3873.41    27.7    51.6
sc1-map/WarpGates                 512x512  scen    2020     362   22674   490.84   175.69   186.95   108.44  5901.11    33.6    54.4
sc1-map/WatersEdge                512x512  rand    1000     201   21032   429.19   133.37   146.26    69.31  5107.78    38.3    73.7
sc1-map/WatersEdge                512x512  scen    2200     216   22161   399.66   127.78   138.49    69.40  5400.95    42.3    77.8
sc1-map/WaypointJunction          512x512  rand    1000     246   15535   463.97   156.67   170.46    83.40  3967.50    25.3    47.6
sc1-map/WaypointJunction          512x512  scen    1610     308   19739   393.43   123.16   130.78    72.43  5018.43    40.7    69.3
sc1-map/WheelofWar                768x768  rand    1000     402   50335   835.78   269.48   263.56   163.24 13098.27    48.6    80.2
sc1-map/WheelofWar                768x768  scen    3020     509   63219   844.02   292.79   274.11   196.30 16507.90    56.4    84.1
------------------------------------------------------------------------------------------------------------------------------------
map                                  size   tag   pairs  JPSexp   A*exp      cC#       cC      wC#       wC     A*us   A*/cC   A*/wC
------------------------------------------------------------------------------------------------------------------------------------
sc1-map/WinterConquest            512x512  rand    1000     386   26543   517.98   166.87   181.39   101.80  6471.25    38.8    63.6
sc1-map/WinterConquest            512x512  scen    2210     456   30431   510.62   172.83   191.23   113.49  7482.33    43.3    65.9
wc3maps512-map/battleground       512x512  rand    1000      35    4509   188.54    39.61    37.23    17.07  1099.39    27.8    64.4
wc3maps512-map/battleground       512x512  scen    1330      62    7966   212.25    49.29    49.11    24.42  1998.41    40.5    81.8
wc3maps512-map/blastedlands       512x512  rand    1000      62    6904   242.49    58.42    54.76    26.79  1717.83    29.4    64.1
wc3maps512-map/blastedlands       512x512  scen    1360      83    9210   252.96    65.63    60.48    32.32  2315.68    35.3    71.7
wc3maps512-map/bloodvenomfalls    512x512  rand    1000     103    9143   276.59    71.66    67.34    35.59  2266.72    31.6    63.7
wc3maps512-map/bloodvenomfalls    512x512  scen    1570     197   16371   328.55    97.72    98.06    57.75  4109.46    42.1    71.2
wc3maps512-map/bootybay           512x512  rand    1000      82   12523   217.57    50.94    50.97    25.96  3072.54    60.3   118.4
wc3maps512-map/bootybay           512x512  scen    2210     179   27745   275.58    81.97    83.54    46.28  6921.37    84.4   149.5
wc3maps512-map/darkforest         512x512  rand    1000      45    5990   182.55    47.58    41.27    20.36  1489.70    31.3    73.2
wc3maps512-map/darkforest         512x512  scen    1510      84   10854   202.30    58.44    57.69    30.95  2737.69    46.8    88.5
wc3maps512-map/deadwaterdrop      512x512  rand    1000      41    5281   188.91    42.75    37.71    18.41  1311.19    30.7    71.2
wc3maps512-map/deadwaterdrop      512x512  scen    1120      59    7745   202.36    48.44    48.80    23.22  1954.70    40.4    84.2
wc3maps512-map/divideandconqu~    512x512  rand    1000     125   11775   309.88    98.51    83.81    48.92  2967.25    30.1    60.7
wc3maps512-map/divideandconqu~    512x512  scen    1630     216   19798   365.96   129.77   113.79    73.57  5063.84    39.0    68.8
wc3maps512-map/dragonfire         512x512  rand    1000      65    7310   236.78    73.47    61.35    32.86  1919.84    26.1    58.4
wc3maps512-map/dragonfire         512x512  scen    1460     112   12670   254.74    76.18    72.21    40.28  3306.38    43.4    82.1
wc3maps512-map/drywatergulch      512x512  rand    1000     174   21038   371.30   107.16    99.67    54.38  5272.80    49.2    97.0
wc3maps512-map/drywatergulch      512x512  scen    1980     315   36153   445.36   142.38   146.79    86.33  9068.27    63.7   105.0
wc3maps512-map/duskwood           512x512  rand    1000      39    7483   249.67    54.15    49.18    22.64  1857.77    34.3    82.0
wc3maps512-map/duskwood           512x512  scen    1540      57   11163   257.92    60.27    54.95    28.68  2840.65    47.1    99.0
wc3maps512-map/dustwallowkeys     512x512  rand    1000      69   10727   396.65    76.71    77.58    36.03  2804.00    36.6    77.8
wc3maps512-map/dustwallowkeys     512x512  scen    1690     125   18508   447.40    99.37    95.23    50.32  4977.48    50.1    98.9
wc3maps512-map/frostsabre         512x512  rand    1000      41    5240   181.12    42.98    39.69    18.49  1304.60    30.4    70.6
wc3maps512-map/frostsabre         512x512  scen    1310      64    8231   203.15    50.92    48.10    25.55  2084.47    40.9    81.6
wc3maps512-map/gardenofwar        512x512  rand    1000      58    8218   237.01    63.59    55.20    27.32  2056.51    32.3    75.3
wc3maps512-map/gardenofwar        512x512  scen    1440      73   10978   244.79    68.01    61.73    32.81  2796.97    41.1    85.2
wc3maps512-map/gnollwood          512x512  rand    1000      34    4467   204.49    44.82    41.89    19.23  1142.13    25.5    59.4
wc3maps512-map/gnollwood          512x512  scen    1260      47    6202   229.39    58.08    52.20    26.55  1624.12    28.0    61.2
wc3maps512-map/golemsinthemist    512x512  rand    1000      39    6371   240.36    55.54    49.39    23.87  1620.80    29.2    67.9
wc3maps512-map/golemsinthemist    512x512  scen    1400      56    9355   235.13    55.35    51.01    25.51  2358.93    42.6    92.5
wc3maps512-map/harvestmoon        512x512  rand    1000      98   10709   264.42    73.68    69.79    36.00  2755.68    37.4    76.5
wc3maps512-map/harvestmoon        512x512  scen    1420     129   13768   269.00    81.87    79.94    44.10  3573.74    43.6    81.0
wc3maps512-map/heart2heart        512x512  rand    1000      70   17064   282.34    55.91    54.27    25.29  4012.14    71.8   158.7
wc3maps512-map/heart2heart        512x512  scen    2030     115   27153   306.49    67.37    65.52    34.76  6340.91    94.1   182.4
wc3maps512-map/hillsofglory       512x512  rand    1000      24    6838   203.38    38.60    34.74    14.06  1722.72    44.6   122.5
wc3maps512-map/hillsofglory       512x512  scen    1350      40   12693   217.63    44.80    43.77    19.69  3243.47    72.4   164.7
wc3maps512-map/icecrown           512x512  rand    1000      41    6841   349.87    56.20    61.75    25.96  1756.46    31.3    67.6
wc3maps512-map/icecrown           512x512  scen    1720     112   16961   470.50    90.70    89.64    47.53  4555.58    50.2    95.9
wc3maps512-map/isleofdread        512x512  rand    1000     120   12239   338.67    83.10    82.53    40.46  3118.32    37.5    77.1
wc3maps512-map/isleofdread        512x512  scen    1580     176   18528   361.60    98.26    99.09    53.55  4775.60    48.6    89.2
wc3maps512-map/losttemple         512x512  rand    1000      53    5391   222.26    57.77    49.86    25.04  1397.96    24.2    55.8
wc3maps512-map/losttemple         512x512  scen    1390      90    8900   243.70    67.81    66.34    35.89  2342.15    34.5    65.3
wc3maps512-map/moonglade          512x512  rand    1000      43    6327   305.32    67.48    60.37    30.91  1600.38    23.7    51.8
wc3maps512-map/moonglade          512x512  scen    1710     130   17382   382.60    89.29    90.32    48.15  4430.64    49.6    92.0
wc3maps512-map/mysticisles        512x512  rand    1000     107   14911   314.96    78.96    71.61    37.56  3720.39    47.1    99.0
wc3maps512-map/mysticisles        512x512  scen    2060     189   26017   338.18   101.67   104.29    57.65  6487.96    63.8   112.5
wc3maps512-map/nighthaven         512x512  rand    1000      33    9642   303.57    51.67    49.95    21.93  2471.04    47.8   112.7
wc3maps512-map/nighthaven         512x512  scen    1420      46   14062   314.95    57.28    56.56    26.55  3686.12    64.4   138.8
------------------------------------------------------------------------------------------------------------------------------------
map                                  size   tag   pairs  JPSexp   A*exp      cC#       cC      wC#       wC     A*us   A*/cC   A*/wC
------------------------------------------------------------------------------------------------------------------------------------
wc3maps512-map/petrifiedforest    512x512  rand    1000      71    7841   277.56    83.25    66.66    36.80  1996.10    24.0    54.2
wc3maps512-map/petrifiedforest    512x512  scen    1520     124   12940   290.09    82.27    74.20    43.48  3301.37    40.1    75.9
wc3maps512-map/plaguelands        512x512  rand    1000      74    7886   195.73    54.50    51.54    26.80  1981.34    36.4    73.9
wc3maps512-map/plaguelands        512x512  scen    1600     140   15213   233.36    72.34    74.65    41.91  3875.05    53.6    92.5
wc3maps512-map/plainsofsnow       512x512  rand    1000      23    7091   211.96    35.34    34.76    13.91  1740.95    49.3   125.2
wc3maps512-map/plainsofsnow       512x512  scen    1480      35   12595   240.96    42.59    40.11    17.79  3218.00    75.6   180.9
wc3maps512-map/plunderisle        512x512  rand    1000      59   12645   395.30    71.81    73.76    30.68  3232.03    45.0   105.4
wc3maps512-map/plunderisle        512x512  scen    1640      78   16443   397.01    87.48    84.02    35.81  4280.97    48.9   119.6
wc3maps512-map/riverrun           512x512  rand    1000     263   15970   429.92   171.03   146.15    88.99  4112.07    24.0    46.2
wc3maps512-map/riverrun           512x512  scen    2010     494   28283   512.42   193.02   213.17   132.06  7083.18    36.7    53.6
wc3maps512-map/scorchedbasin      512x512  rand    1000      28    4286   158.33    37.39    32.02    14.94  1049.68    28.1    70.3
wc3maps512-map/scorchedbasin      512x512  scen    1270      54    8523   185.31    46.87    45.10    23.20  2129.69    45.4    91.8
wc3maps512-map/stromguarde        512x512  rand    1000      60    3498   210.34    49.84    44.94    22.03   861.55    17.3    39.1
wc3maps512-map/stromguarde        512x512  scen    1090     162    8502   294.14    84.00    80.50    44.44  2144.80    25.5    48.3
wc3maps512-map/swampofsorrows     512x512  rand    1000      74    6501   269.88    73.19    68.58    29.01  1694.63    23.2    58.4
wc3maps512-map/swampofsorrows     512x512  scen    1310     118   10011   281.26    73.32    73.67    37.94  2648.40    36.1    69.8
wc3maps512-map/thecrucible        512x512  rand    1000      54    5827   149.71    45.52    40.49    20.35  1422.37    31.2    69.9
wc3maps512-map/thecrucible        512x512  scen    1180      67    7493   166.95    48.37    48.07    24.66  1872.78    38.7    75.9
wc3maps512-map/theglaive          512x512  rand    1000      32    6328   238.45    45.29    42.02    17.63  1594.69    35.2    90.4
wc3maps512-map/theglaive          512x512  scen    1450      59   12557   271.42    54.91    53.44    25.68  3213.53    58.5   125.2
wc3maps512-map/timbermawhold      512x512  rand    1000      74    9655   364.44    73.54    70.96    34.61  2412.46    32.8    69.7
wc3maps512-map/timbermawhold      512x512  scen    2080     296   30583   595.92   151.66   163.02    97.54  7604.29    50.1    78.0
wc3maps512-map/tranquilpaths      512x512  rand    1000      69    6768   163.69    52.87    45.33    25.22  1696.10    32.1    67.2
wc3maps512-map/tranquilpaths      512x512  scen    1340      96    9621   175.40    58.60    54.95    31.43  2463.38    42.0    78.4
------------------------------------------------------------------------------------------------------------------------------------
[rand] 562000 pairs: C# cold 111086ms / hot 39684ms; C cold 40280ms / hot 23687ms; A* 1078765ms; A*/C cold 26.8x hot 45.5x; C#/C cold 2.76x hot 1.68x
[scen] 1414808 pairs: C# cold 497933ms / hot 254733ms; C cold 234795ms / hot 168361ms; A* 6676169ms; A*/C cold 28.4x hot 39.7x; C#/C cold 2.12x hot 1.51x
