# JPS(C#/C) cold/hot vs A* benchmark   2026-07-05 03:46:36
Host OS:  Microsoft Windows 10.0.26200 (X64)
Host CPU: AMD Ryzen 7 5800X3D 8-Core Processor; 16 logical cores
Runtime:  .NET 10.0.9 (X64)
Build config: corner-cutting=off, concurrent-cache=on
Native: enabled (G:\GitHub\JPS\x64\Release\JPS.Native.dll)
Scope: movingai/; 1354 .scen / 562 maps; rand target 1000/map; scen dedup 1414808 from 1423420
Parallelism: 6 map workers (default is half of logical cores)
Timing mode: parallel throughput by map group. Rows are emitted in map dispatch order as results arrive.
cold = before each query flip a few cells in a small window then restore + Sync (invalidates the jump-point cache); hot = warm cache reuse.

Columns:
  map          map name (relative path)
  size         width x height
  tag          rand = random sampled pairs / scen = .scen cases
  pairs        start/goal pairs timed
  JPSexp/A*exp mean expanded nodes per query (JPS / A*)
  cC# / cC     C# / C JPS cold-path mean time (us/query)
  wC# / wC     C# / C JPS hot-path mean time (us/query)
  A*us         A* mean time per query (us/query)
  A*/cC A*/wC  A*us divided by C cold / hot time (higher = C JPS faster than A*)
  color: cC/wC vs same-language C# faster=green slower=red; any JPS time slower than A*=red; A*/cC or A*/wC < 1 = red

------------------------------------------------------------------------------------------------------------------------------------
map                                  size   tag   pairs  JPSexp   A*exp      cC#       cC      wC#       wC     A*us   A*/cC   A*/wC
------------------------------------------------------------------------------------------------------------------------------------
bg512-map/AR0011SR                512x512  rand    1000      68   17271   148.37    38.76    23.03    14.39  1887.77    48.7   131.2
bg512-map/AR0011SR                512x512  scen    2180     130   32731   174.78    53.32    35.07    22.30  3752.89    70.4   168.3
bg512-map/AR0012SR                512x512  rand    1000      44    7727    87.50    28.52    17.87    10.39   910.62    31.9    87.7
bg512-map/AR0012SR                512x512  scen    1370      68   12706    90.23    32.82    21.62    15.10  1499.91    45.7    99.3
bg512-map/AR0013SR                512x512  rand    1000      38    4738    75.65    24.78    15.84     9.58   562.76    22.7    58.7
bg512-map/AR0013SR                512x512  scen    1260      66    8648    76.31    29.03    19.75    13.27  1040.75    35.9    78.4
bg512-map/AR0014SR                512x512  rand    1000      30    5139    80.91    26.30    14.70     9.62   637.62    24.2    66.3
bg512-map/AR0014SR                512x512  scen    1290      51    9225    76.05    27.69    18.07    11.99  1143.31    41.3    95.3
bg512-map/AR0015SR                512x512  rand    1000      13    4549   113.88    24.26    12.74     6.53   596.19    24.6    91.2
bg512-map/AR0015SR                512x512  scen    1310      21    9011   126.65    32.68    19.14    11.78  1401.58    42.9   118.9
bg512-map/AR0016SR                512x512  rand    1000      14    4744   113.44    26.62    17.20     6.95   718.59    27.0   103.4
bg512-map/AR0016SR                512x512  scen    1220      18    7090    80.39    23.72    14.78     8.03   903.12    38.1   112.4
bg512-map/AR0017SR                512x512  rand    1000      15    6698    97.16    27.30    14.48     8.76   809.44    29.6    92.5
bg512-map/AR0017SR                512x512  scen    1400      25   13490   128.19    35.76    19.90    13.23  2146.92    60.0   162.2
bg512-map/AR0018SR                512x512  rand    1000      21    5146    86.44    22.73    12.69     7.32   570.02    25.1    77.9
bg512-map/AR0018SR                512x512  scen    1490      59   16192   113.30    32.35    20.15    12.72  1855.80    57.4   145.9
bg512-map/AR0020SR                512x512  rand    1000       8    3097   116.71    21.85    13.41     5.66   348.08    15.9    61.5
bg512-map/AR0020SR                512x512  scen    1320      10    5477   119.03    24.43    14.24     7.21   606.74    24.8    84.2
bg512-map/AR0041SR                512x512  rand    1000       5    3982   204.03    36.77    18.56     7.68   549.52    14.9    71.5
bg512-map/AR0041SR                512x512  scen    1440       6    5676   208.13    31.71    14.35     5.61   762.00    24.0   135.9
bg512-map/AR0042SR                512x512  rand    1000       5    4586   254.82    37.99    20.97     6.46   485.94    12.8    75.2
bg512-map/AR0042SR                512x512  scen    1610       6    7589   284.26    41.61    20.40     6.87   821.37    19.7   119.5
bg512-map/AR0043SR                512x512  rand    1000       5    4011   186.54    29.98    17.61     5.44   429.50    14.3    78.9
bg512-map/AR0043SR                512x512  scen    1390       7    6856   210.98    34.83    17.19     6.19   814.21    23.4   131.4
bg512-map/AR0044SR                512x512  rand    1000       7    5615   394.29    53.29    36.05     8.33   688.81    12.9    82.7
bg512-map/AR0044SR                512x512  scen    1670       9    7867   409.60    59.73    27.78     8.63   931.72    15.6   107.9
bg512-map/AR0045SR                512x512  rand    1000       6    4220   148.62    26.22    14.00     6.11   464.97    17.7    76.1
bg512-map/AR0045SR                512x512  scen    1500      10   10120   162.06    29.95    14.61     7.69  1142.82    38.2   148.7
bg512-map/AR0046SR                512x512  rand    1000       8    4869   163.60    31.61    17.16     6.42   564.85    17.9    88.0
bg512-map/AR0046SR                512x512  scen    1580      10    7625   184.87    34.14    18.41     8.59   910.44    26.7   105.9
bg512-map/AR0070SR                512x512  rand    1000      56   21138   112.53    36.69    24.31    14.38  2311.59    63.0   160.8
bg512-map/AR0070SR                512x512  scen    2720      72   28169   117.05    40.43    27.52    18.57  2981.42    73.7   160.5
bg512-map/AR0071SR                512x512  rand    1000      63   14636   114.69    41.57    26.99    16.63  2102.46    50.6   126.4
bg512-map/AR0071SR                512x512  scen    1850      73   17470   103.76    45.35    30.97    22.50  2515.73    55.5   111.8
bg512-map/AR0072SR                512x512  rand    1000      33   11703    90.66    24.05    14.88     9.25  1344.40    55.9   145.3
bg512-map/AR0072SR                512x512  scen    2060      47   18023    93.12    26.63    18.27    10.95  2059.85    77.4   188.2
bg512-map/AR0201SR                512x512  rand    1000      16    2843    29.59    11.62     7.40     5.79   319.58    27.5    55.2
bg512-map/AR0201SR                512x512  scen    1380      25    4844    32.92    14.54    10.19     7.25   542.36    37.3    74.8
bg512-map/AR0202SR                512x512  rand    1000     213   17340    96.18    48.52    40.38    28.34  1836.14    37.8    64.8
bg512-map/AR0202SR                512x512  scen    3170     295   23643   110.97    57.21    51.92    39.35  2375.96    41.5    60.4
bg512-map/AR0203SR                512x512  rand    1000       8    4338   149.26    25.45    16.38     5.88   486.92    19.1    82.9
bg512-map/AR0203SR                512x512  scen    1360      12    7993   145.41    28.28    14.86     7.61   931.56    32.9   122.4
bg512-map/AR0204SR                512x512  rand    1000     125   12187    89.66    36.58    29.60    20.50  1387.60    37.9    67.7
bg512-map/AR0204SR                512x512  scen    2210     177   16582    91.58    40.53    34.49    24.49  1754.73    43.3    71.7
bg512-map/AR0205SR                512x512  rand    1000     108    9832    89.24    34.54    23.77    16.89  1116.78    32.3    66.1
bg512-map/AR0205SR                512x512  scen    1900     216   18167   114.25    48.88    41.99    29.48  2119.37    43.4    71.9
bg512-map/AR0206SR                512x512  rand    1000      15    4019    98.51    23.98    14.30     7.01   589.28    24.6    84.1
bg512-map/AR0206SR                512x512  scen    1150      24    7178   101.11    24.53    18.39    11.39  1088.42    44.4    95.6
bg512-map/AR0300SR                512x512  rand    1000     170   11286   111.09    42.94    35.20    23.54  1373.00    32.0    58.3
bg512-map/AR0300SR                512x512  scen    1910     279   17646   137.79    58.63    51.05    36.91  2128.21    36.3    57.7
------------------------------------------------------------------------------------------------------------------------------------
map                                  size   tag   pairs  JPSexp   A*exp      cC#       cC      wC#       wC     A*us   A*/cC   A*/wC
------------------------------------------------------------------------------------------------------------------------------------
bg512-map/AR0301SR                512x512  rand    1000      17    6205    98.18    28.90    16.12     9.19   931.81    32.2   101.4
bg512-map/AR0301SR                512x512  scen    1480      28   11978   116.58    29.46    23.75    12.87  1851.30    62.8   143.8
bg512-map/AR0302SR                512x512  rand    1000      18    5936    75.76    20.27    12.41     6.64   666.74    32.9   100.3
bg512-map/AR0302SR                512x512  scen    1300      24    9007    76.40    22.44    14.41     8.52  1091.66    48.6   128.2
bg512-map/AR0303SR                512x512  rand    1000      14    5293    84.23    20.85    12.46     7.15   594.90    28.5    83.2
bg512-map/AR0303SR                512x512  scen    1340      20    8895    90.99    24.19    15.21     8.26  1055.10    43.6   127.8
bg512-map/AR0304SR                512x512  rand    1000      21    6842    71.41    21.29    13.72     7.52   776.13    36.5   103.2
bg512-map/AR0304SR                512x512  scen    1340      28    9649    68.35    22.28    14.15     9.04  1097.45    49.3   121.4
bg512-map/AR0305SR                512x512  rand    1000      26    6311    74.27    21.76    13.53     7.88   682.18    31.4    86.5
bg512-map/AR0305SR                512x512  scen    1430      41   11322    74.99    23.35    16.51     9.31  1208.97    51.8   129.8
bg512-map/AR0306SR                512x512  rand    1000      19    7252    77.53    21.03    12.12     6.76   846.40    40.3   125.2
bg512-map/AR0306SR                512x512  scen    1290      27   11115    79.20    23.10    14.99     9.19  1281.92    55.5   139.6
bg512-map/AR0307SR                512x512  rand    1000     359   14089   113.59    67.08    60.00    45.48  1455.92    21.7    32.0
bg512-map/AR0307SR                512x512  scen    3380     507   19937   133.40    85.47    83.68    63.50  1952.93    22.8    30.8
bg512-map/AR0308SR                512x512  rand    1000      46    7961   164.42    42.44    27.96    15.37  1191.72    28.1    77.5
bg512-map/AR0308SR                512x512  scen    1600     109   18185   193.92    57.29    41.06    26.32  2688.93    46.9   102.2
bg512-map/AR0309SR                512x512  rand    1000      43    7800    81.67    25.40    15.80     9.92   915.21    36.0    92.2
bg512-map/AR0309SR                512x512  scen    1620      84   15289    90.33    33.65    24.91    15.60  1802.19    53.6   115.6
bg512-map/AR0310SR                512x512  rand    1000       6    2501   120.75    19.66    11.82     7.21   288.67    14.7    40.0
bg512-map/AR0310SR                512x512  scen    1070       8    4291   131.69    22.75    12.56     5.46   492.03    21.6    90.0
bg512-map/AR0314SR                512x512  rand    1000      10    3324    80.46    19.86    12.11     5.61   365.42    18.4    65.2
bg512-map/AR0314SR                512x512  scen    1170      16    6732    91.78    21.08    13.16     6.93   769.90    36.5   111.1
bg512-map/AR0316SR                512x512  rand    1000      12    3254    85.61    18.06    10.64     5.98   373.50    20.7    62.4
bg512-map/AR0316SR                512x512  scen    1230      21    7349    86.63    25.10    17.18     7.96   901.47    35.9   113.2
bg512-map/AR0317SR                512x512  rand    1000      10    3365    84.35    18.07    11.86     5.43   359.49    19.9    66.2
bg512-map/AR0317SR                512x512  scen    1230      16    7039    89.86    21.24    13.80     7.16   772.89    36.4   107.9
bg512-map/AR0331SR                512x512  rand    1000      14    5654    60.97    17.55    10.21     6.40   618.34    35.2    96.6
bg512-map/AR0331SR                512x512  scen    1290      19    8378    59.34    19.88    11.71     7.85   900.89    45.3   114.7
bg512-map/AR0400SR                512x512  rand    1000     142   21275   135.39    46.83    33.50    22.26  2253.57    48.1   101.2
bg512-map/AR0400SR                512x512  scen    2890     247   35089   156.29    60.29    46.40    33.80  3666.21    60.8   108.5
bg512-map/AR0404SR                512x512  rand    1000     106   11349    85.50    37.76    31.57    16.95  1375.88    36.4    81.2
bg512-map/AR0404SR                512x512  scen    1900     131   14281    85.85    39.45    30.33    23.47  1672.31    42.4    71.3
bg512-map/AR0405SR                512x512  rand    1000      67   16694   101.85    33.96    23.76    13.68  1802.78    53.1   131.7
bg512-map/AR0405SR                512x512  scen    1990      93   24264   110.67    36.93    26.96    17.26  2636.45    71.4   152.7
bg512-map/AR0406SR                512x512  rand    1000     201   13008   100.87    48.49    40.46    28.12  1467.08    30.3    52.2
bg512-map/AR0406SR                512x512  scen    2240     293   18770   113.29    59.09    53.51    38.86  2038.26    34.5    52.5
bg512-map/AR0410SR                512x512  rand    1000       8    2855   104.27    21.79    10.95     7.54   400.40    18.4    53.1
bg512-map/AR0410SR                512x512  scen    1160      11    4976   113.28    22.40    14.00     8.50   705.68    31.5    83.0
bg512-map/AR0411SR                512x512  rand    1000     126   14443   114.06    48.39    40.32    25.16  1976.40    40.8    78.6
bg512-map/AR0411SR                512x512  scen    2430     154   17414   111.39    50.52    42.65    31.36  2368.48    46.9    75.5
bg512-map/AR0412SR                512x512  rand    1000      27    6085   102.98    28.13    18.71     8.06   703.42    25.0    87.3
bg512-map/AR0412SR                512x512  scen    1500      50   11129   107.29    28.80    19.18    10.66  1340.77    46.6   125.8
bg512-map/AR0413SR                512x512  rand    1000      23    3632    29.08    13.29     8.34     6.30   381.61    28.7    60.6
bg512-map/AR0413SR                512x512  scen    1530      34    5882    31.64    14.48     9.80     6.95   621.58    42.9    89.5
bg512-map/AR0414SR                512x512  rand    1000      49    5052    80.58    24.45    15.77     9.52   603.89    24.7    63.4
bg512-map/AR0414SR                512x512  scen    1250     135   11865   110.27    37.28    28.47    19.17  1395.73    37.4    72.8
bg512-map/AR0418SR                512x512  rand    1000       3    1573   246.94    20.91    20.66     3.28   180.89     8.7    55.2
bg512-map/AR0418SR                512x512  scen     850       3    2749   236.81    18.91    23.22     3.72   301.04    15.9    80.9
bg512-map/AR0500SR                512x512  rand    1000     116   10986    94.71    35.28    25.88    17.23  1304.88    37.0    75.7
bg512-map/AR0500SR                512x512  scen    2140     200   18531   109.24    46.57    37.16    26.18  2100.24    45.1    80.2
------------------------------------------------------------------------------------------------------------------------------------
map                                  size   tag   pairs  JPSexp   A*exp      cC#       cC      wC#       wC     A*us   A*/cC   A*/wC
------------------------------------------------------------------------------------------------------------------------------------
bg512-map/AR0502SR                512x512  rand    1000      11    4508    85.26    19.86    12.14     6.02   502.32    25.3    83.5
bg512-map/AR0502SR                512x512  scen    1240      15    7591    85.31    21.59    11.98     7.01   865.59    40.1   123.5
bg512-map/AR0503SR                512x512  rand    1000      12    3072    49.63    15.66     8.82     6.10   362.34    23.1    59.4
bg512-map/AR0503SR                512x512  scen    1140      18    5481    50.25    17.19    11.10     6.04   675.89    39.3   111.9
bg512-map/AR0504SR                512x512  rand    1000      52    6862    97.14    28.75    18.85    11.46   798.27    27.8    69.6
bg512-map/AR0504SR                512x512  scen    1330      81   10727   106.73    34.18    25.04    15.55  1312.15    38.4    84.4
bg512-map/AR0505SR                512x512  rand    1000      46    8048   105.43    31.36    18.83    10.63   964.95    30.8    90.8
bg512-map/AR0505SR                512x512  scen    1610     116   19851   136.07    44.13    30.53    20.05  2389.68    54.2   119.2
bg512-map/AR0506SR                512x512  rand    1000      12    4587    96.66    19.96    12.80     6.40   530.05    26.6    82.9
bg512-map/AR0506SR                512x512  scen    1040      14    6161    78.87    19.67    11.22     6.63   783.82    39.9   118.1
bg512-map/AR0509SR                512x512  rand    1000      18    5640    86.51    22.96    13.23     7.31   776.25    33.8   106.2
bg512-map/AR0509SR                512x512  scen    1380      32   11514   103.13    27.46    18.74    11.44  1615.21    58.8   141.2
bg512-map/AR0510SR                512x512  rand    1000      46    6430   123.16    38.64    24.91    11.20  1014.81    26.3    90.6
bg512-map/AR0510SR                512x512  scen    1440      69   10357   142.24    44.09    30.18    21.69  1655.53    37.6    76.3
bg512-map/AR0511SR                512x512  rand    1000      24    6432    83.83    22.96    14.07     8.41   746.07    32.5    88.7
bg512-map/AR0511SR                512x512  scen    1370      34    9690    87.82    25.57    16.35    10.36  1147.67    44.9   110.7
bg512-map/AR0513SR                512x512  rand    1000      13    5418   108.75    24.03    14.90     6.81   645.90    26.9    94.8
bg512-map/AR0513SR                512x512  scen    1430      21   11963   121.40    29.51    15.83     8.97  1504.85    51.0   167.9
bg512-map/AR0516SR                512x512  rand    1000      37    5243    50.80    18.68    13.08     8.26   570.22    30.5    69.0
bg512-map/AR0516SR                512x512  scen    1470      54    8044    52.71    21.00    14.75    10.87   908.46    43.3    83.6
bg512-map/AR0517SR                512x512  rand    1000       3    2003   117.46    19.60    11.18     3.80   219.49    11.2    57.7
bg512-map/AR0517SR                512x512  scen     990       4    3625   112.19    19.22    11.71     4.26   390.65    20.3    91.8
bg512-map/AR0526SR                512x512  rand    1000      14    5654    62.91    16.89    10.54     6.09   654.06    38.7   107.4
bg512-map/AR0526SR                512x512  scen    1270      19    8022    60.49    19.26    12.13     7.49   929.22    48.3   124.0
bg512-map/AR0600SR                512x512  rand    1000      34    3171    30.43    14.56     9.00     6.62   335.18    23.0    50.6
bg512-map/AR0600SR                512x512  scen    1470      44    4524    31.58    15.22    10.30     7.47   473.60    31.1    63.4
bg512-map/AR0601SR                512x512  rand    1000      28    4438    58.55    26.07    16.85    12.57   624.37    24.0    49.7
bg512-map/AR0601SR                512x512  scen    1680      42    6913    59.03    24.46    18.79    11.69   937.74    38.3    80.2
bg512-map/AR0602SR                512x512  rand    1000     285   15096   132.65    63.74    53.76    36.53  1733.47    27.2    47.5
bg512-map/AR0602SR                512x512  scen    2460     375   19826   137.36    73.00    65.84    46.35  2093.22    28.7    45.2
bg512-map/AR0603SR                512x512  rand    1000     124   12819    78.50    36.09    27.31    19.14  1336.62    37.0    69.8
bg512-map/AR0603SR                512x512  scen    2930     205   20355    94.76    47.55    38.48    28.35  2070.53    43.5    73.0
bg512-map/AR0604SR                512x512  rand    1000      30   12815   118.14    29.30    18.49     9.73  1517.31    51.8   155.9
bg512-map/AR0604SR                512x512  scen    2310      54   24897   124.22    34.20    20.60    13.39  2650.77    77.5   198.0
bg512-map/AR0605SR                512x512  rand    1000       9    4667   183.24    31.12    21.14     6.71   512.75    16.5    76.4
bg512-map/AR0605SR                512x512  scen    1260      11    6295   184.43    31.45    17.54     7.02   678.57    21.6    96.7
bg512-map/AR0700SR                512x512  rand    1000     236   13179   171.21    67.19    47.47    34.12  1676.65    25.0    49.1
bg512-map/AR0700SR                512x512  scen    1930     423   21858   220.00    92.81    83.45    54.83  2879.44    31.0    52.5
bg512-map/AR0701SR                512x512  rand    1000     108    7396   135.59    40.95    35.04    23.70  1136.53    27.8    48.0
bg512-map/AR0701SR                512x512  scen    1680     178   11686   151.20    61.73    52.35    37.12  1887.05    30.6    50.8
bg512-map/AR0702SR                512x512  rand    1000      26    5149    70.18    21.08    12.90     7.64   594.65    28.2    77.8
bg512-map/AR0702SR                512x512  scen    1290      35    7931    70.77    22.47    14.26     8.96   934.75    41.6   104.3
bg512-map/AR0704SR                512x512  rand    1000      30    7175    78.24    23.02    13.98     8.50   833.66    36.2    98.1
bg512-map/AR0704SR                512x512  scen    1530      61   15818   101.29    30.28    20.14    13.74  1917.09    63.3   139.6
bg512-map/AR0705SR                512x512  rand    1000      98   17966   121.03    47.49    38.06    21.75  2494.10    52.5   114.7
bg512-map/AR0705SR                512x512  scen    2800     148   27004   141.31    60.40    49.82    36.22  3749.06    62.1   103.5
bg512-map/AR0709SR                512x512  rand    1000      15    4899   101.31    23.97    15.41     6.54   590.39    24.6    90.3
bg512-map/AR0709SR                512x512  scen    1260      20    7474   110.05    26.93    15.56     8.03   909.13    33.8   113.2
bg512-map/AR0711SR                512x512  rand    1000      40    5834    47.73    17.62    11.56     8.25   626.87    35.6    76.0
bg512-map/AR0711SR                512x512  scen    1900      60    9320    51.46    20.93    15.10    11.05  1022.22    48.8    92.5
------------------------------------------------------------------------------------------------------------------------------------
map                                  size   tag   pairs  JPSexp   A*exp      cC#       cC      wC#       wC     A*us   A*/cC   A*/wC
------------------------------------------------------------------------------------------------------------------------------------
bgmaps-map/AR0011SR               216x224  rand    1000      53    3226    51.98    20.38    11.77     7.42   335.79    16.5    45.3
bgmaps-map/AR0011SR               216x224  scen     930     101    5899    67.25    28.16    19.35    12.92   640.45    22.7    49.6
bgmaps-map/AR0012SR               148x139  rand    1000      37     663    22.15    13.38     7.75     5.47    77.46     5.8    14.2
bgmaps-map/AR0012SR               148x139  scen     380      54    1019    25.43    15.17    11.71     7.50   114.93     7.6    15.3
bgmaps-map/AR0013SR               148x144  rand    1000      39     474    19.75    12.30     7.70     5.74    54.50     4.4     9.5
bgmaps-map/AR0013SR               148x144  scen     360      61     756    23.35    14.87    11.38     7.63    88.32     5.9    11.6
bgmaps-map/AR0014SR               148x144  rand    1000      28     472    17.87    10.04     6.15     4.38    55.74     5.6    12.7
bgmaps-map/AR0014SR               148x144  scen     350      40     684    19.74    12.51     8.75     7.24    75.33     6.0    10.4
bgmaps-map/AR0015SR                 88x86  rand    1000      12     168    11.26     7.18     3.97     2.74    21.93     3.1     8.0
bgmaps-map/AR0015SR                 88x86  scen     200      15     222    11.53     7.78     5.29     3.58    26.27     3.4     7.3
bgmaps-map/AR0016SR                 88x86  rand    1000      14     185    11.75     7.46     4.60     3.00    22.70     3.0     7.6
bgmaps-map/AR0016SR                 88x86  scen     220      18     279    13.77     9.67     5.12     4.22    32.34     3.3     7.7
bgmaps-map/AR0017SR                 88x86  rand    1000      15     250    13.66     7.67     4.31     3.10    28.42     3.7     9.2
bgmaps-map/AR0017SR                 88x86  scen     220      20     369    14.92     9.28     6.66     5.10    41.61     4.5     8.2
bgmaps-map/AR0018SR                100x96  rand    1000      17     239    13.09     8.60     4.75     3.30    27.51     3.2     8.3
bgmaps-map/AR0018SR                100x96  scen     250      28     443    16.29     9.73     6.47     4.58    48.88     5.0    10.7
bgmaps-map/AR0020SR                 80x80  rand    1000       8     112    11.71     6.65     3.45     2.36    13.88     2.1     5.9
bgmaps-map/AR0020SR                 80x80  scen     190      10     167    11.27     6.96     4.19     2.86    19.53     2.8     6.8
bgmaps-map/AR0021SR                 60x64  rand    1000      12     126     8.83     6.09     3.55     2.47    15.09     2.5     6.1
bgmaps-map/AR0021SR                 60x64  scen     170      19     209    10.80     7.72     4.83     3.73    23.37     3.0     6.3
bgmaps-map/AR0022SR                 64x64  rand    1000       9     113     8.69     6.24     3.18     2.69    14.65     2.3     5.4
bgmaps-map/AR0022SR                 64x64  scen     150      11     157    10.01     6.82     4.87     3.26    18.61     2.7     5.7
bgmaps-map/AR0041SR                 80x80  rand    1000       5     147    13.91     6.22     2.77     1.80    17.66     2.8     9.8
bgmaps-map/AR0041SR                 80x80  scen     230       6     216    15.13     7.52     4.03     2.84    24.71     3.3     8.7
bgmaps-map/AR0042SR                 80x80  rand    1000       5     155    19.38     7.84     3.51     2.00    18.70     2.4     9.4
bgmaps-map/AR0042SR                 80x80  scen     240       5     237    21.53     7.83     4.59     2.57    28.30     3.6    11.0
bgmaps-map/AR0043SR                 80x80  rand    1000       5     124    14.38     6.47     3.36     2.12    16.13     2.5     7.6
bgmaps-map/AR0043SR                 80x80  scen     210       6     199    16.87     7.27     5.17     2.97    22.91     3.2     7.7
bgmaps-map/AR0044SR                 80x80  rand    1000       6     189    22.54     7.90     3.71     2.38    24.18     3.1    10.2
bgmaps-map/AR0044SR                 80x80  scen     250       8     257    23.62     9.23     6.10     3.29    32.02     3.5     9.7
bgmaps-map/AR0045SR                 80x80  rand    1000       6     144    13.39     7.12     3.11     2.23    18.63     2.6     8.4
bgmaps-map/AR0045SR                 80x80  scen     210       7     230    16.26     8.23     4.48     2.85    27.55     3.3     9.7
bgmaps-map/AR0046SR                 80x80  rand    1000       8     169    15.59     7.09     3.31     2.64    21.67     3.1     8.2
bgmaps-map/AR0046SR                 80x80  scen     240       9     237    16.61     7.24     3.96     2.96    27.84     3.8     9.4
bgmaps-map/AR0069SR               100x112  rand    1000      15     235    13.93     8.05     4.50     3.09    29.00     3.6     9.4
bgmaps-map/AR0069SR               100x112  scen     220      22     388    16.49    10.00     6.77     4.31    46.74     4.7    10.9
bgmaps-map/AR0070SR               124x134  rand    1000      46    1423    30.62    15.33     9.02     5.81   145.46     9.5    25.0
bgmaps-map/AR0070SR               124x134  scen     680      57    1791    29.01    16.73     9.73     6.70   176.67    10.6    26.4
bgmaps-map/AR0071SR               140x150  rand    1000      43    1175    23.27    14.93     8.13     6.42   132.99     8.9    20.7
bgmaps-map/AR0071SR               140x150  scen     510      48    1331    22.45    15.93    10.76     6.09   136.78     8.6    22.5
bgmaps-map/AR0072SR               160x160  rand    1000      31    1192    24.84    12.75     6.49     4.68   128.68    10.1    27.5
bgmaps-map/AR0072SR               160x160  scen     630      42    1774    29.42    13.19     8.45     5.96   183.44    13.9    30.8
bgmaps-map/AR0082SR                 52x54  rand    1000       5      21     4.50     3.80     2.10     1.59     3.73     1.0     2.3
bgmaps-map/AR0082SR                 52x54  scen      60       6      26     5.39     4.63     2.91     2.70     4.80     1.0     1.8
bgmaps-map/AR0201SR               140x166  rand    1000      14     283    10.46     7.16     3.90     2.95    31.56     4.4    10.7
bgmaps-map/AR0201SR               140x166  scen     380      20     410    10.63     7.34     4.63     3.66    42.24     5.8    11.5
bgmaps-map/AR0202SR               244x208  rand    1000     153    3442    47.37    28.86    22.95    16.09   340.58    11.8    21.2
bgmaps-map/AR0202SR               244x208  scen    1450     216    4743    55.11    34.82    29.73    21.11   447.31    12.8    21.2
bgmaps-map/AR0203SR                 76x75  rand    1000       8     129    12.22     6.15     2.99     2.15    16.06     2.6     7.5
bgmaps-map/AR0203SR                 76x75  scen     190      11     202    12.84     6.97     4.35     3.07    23.03     3.3     7.5
------------------------------------------------------------------------------------------------------------------------------------
map                                  size   tag   pairs  JPSexp   A*exp      cC#       cC      wC#       wC     A*us   A*/cC   A*/wC
------------------------------------------------------------------------------------------------------------------------------------
bgmaps-map/AR0204SR               260x294  rand    1000     100    3566    50.94    26.70    17.82    11.80   408.67    15.3    34.6
bgmaps-map/AR0204SR               260x294  scen    1160     136    4782    53.15    28.73    21.17    15.10   519.36    18.1    34.4
bgmaps-map/AR0205SR               212x214  rand    1000      96    1700    38.02    21.19    14.95    10.44   183.65     8.7    17.6
bgmaps-map/AR0205SR               212x214  scen     740     171    2853    50.10    28.72    23.42    16.23   308.57    10.7    19.0
bgmaps-map/AR0206SR               104x128  rand    1000      12     241    15.99     8.24     4.66     2.84    30.73     3.7    10.8
bgmaps-map/AR0206SR               104x128  scen     260      19     404    16.18     8.64     5.49     4.18    45.14     5.2    10.8
bgmaps-map/AR0300SR               320x320  rand    1000     157    4409    73.29    33.17    26.26    18.71   528.73    15.9    28.3
bgmaps-map/AR0300SR               320x320  scen    1200     259    6954    83.26    45.15    44.95    29.84   855.78    19.0    28.7
bgmaps-map/AR0301SR                 92x86  rand    1000      15     228    11.71     7.63     6.10     3.02    26.91     3.5     8.9
bgmaps-map/AR0301SR                 92x86  scen     220      20     313    12.31     9.09     5.52     3.94    34.85     3.8     8.8
bgmaps-map/AR0302SR                 80x86  rand    1000      15     184    10.56     7.32     3.81     2.91    21.30     2.9     7.3
bgmaps-map/AR0302SR                 80x86  scen     190      17     226    10.93     8.28     4.81     3.38    26.03     3.1     7.7
bgmaps-map/AR0303SR                 80x86  rand    1000      12     166    10.28     6.71     3.48     2.61    19.83     3.0     7.6
bgmaps-map/AR0303SR                 80x86  scen     180      14     208    10.55     7.06     4.06     3.08    23.86     3.4     7.8
bgmaps-map/AR0304SR                 80x86  rand    1000      16     206    10.29     6.80     3.89     2.56    22.94     3.4     9.0
bgmaps-map/AR0304SR                 80x86  scen     200      17     237    10.29     7.38     4.85     3.15    26.00     3.5     8.3
bgmaps-map/AR0305SR                104x91  rand    1000      23     293    13.36     8.73     4.78     3.60    32.42     3.7     9.0
bgmaps-map/AR0305SR                104x91  scen     250      29     378    14.37     9.49     6.35     4.21    40.28     4.2     9.6
bgmaps-map/AR0306SR                 84x91  rand    1000      16     230    11.63     7.54     4.61     3.32    25.96     3.4     7.8
bgmaps-map/AR0306SR                 84x91  scen     220      24     353    13.02     8.90     5.38     4.12    37.94     4.3     9.2
bgmaps-map/AR0307SR               320x267  rand    1000     291    4614    72.05    45.52    42.28    30.41   454.93    10.0    15.0
bgmaps-map/AR0307SR               320x267  scen    1650     356    5628    78.13    51.15    48.73    34.87   547.82    10.7    15.7
bgmaps-map/AR0308SR               112x118  rand    1000      30     415    18.86    10.33     6.38     4.44    45.91     4.4    10.3
bgmaps-map/AR0308SR               112x118  scen     340      64     917    28.99    16.11    11.18     7.52    95.20     5.9    12.7
bgmaps-map/AR0309SR               120x118  rand    1000      40     477    18.93    12.79     7.46     6.34    55.19     4.3     8.7
bgmaps-map/AR0309SR               120x118  scen     350      64     753    22.94    14.80    10.73     7.67    81.21     5.5    10.6
bgmaps-map/AR0310SR                 80x80  rand    1000       6      94     9.56     5.58     2.90     2.67    12.71     2.3     4.8
bgmaps-map/AR0310SR                 80x80  scen     160       7     138    11.37     6.04     4.13     2.49    16.36     2.7     6.6
bgmaps-map/AR0311SR                 52x54  rand    1000       6      36     6.03     4.67     2.66     1.84     5.94     1.3     3.2
bgmaps-map/AR0311SR                 52x54  scen      90       7      46     6.68     4.92     3.28     2.35     7.20     1.5     3.1
bgmaps-map/AR0312SR                 52x54  rand    1000       6      47     6.14     4.80     2.60     1.75     6.82     1.4     3.9
bgmaps-map/AR0312SR                 52x54  scen     100       7      55     6.13     4.93     2.83     2.06     7.57     1.5     3.7
bgmaps-map/AR0313SR                 60x64  rand    1000      12     126     8.56     6.54     3.44     2.31    15.12     2.3     6.5
bgmaps-map/AR0313SR                 60x64  scen     160      16     188    10.42     7.45     4.21     3.14    21.63     2.9     6.9
bgmaps-map/AR0314SR                 64x70  rand    1000       9      79     7.79     5.34     2.79     2.15    10.19     1.9     4.7
bgmaps-map/AR0314SR                 64x70  scen     140      11     120     9.51     6.91     4.48     3.27    14.94     2.2     4.6
bgmaps-map/AR0315SR                 52x54  rand    1000       5      48     6.09     5.23     2.24     1.83     6.70     1.3     3.7
bgmaps-map/AR0315SR                 52x54  scen     100       6      69     7.54     4.76     2.71     2.10     9.18     1.9     4.4
bgmaps-map/AR0316SR                 64x70  rand    1000      10      76     7.47     5.95     2.92     2.56    10.02     1.7     3.9
bgmaps-map/AR0316SR                 64x70  scen     130      12      91    10.22     7.31     5.17     5.14    13.36     1.8     2.6
bgmaps-map/AR0317SR                 64x70  rand    1000       9      82     8.41     5.68     3.37     2.93    11.54     2.0     3.9
bgmaps-map/AR0317SR                 64x70  scen     140      11     108     9.65     6.25     4.75     3.21    13.54     2.2     4.2
bgmaps-map/AR0318SR                 60x64  rand    1000      14     210    11.22     7.29     3.78     2.91    23.24     3.2     8.0
bgmaps-map/AR0318SR                 60x64  scen     220      21     325    12.90     8.07     4.70     4.02    32.72     4.1     8.1
bgmaps-map/AR0319SR                 52x54  rand    1000       7      56     7.47     5.18     3.28     2.25     7.78     1.5     3.5
bgmaps-map/AR0319SR                 52x54  scen     120      10      88     8.43     6.44     5.28     3.88    11.90     1.8     3.1
bgmaps-map/AR0325SR                 52x54  rand    1000       5      57     7.12     5.01     2.79     2.10     7.79     1.6     3.7
bgmaps-map/AR0325SR                 52x54  scen     110       6      80     9.40     6.06     4.04     3.25    11.99     2.0     3.7
bgmaps-map/AR0330SR                 56x54  rand    1000       8      69     6.93     5.26     2.66     2.28     9.55     1.8     4.2
bgmaps-map/AR0330SR                 56x54  scen     110       9      84     8.23     6.07     3.91     4.15    11.65     1.9     2.8
------------------------------------------------------------------------------------------------------------------------------------
map                                  size   tag   pairs  JPSexp   A*exp      cC#       cC      wC#       wC     A*us   A*/cC   A*/wC
------------------------------------------------------------------------------------------------------------------------------------
bgmaps-map/AR0331SR                 72x80  rand    1000       9     154     8.20     6.06     3.19     2.59    17.28     2.9     6.7
bgmaps-map/AR0331SR                 72x80  scen     160      10     161     9.63     6.23     5.32     3.78    17.51     2.8     4.6
bgmaps-map/AR0332SR                 56x59  rand    1000       6      63     7.31     5.75     3.31     2.34     9.54     1.7     4.1
bgmaps-map/AR0332SR                 56x59  scen     130       8     101     9.31     6.00     4.60     3.27    13.26     2.2     4.1
bgmaps-map/AR0334SR                 60x64  rand    1000       7      70     8.07     5.31     3.03     2.99     9.56     1.8     3.2
bgmaps-map/AR0334SR                 60x64  scen     130       8      89     9.19     8.05     4.51     4.28    13.06     1.6     3.1
bgmaps-map/AR0335SR                 52x54  rand    1000       6      47     7.22     5.44     3.64     1.90     7.83     1.4     4.1
bgmaps-map/AR0335SR                 52x54  scen      90       6      53     7.09     5.71     2.82     2.81     8.37     1.5     3.0
bgmaps-map/AR0400SR               240x256  rand    1000     118    4817    65.26    29.25    21.08    14.87   513.41    17.6    34.5
bgmaps-map/AR0400SR               240x256  scen    1350     205    7993    80.03    41.91    29.89    22.55   819.24    19.5    36.3
bgmaps-map/AR0401SR                 52x59  rand    1000      11     179     9.77     6.96     3.91     2.49    19.57     2.8     7.9
bgmaps-map/AR0401SR                 52x59  scen     150      12     205    10.02     6.72     3.84     2.74    22.51     3.4     8.2
bgmaps-map/AR0402SR                 56x59  rand    1000      11     110     8.29     6.35     2.94     2.29    13.70     2.2     6.0
bgmaps-map/AR0402SR                 56x59  scen     150      13     137     9.31     8.02     6.05     3.56    17.36     2.2     4.9
bgmaps-map/AR0403SR                 56x59  rand    1000      10     104     8.47     5.78     3.11     2.13    13.17     2.3     6.2
bgmaps-map/AR0403SR                 56x59  scen     140      11     125     8.95     6.12     4.26     2.73    15.40     2.5     5.6
bgmaps-map/AR0404SR               204x251  rand    1000      59    2205    35.55    19.20    12.35     8.80   225.29    11.7    25.6
bgmaps-map/AR0404SR               204x251  scen     830      72    2758    35.53    20.09    14.52     9.59   275.21    13.7    28.7
bgmaps-map/AR0405SR               176x176  rand    1000      64    2137    35.89    17.89    11.53     7.95   219.47    12.3    27.6
bgmaps-map/AR0405SR               176x176  scen     680      82    2861    35.94    19.91    13.66     9.53   289.90    14.6    30.4
bgmaps-map/AR0406SR               244x192  rand    1000     119    2131    49.75    28.22    20.19    14.64   267.31     9.5    18.3
bgmaps-map/AR0406SR               244x192  scen     890     178    3153    59.62    38.19    30.70    19.57   376.65     9.9    19.2
bgmaps-map/AR0407SR                 52x54  rand    1000       6      36     5.90     4.55     2.48     1.68     5.35     1.2     3.2
bgmaps-map/AR0407SR                 52x54  scen      80       6      40     6.02     4.61     3.46     2.95     6.98     1.5     2.4
bgmaps-map/AR0408SR                 50x50  rand    1000       6      31     5.60     4.29     2.08     1.60     4.77     1.1     3.0
bgmaps-map/AR0408SR                 50x50  scen      80       7      44     6.16     4.69     2.96     2.47     6.84     1.5     2.8
bgmaps-map/AR0409SR                 52x54  rand    1000       6      36     6.14     5.02     2.47     2.04     5.64     1.1     2.8
bgmaps-map/AR0409SR                 52x54  scen      80       6      41     6.95     4.96     4.01     2.09     6.35     1.3     3.0
bgmaps-map/AR0410SR                 92x96  rand    1000       8     133    11.43     5.82     3.00     1.85    15.54     2.7     8.4
bgmaps-map/AR0410SR                 92x96  scen     190       9     173    12.69     5.97     3.88     2.63    19.33     3.2     7.3
bgmaps-map/AR0411SR               232x272  rand    1000     120    3616    46.30    24.70    19.03    13.23   365.74    14.8    27.6
bgmaps-map/AR0411SR               232x272  scen    1150     136    4069    47.48    26.37    21.08    15.29   418.07    15.9    27.3
bgmaps-map/AR0412SR               160x160  rand    1000      24     629    22.76    10.63     5.94     4.38    68.45     6.4    15.6
bgmaps-map/AR0412SR               160x160  scen     460      42    1106    29.57    12.98     9.25     5.94   113.59     8.8    19.1
bgmaps-map/AR0413SR               108x118  rand    1000      23     208     8.73     6.66     4.35     3.19    22.33     3.4     7.0
bgmaps-map/AR0413SR               108x118  scen     300      27     263     9.64     7.53     4.83     3.64    27.17     3.6     7.5
bgmaps-map/AR0414SR               280x320  rand    1000      47    1925    43.53    16.41    10.70     7.23   212.25    12.9    29.4
bgmaps-map/AR0414SR               280x320  scen     730      99    3666    56.70    23.42    18.24    12.63   406.58    17.4    32.2
bgmaps-map/AR0415SR                 52x54  rand    1000       6      36     6.62     5.60     2.35     2.14     5.80     1.0     2.7
bgmaps-map/AR0415SR                 52x54  scen      90       7      46     6.40     4.70     3.51     3.10     7.52     1.6     2.4
bgmaps-map/AR0416SR                 52x54  rand    1000       6      49     6.74     4.85     2.23     1.81     6.79     1.4     3.7
bgmaps-map/AR0416SR                 52x54  scen     100       6      59     8.52     5.89     3.17     2.28     8.58     1.5     3.8
bgmaps-map/AR0417SR                 52x54  rand    1000       8      63     7.52     5.83     3.29     2.17    10.17     1.7     4.7
bgmaps-map/AR0417SR                 52x54  scen     100       8      64     7.38     6.09     3.76     2.79     9.03     1.5     3.2
bgmaps-map/AR0418SR                 84x75  rand    1000       3      65    12.04     6.35     2.72     2.11    10.12     1.6     4.8
bgmaps-map/AR0418SR                 84x75  scen     120       3      87    12.66     7.31     4.80     3.05    11.44     1.6     3.8
bgmaps-map/AR0420SR                 60x64  rand    1000       4      43     6.74     5.09     2.24     1.98     6.53     1.3     3.3
bgmaps-map/AR0420SR                 60x64  scen      90       5      49     8.32     5.08     3.68     2.10     8.83     1.7     4.2
bgmaps-map/AR0500SR               320x320  rand    1000      97    4162    53.12    25.27    18.20    12.80   470.11    18.6    36.7
bgmaps-map/AR0500SR               320x320  scen    1320     171    7170    67.45    34.30    28.11    19.17   792.36    23.1    41.3
------------------------------------------------------------------------------------------------------------------------------------
map                                  size   tag   pairs  JPSexp   A*exp      cC#       cC      wC#       wC     A*us   A*/cC   A*/wC
------------------------------------------------------------------------------------------------------------------------------------
bgmaps-map/AR0501SR                 56x54  rand    1000       8      69     8.75     4.83     2.65     1.82     9.37     1.9     5.2
bgmaps-map/AR0501SR                 56x54  scen     100       7      66     6.58     4.77     2.86     2.05     9.39     2.0     4.6
bgmaps-map/AR0502SR                 56x70  rand    1000       9      92     7.85     5.80     3.11     2.52    12.92     2.2     5.1
bgmaps-map/AR0502SR                 56x70  scen     140      12     120     9.53     6.82     5.98     2.83    17.36     2.5     6.1
bgmaps-map/AR0503SR                 68x75  rand    1000      12      86     7.98     5.41     3.04     1.89    12.20     2.3     6.4
bgmaps-map/AR0503SR                 68x75  scen     150      16     125    11.04     8.07     5.30     3.99    17.82     2.2     4.5
bgmaps-map/AR0504SR               160x160  rand    1000      46     738    30.16    14.84     9.93     6.78    94.85     6.4    14.0
bgmaps-map/AR0504SR               160x160  scen     400      62    1018    31.78    16.20    11.82     7.95   134.16     8.3    16.9
bgmaps-map/AR0505SR               160x160  rand    1000      45     937    29.07    14.40     9.20     6.11   104.14     7.2    17.1
bgmaps-map/AR0505SR               160x160  scen     490      89    1877    40.23    21.68    14.84    10.21   203.36     9.4    19.9
bgmaps-map/AR0506SR                 68x70  rand    1000      11     104     8.43     6.03     3.29     2.47    13.37     2.2     5.4
bgmaps-map/AR0506SR                 68x70  scen     140      14     146     9.78     6.65     4.24     3.19    17.84     2.7     5.6
bgmaps-map/AR0507SR                 52x54  rand    1000       5      57     7.72     5.22     2.28     1.82     7.61     1.5     4.2
bgmaps-map/AR0507SR                 52x54  scen      90       5      51     7.30     5.08     3.15     2.02     7.23     1.4     3.6
bgmaps-map/AR0508SR                 52x54  rand    1000       6      49     6.41     4.94     2.37     1.66     6.94     1.4     4.2
bgmaps-map/AR0508SR                 52x54  scen     100       7      68     6.78     5.24     2.86     1.95     9.73     1.9     5.0
bgmaps-map/AR0509SR                 72x75  rand    1000      18     153    11.00     7.21     4.56     3.32    18.78     2.6     5.6
bgmaps-map/AR0509SR                 72x75  scen     170      23     198    11.28     7.95     5.38     4.12    23.11     2.9     5.6
bgmaps-map/AR0510SR               128x118  rand    1000      39     425    23.11    12.59     7.96     5.57    53.73     4.3     9.6
bgmaps-map/AR0510SR               128x118  scen     360      58     688    31.96    16.75    14.26     9.11    96.98     5.8    10.7
bgmaps-map/AR0511SR               108x112  rand    1000      20     321    14.21     8.75     5.31     3.68    37.88     4.3    10.3
bgmaps-map/AR0511SR               108x112  scen     290      26     446    16.69    10.67     6.23     4.42    54.31     5.1    12.3
bgmaps-map/AR0512SR                 56x54  rand    1000       5      48     6.81     5.29     2.44     1.71     6.89     1.3     4.0
bgmaps-map/AR0512SR                 56x54  scen      90       5      51     6.78     4.44     3.21     2.30     7.05     1.6     3.1
bgmaps-map/AR0513SR                 80x80  rand    1000      11     164    10.64     6.52     3.42     2.81    20.09     3.1     7.2
bgmaps-map/AR0513SR                 80x80  scen     200      15     244    13.37    10.29     5.49     4.06    28.66     2.8     7.1
bgmaps-map/AR0514SR                 64x64  rand    1000      10     118     8.93     6.08     3.97     2.19    15.29     2.5     7.0
bgmaps-map/AR0514SR                 64x64  scen     140      11     128     8.41     7.21     4.40     3.29    16.74     2.3     5.1
bgmaps-map/AR0515SR                 64x64  rand    1000      10     118     9.14     6.37     3.55     2.62    14.72     2.3     5.6
bgmaps-map/AR0515SR                 64x64  scen     140      11     136    11.69     6.82     4.27     4.40    17.32     2.5     3.9
bgmaps-map/AR0516SR               244x187  rand    1000      36     983    20.05    12.66     8.05     5.86   106.14     8.4    18.1
bgmaps-map/AR0516SR               244x187  scen     650      53    1551    24.67    13.93     9.85     6.84   168.83    12.1    24.7
bgmaps-map/AR0517SR                 52x80  rand    1000       3      53     9.69     5.72     2.61     2.32     7.95     1.4     3.4
bgmaps-map/AR0517SR                 52x80  scen      90       3      51     8.61     4.68     3.03     3.14     7.98     1.7     2.5
bgmaps-map/AR0526SR                 72x80  rand    1000       9     154     8.11     6.50     2.92     2.14    18.32     2.8     8.6
bgmaps-map/AR0526SR                 72x80  scen     160      10     157     9.01     6.64     4.16     4.03    18.07     2.7     4.5
bgmaps-map/AR0527SR                 52x54  rand    1000       5      48     6.97     5.77     2.74     2.63     8.38     1.5     3.2
bgmaps-map/AR0527SR                 52x54  scen      90       6      54     9.07     6.22     4.01     3.25    10.30     1.7     3.2
bgmaps-map/AR0528SR                 52x54  rand    1000       6      47     6.66     5.19     2.37     1.88     6.63     1.3     3.5
bgmaps-map/AR0528SR                 52x54  scen     100       7      60     6.24     5.68     2.68     2.15     8.09     1.4     3.8
bgmaps-map/AR0529SR                 60x64  rand    1000      10     100     8.47     6.09     3.66     2.68    13.39     2.2     5.0
bgmaps-map/AR0529SR                 60x64  scen     150      13     152    10.42     8.65     4.92     3.15    19.20     2.2     6.1
bgmaps-map/AR0530SR                 60x64  rand    1000      14     210    13.74     8.40     3.71     3.44    26.55     3.2     7.7
bgmaps-map/AR0530SR                 60x64  scen     200      19     284    12.21     8.33     5.00     3.11    32.97     4.0    10.6
bgmaps-map/AR0531SR                 52x54  rand    1000       5      51     7.73     5.52     2.42     2.66     7.24     1.3     2.7
bgmaps-map/AR0531SR                 52x54  scen     110       6      73     8.31     6.07     3.75     3.87    10.70     1.8     2.8
bgmaps-map/AR0600SR               192x214  rand    1000      32     550    14.32     9.27     6.03     4.25    57.88     6.2    13.6
bgmaps-map/AR0600SR               192x214  scen     590      43     746    15.71     9.68     7.14     5.22    76.36     7.9    14.6
bgmaps-map/AR0601SR               160x160  rand    1000      24     452    14.31     9.54     5.62     4.09    50.23     5.3    12.3
bgmaps-map/AR0601SR               160x160  scen     490      34     640    14.93    10.83     7.31     6.35    69.18     6.4    10.9
------------------------------------------------------------------------------------------------------------------------------------
map                                  size   tag   pairs  JPSexp   A*exp      cC#       cC      wC#       wC     A*us   A*/cC   A*/wC
------------------------------------------------------------------------------------------------------------------------------------
bgmaps-map/AR0602SR               308x299  rand    1000     236    5358    88.55    50.44    40.94    27.53   634.87    12.6    23.1
bgmaps-map/AR0602SR               308x299  scen    1370     285    6399    94.71    53.33    46.86    32.48   743.61    13.9    22.9
bgmaps-map/AR0603SR               236x267  rand    1000     100    3201    43.36    24.45    18.40    13.04   340.99    13.9    26.2
bgmaps-map/AR0603SR               236x267  scen    1400     149    4613    51.33    29.44    24.23    17.66   477.95    16.2    27.1
bgmaps-map/AR0604SR                92x102  rand    1000      25     485    15.91     9.47     5.29     3.92    52.59     5.6    13.4
bgmaps-map/AR0604SR                92x102  scen     410      41     856    20.82    12.37     7.72     5.66    86.84     7.0    15.3
bgmaps-map/AR0605SR                 80x86  rand    1000       8     154    14.15     6.79     3.41     2.40    18.08     2.7     7.5
bgmaps-map/AR0605SR                 80x86  scen     190       9     192    15.13     6.93     4.45     2.90    22.55     3.3     7.8
bgmaps-map/AR0606SR                 56x59  rand    1000       3      61    10.00     5.85     2.19     1.54     7.96     1.4     5.2
bgmaps-map/AR0606SR                 56x59  scen     110       4      71    10.99     5.89     3.69     2.46     9.90     1.7     4.0
bgmaps-map/AR0607SR                 60x54  rand    1000      11      85     8.17     5.79     3.55     2.36    10.82     1.9     4.6
bgmaps-map/AR0607SR                 60x54  scen     130      13     100     9.46     6.81     4.86     3.41    12.86     1.9     3.8
bgmaps-map/AR0700SR               320x320  rand    1000     193    4914    91.16    42.57    32.69    22.05   552.35    13.0    25.0
bgmaps-map/AR0700SR               320x320  scen    1300     427    9817   135.91    69.47    63.36    45.07  1152.09    16.6    25.6
bgmaps-map/AR0701SR               204x235  rand    1000      80    1381    38.33    21.07    14.56    10.41   153.97     7.3    14.8
bgmaps-map/AR0701SR               204x235  scen     700     125    2129    48.86    27.71    20.87    14.41   239.37     8.6    16.6
bgmaps-map/AR0702SR                 80x86  rand    1000      24     173    11.01     7.64     4.73     3.40    20.23     2.6     5.9
bgmaps-map/AR0702SR                 80x86  scen     190      27     196    12.13     8.27     5.92     4.34    22.91     2.8     5.3
bgmaps-map/AR0703SR                 50x50  rand    1000       6      31     5.29     4.36     2.15     1.63     4.67     1.1     2.9
bgmaps-map/AR0703SR                 50x50  scen      80       8      47     6.25     4.88     3.09     2.54     7.17     1.5     2.8
bgmaps-map/AR0704SR                 80x80  rand    1000      26     217    11.84     8.06     5.15     3.86    24.58     3.0     6.4
bgmaps-map/AR0704SR                 80x80  scen     240      48     416    18.39    11.94     8.32     5.96    44.86     3.8     7.5
bgmaps-map/AR0705SR                100x86  rand    1000      73     580    20.43    14.20     9.99     7.20    57.67     4.1     8.0
bgmaps-map/AR0705SR                100x86  scen     460      98     787    23.83    17.12    12.10     8.90    75.61     4.4     8.5
bgmaps-map/AR0706SR                 60x64  rand    1000       7      70     7.36     5.05     2.38     1.98     9.00     1.8     4.6
bgmaps-map/AR0706SR                 60x64  scen     140       9     100     8.77     5.73     3.54     2.71    12.27     2.1     4.5
bgmaps-map/AR0707SR                 56x59  rand    1000       7      63     7.59     5.16     2.54     1.71     8.08     1.6     4.7
bgmaps-map/AR0707SR                 56x59  scen     120       8      79     8.49     5.45     3.81     3.10    10.48     1.9     3.4
bgmaps-map/AR0708SR                 52x54  rand    1000       5      51     6.59     4.53     2.25     1.51     6.95     1.5     4.6
bgmaps-map/AR0708SR                 52x54  scen     100       5      57     7.15     5.03     3.50     2.03     7.87     1.6     3.9
bgmaps-map/AR0709SR                 80x80  rand    1000      14     166    10.82     6.74     3.73     3.18    20.06     3.0     6.3
bgmaps-map/AR0709SR                 80x80  scen     190      16     200    11.54     7.25     4.49     3.30    22.63     3.1     6.9
bgmaps-map/AR0710SR                 52x54  rand    1000       5      45     6.14     4.77     2.41     2.12     6.76     1.4     3.2
bgmaps-map/AR0710SR                 52x54  scen     100       6      61     6.57     5.37     2.78     2.16     8.34     1.6     3.9
bgmaps-map/AR0711SR               200x118  rand    1000      34     576    15.18    10.56     6.54     4.59    66.18     6.3    14.4
bgmaps-map/AR0711SR               200x118  scen     580      46     809    16.01    11.42     7.68     5.59    88.26     7.7    15.8
bgmaps-map/AR0712SR                 64x64  rand    1000       9     113     8.22     5.91     3.03     1.98    13.35     2.3     6.8
bgmaps-map/AR0712SR                 64x64  scen     150      11     150     9.45     6.77     4.11     2.75    17.71     2.6     6.4
bgmaps-map/AR0713SR                 60x64  rand    1000      10     100     7.75     5.42     2.79     2.00    12.24     2.3     6.1
bgmaps-map/AR0713SR                 60x64  scen     140      12     138     9.16     6.53     3.98     2.85    16.84     2.6     5.9
da2-map/ca_cave                   183x277  rand    1000      26     828    20.41     9.57     5.94     4.24    92.29     9.6    21.8
da2-map/ca_cave                   183x277  scen     580      40    1368    23.63    11.55     8.32     5.53   151.63    13.1    27.4
da2-map/ca_cavern1_haunted        324x597  rand    1000     198    5753    55.81    32.99    29.87    21.97   632.34    19.2    28.8
da2-map/ca_cavern1_haunted        324x597  scen    2180     266    7799    67.95    41.81    39.22    27.63   853.07    20.4    30.9
da2-map/ca_caverns1               324x596  rand    1000     200    5845    59.64    33.54    29.66    23.12   633.83    18.9    27.4
da2-map/ca_caverns1               324x596  scen    2200     269    7902    69.42    38.69    37.92    27.49   824.01    21.3    30.0
da2-map/ca_caverns1_mines         324x597  rand    1000     201    5851    52.18    32.44    29.75    20.72   596.84    18.4    28.8
da2-map/ca_caverns1_mines         324x597  scen    2190     266    7823    62.88    39.69    37.25    26.79   823.44    20.7    30.7
da2-map/ca_caverns2               389x467  rand    1000     149    3315    43.73    25.42    23.79    16.21   379.89    14.9    23.4
da2-map/ca_caverns2               389x467  scen    1450     207    4723    54.04    34.47    32.34    21.69   592.14    17.2    27.3
------------------------------------------------------------------------------------------------------------------------------------
map                                  size   tag   pairs  JPSexp   A*exp      cC#       cC      wC#       wC     A*us   A*/cC   A*/wC
------------------------------------------------------------------------------------------------------------------------------------
da2-map/ca_caverns2prc            389x467  rand    1000     108    3216    35.81    20.14    17.02    12.57   363.26    18.0    28.9
da2-map/ca_caverns2prc            389x467  scen    1470     156    4599    42.92    25.70    22.96    17.56   512.60    19.9    29.2
da2-map/dr_0_deeproads            560x733  rand    1000     260   16982    96.06    52.43    51.41    34.66  1978.51    37.7    57.1
da2-map/dr_0_deeproads            560x733  scen    3590     351   23115   150.47    80.33    77.62    56.92  2918.39    36.3    51.3
da2-map/dr_dungeon                314x261  rand    1000      51    2317    34.41    16.18    11.45     7.70   254.71    15.7    33.1
da2-map/dr_dungeon                314x261  scen     960      75    3493    44.22    19.76    14.45     9.53   397.50    20.1    41.7
da2-map/dr_primevalentrance       315x221  rand    1000      39    1492    22.31    12.16     8.37     5.80   164.32    13.5    28.4
da2-map/dr_primevalentrance       315x221  scen     860      59    2352    25.85    14.42    10.69     7.56   259.69    18.0    34.3
da2-map/dr_primevaltomb           722x657  rand    1000     132    5840    41.07    23.92    22.51    15.96   612.98    25.6    38.4
da2-map/dr_primevaltomb           722x657  scen    2290     184    8083    48.82    28.36    28.91    20.20   860.20    30.3    42.6
da2-map/dr_slavers                315x260  rand    1000      54    2334    35.91    16.56    11.74     7.71   257.51    15.6    33.4
da2-map/dr_slavers                315x260  scen     910      71    3225    37.12    18.61    13.64     9.28   363.49    19.5    39.2
da2-map/ht_0_hightown             514x514  rand    1000     142    5816    70.19    32.87    27.48    20.03   652.72    19.9    32.6
da2-map/ht_0_hightown             514x514  scen    1400     212    8836    79.70    38.59    37.30    26.64  1001.48    26.0    37.6
da2-map/ht_0_hightown_a2          514x514  rand    1000     143    5913    73.13    34.68    28.90    19.76   673.66    19.4    34.1
da2-map/ht_0_hightown_a2          514x514  scen    1370     206    8581    78.98    38.24    36.64    24.73   976.64    25.5    39.5
da2-map/ht_0_hightown_a3          514x514  rand    1000     144    5924    71.04    33.75    28.81    19.28   660.20    19.6    34.2
da2-map/ht_0_hightown_a3          514x514  scen    1360     206    8500    80.91    38.83    36.07    25.41   956.44    24.6    37.6
da2-map/ht_0_hightown_n           514x514  rand    1000     142    5939    76.07    31.99    28.00    19.09   674.63    21.1    35.3
da2-map/ht_0_hightown_n           514x514  scen    1400     207    8801    83.22    38.45    35.91    26.66  1040.41    27.1    39.0
da2-map/ht_bartrand_n             133x270  rand    1000      46    1224    29.30    14.09     9.47     6.28   139.21     9.9    22.2
da2-map/ht_bartrand_n             133x270  scen     570      72    1973    34.80    16.13    12.16     8.68   223.90    13.9    25.8
da2-map/ht_brothel_n              133x270  rand    1000      58    1137    33.79    19.21    12.95     8.42   153.59     8.0    18.2
da2-map/ht_brothel_n              133x270  scen     530      76    1557    37.82    23.22    17.75    11.65   195.43     8.4    16.8
da2-map/ht_chantry                162x141  rand    1000      44    1230    28.09    15.33     9.59     6.38   132.94     8.7    20.8
da2-map/ht_chantry                162x141  scen     460      56    1558    30.46    15.72    10.76     7.14   168.38    10.7    23.6
da2-map/ht_chantry_n              162x141  rand    1000      43    1212    27.48    14.59     9.21     6.15   125.48     8.6    20.4
da2-map/ht_chantry_n              162x141  scen     450      54    1502    28.16    15.05    10.68     7.35   155.20    10.3    21.1
da2-map/ht_keep                   281x357  rand    1000      39    1838    27.12    14.26     9.74     6.12   210.17    14.7    34.3
da2-map/ht_keep                   281x357  scen     770      50    2451    29.23    14.95    11.14     7.19   281.68    18.8    39.2
da2-map/ht_keep_n                 281x357  rand    1000      39    1823    34.92    15.18    10.73     7.06   260.48    17.2    36.9
da2-map/ht_keep_n                 281x357  scen     800      53    2662    42.49    17.59    13.74     8.03   381.36    21.7    47.5
da2-map/ht_mansion2               358x308  rand    1000     132    3241    44.69    26.51    20.86    14.97   354.68    13.4    23.7
da2-map/ht_mansion2               358x308  scen    1040     179    4389    51.02    30.31    27.72    19.06   482.98    15.9    25.3
da2-map/ht_mansion2b              358x308  rand    1000     136    3581    48.17    27.25    22.78    14.81   389.22    14.3    26.3
da2-map/ht_mansion2b              358x308  scen    1030     164    4429    50.42    28.85    26.45    17.88   483.79    16.8    27.1
da2-map/ht_mansion_n              133x270  rand    1000      43    1252    26.85    14.58     8.73     6.14   137.28     9.4    22.3
da2-map/ht_mansion_n              133x270  scen     580      65    2004    31.26    17.44    11.70     8.69   218.11    12.5    25.1
da2-map/ht_playershouse_n          185x68  rand    1000      24     585    17.55    12.22     7.58     4.88    79.43     6.5    16.3
da2-map/ht_playershouse_n          185x68  scen     360      28     724    17.98    12.67     7.92     5.65    97.28     7.7    17.2
da2-map/ht_store                    37x37  rand    1000       4      35     6.45     5.26     2.49     1.93     5.89     1.1     3.1
da2-map/ht_store                    37x37  scen      80       4      47     9.47     5.63     5.33     2.96     8.53     1.5     2.9
da2-map/lt_0_lowtown              514x514  rand    1000      66    3622    52.21    22.14    19.44    13.31   534.29    24.1    40.1
da2-map/lt_0_lowtown              514x514  scen    1180      95    5368    54.37    24.78    20.74    13.67   800.67    32.3    58.6
da2-map/lt_0_lowtown_a2           514x514  rand    1000      66    3605    37.47    17.70    13.60     9.28   412.44    23.3    44.4
da2-map/lt_0_lowtown_a2           514x514  scen    1250     101    5869    42.60    22.37    17.34    12.53   681.55    30.5    54.4
da2-map/lt_0_lowtown_a2_n         514x514  rand    1000      74    3623    38.13    19.45    14.72    10.59   424.08    21.8    40.1
da2-map/lt_0_lowtown_a2_n         514x514  scen    1230     119    5729    46.63    23.65    19.82    14.67   676.38    28.6    46.1
da2-map/lt_0_lowtown_a2_n_c       514x514  rand    1000      87    4878    43.24    21.38    16.83    11.54   547.61    25.6    47.4
da2-map/lt_0_lowtown_a2_n_c       514x514  scen    1280     116    6703    47.67    25.25    20.57    14.68   780.83    30.9    53.2
------------------------------------------------------------------------------------------------------------------------------------
map                                  size   tag   pairs  JPSexp   A*exp      cC#       cC      wC#       wC     A*us   A*/cC   A*/wC
------------------------------------------------------------------------------------------------------------------------------------
da2-map/lt_0_lowtown_a3_n_c       514x514  rand    1000      85    4578    52.13    23.89    18.24    12.07   540.66    22.6    44.8
da2-map/lt_0_lowtown_a3_n_c       514x514  scen    1300     117    6783    52.82    26.21    22.32    15.99   842.03    32.1    52.7
da2-map/lt_0_lowtown_docks        514x386  rand    1000      60    2928    35.40    18.77    12.69     9.49   334.38    17.8    35.2
da2-map/lt_0_lowtown_docks        514x386  scen    1030      75    3699    38.68    19.44    15.47     9.98   420.52    21.6    42.2
da2-map/lt_0_lowtown_docks_a3     514x386  rand    1000      50    2507    42.71    18.89    15.76    10.27   376.54    19.9    36.7
da2-map/lt_0_lowtown_docks_a3     514x386  scen    1040      68    3555    48.11    20.95    18.46    14.05   540.85    25.8    38.5
da2-map/lt_0_lowtown_docks_a3~    514x386  rand    1000      50    2507    31.30    15.78    11.30     8.19   288.54    18.3    35.2
da2-map/lt_0_lowtown_docks_a3~    514x386  scen    1050      70    3642    34.23    17.87    14.60    10.22   441.29    24.7    43.2
da2-map/lt_0_lowtown_docks_n      514x386  rand    1000      60    2928    33.84    17.64    13.09     8.82   330.46    18.7    37.5
da2-map/lt_0_lowtown_docks_n      514x386  scen    1030      75    3689    40.12    18.76    18.44    11.08   438.91    23.4    39.6
da2-map/lt_0_lowtown_n            514x514  rand    1000      65    3685    42.49    19.21    16.13    12.07   453.59    23.6    37.6
da2-map/lt_0_lowtown_n            514x514  scen    1200      93    5476    45.51    23.04    19.40    12.72   730.61    31.7    57.4
da2-map/lt_backalley_g            130x130  rand    1000      17     774    23.48    10.48     6.62     3.97    93.05     8.9    23.4
da2-map/lt_backalley_g            130x130  scen     420      23    1082    25.79    11.51     6.27     4.50   133.56    11.6    29.7
da2-map/lt_backalley_n            130x130  rand    1000      17     774    28.08    12.14     5.84     4.26   100.24     8.3    23.5
da2-map/lt_backalley_n            130x130  scen     420      23    1099    25.28    11.94     7.97     4.53   134.18    11.2    29.6
da2-map/lt_darktown               251x292  rand    1000      57    2105    43.31    22.47    15.43    11.11   297.79    13.3    26.8
da2-map/lt_darktown               251x292  scen     880      86    3146    53.43    25.50    21.80    14.99   526.40    20.6    35.1
da2-map/lt_foundry_n               109x92  rand    1000      28    1176    24.90    12.60     7.19     4.45   122.59     9.7    27.6
da2-map/lt_foundry_n               109x92  scen     510      33    1468    24.56    13.39     7.87     5.47   150.27    11.2    27.5
da2-map/lt_gallowscourtyard       514x642  rand    1000      60    2312    34.70    18.16    12.94     8.73   267.04    14.7    30.6
da2-map/lt_gallowscourtyard       514x642  scen    1030      99    3963    42.25    21.39    18.89    15.65   481.42    22.5    30.8
da2-map/lt_gallowscourtyard_n     514x642  rand    1000      18     753    19.01     8.21     6.14     4.47    92.35    11.2    20.6
da2-map/lt_gallowscourtyard_n     514x642  scen     730      26    1344    23.74    10.83     7.82     5.51   174.37    16.1    31.7
da2-map/lt_gallowsprison_n        116x242  rand    1000       6     178    13.56     5.56     2.99     2.48    20.60     3.7     8.3
da2-map/lt_gallowsprison_n        116x242  scen     320       8     306    15.53     6.94     4.31     3.24    33.35     4.8    10.3
da2-map/lt_gallowstemplar         251x180  rand    1000      51    1345    34.41    16.49    11.37     7.04   164.94    10.0    23.4
da2-map/lt_gallowstemplar         251x180  scen     610      59    1642    30.71    15.23    11.82     8.28   191.81    12.6    23.2
da2-map/lt_gallowstemplar_f       251x180  rand    1000      49    1275    33.90    17.34    11.81     7.66   166.19     9.6    21.7
da2-map/lt_gallowstemplar_f       251x180  scen     600      61    1616    34.71    19.63    14.14    10.95   215.15    11.0    19.6
da2-map/lt_gallowstemplar_n       251x180  rand    1000      51    1352    32.39    14.18    11.66     7.65   157.72    11.1    20.6
da2-map/lt_gallowstemplar_n       251x180  scen     620      64    1725    32.30    16.29    12.75     8.58   211.29    13.0    24.6
da2-map/lt_gamlenshouse_n         156x102  rand    1000       6      85     9.22     5.84     3.35     2.35    11.93     2.0     5.1
da2-map/lt_gamlenshouse_n         156x102  scen     130       6      99     9.45     7.31     4.78     3.43    14.63     2.0     4.3
da2-map/lt_hangedman              129x135  rand    1000      43     864    26.97    14.76     9.29     7.45   112.63     7.6    15.1
da2-map/lt_hangedman              129x135  scen     520      67    1342    29.81    15.54    10.65     7.31   149.94     9.7    20.5
da2-map/lt_hangedman_n            129x135  rand    1000      43     864    33.60    16.26    11.18     8.02   126.29     7.8    15.7
da2-map/lt_hangedman_n            129x135  scen     500      62    1251    34.68    19.80    12.46    10.33   170.30     8.6    16.5
da2-map/lt_house                    54x53  rand    1000       8      94     9.36     6.23     2.94     2.72    13.15     2.1     4.8
da2-map/lt_house                    54x53  scen      20       2       7     9.85     9.07     9.66     7.36    13.36     1.5     1.8
da2-map/lt_ruinedhouse_n          156x102  rand    1000       6      85     8.56     5.77     3.32     2.73    12.09     2.1     4.4
da2-map/lt_ruinedhouse_n          156x102  scen     130       7      96    11.49     8.18     4.80     3.37    14.49     1.8     4.3
da2-map/lt_shop                   156x102  rand    1000       7      88     7.71     7.61     2.95     2.85    14.40     1.9     5.0
da2-map/lt_shop                   156x102  scen     130       9     118     8.78     6.00     5.94     3.31    16.45     2.7     5.0
da2-map/lt_undercitydungeon       184x177  rand    1000      86    2883    43.55    21.48    14.78     9.55   297.78    13.9    31.2
da2-map/lt_undercitydungeon       184x177  scen     930     111    3723    47.01    25.43    18.08    12.32   396.43    15.6    32.2
da2-map/lt_undercityencounter     128x283  rand    1000      44    2101    34.65    15.51     9.09     6.06   225.83    14.6    37.2
da2-map/lt_undercityencounter     128x283  scen     750      53    2634    37.56    17.86    11.28     8.34   297.82    16.7    35.7
da2-map/lt_undercityserialkil~    184x177  rand    1000     102    2751    44.47    23.52    17.01    11.39   301.15    12.8    26.4
da2-map/lt_undercityserialkil~    184x177  scen     910     139    3756    52.86    28.09    22.12    14.16   394.66    14.0    27.9
------------------------------------------------------------------------------------------------------------------------------------
map                                  size   tag   pairs  JPSexp   A*exp      cC#       cC      wC#       wC     A*us   A*/cC   A*/wC
------------------------------------------------------------------------------------------------------------------------------------
da2-map/lt_warehouse              194x130  rand    1000      28     958    21.54    11.77     6.99     4.86   105.63     9.0    21.7
da2-map/lt_warehouse              194x130  scen     450      36    1341    22.28    14.08     8.08     5.32   144.53    10.3    27.2
da2-map/lt_warehouse_n            194x130  rand    1000      26     890    25.76    13.97     8.41     6.51   118.99     8.5    18.3
da2-map/lt_warehouse_n            194x130  scen     450      36    1296    32.48    17.98    11.98     7.78   159.75     8.9    20.5
da2-map/w_blightlands             514x514  rand    1000     115    4599    38.45    24.39    21.03    15.07   507.25    20.8    33.7
da2-map/w_blightlands             514x514  scen    2150     174    6705    51.51    31.33    27.54    21.83   754.45    24.1    34.6
da2-map/w_bonepit                 514x450  rand    1000      55    2949    41.02    19.54    15.81    10.93   421.18    21.6    38.5
da2-map/w_bonepit                 514x450  scen    1120      92    5090    54.26    21.60    19.20    14.24   712.09    33.0    50.0
da2-map/w_bonepitdestroyed_a3     514x450  rand    1000      70    6863    52.47    20.05    14.67     9.83   756.28    37.7    76.9
da2-map/w_bonepitdestroyed_a3     514x450  scen    1720      99    9968    55.25    23.83    18.35    12.44  1118.41    46.9    89.9
da2-map/w_bonepitmining_a2        514x450  rand    1000      55    2878    33.77    15.18    11.79     8.80   320.29    21.1    36.4
da2-map/w_bonepitmining_a2        514x450  scen    1140      91    4884    36.74    19.53    16.26    11.82   530.87    27.2    44.9
da2-map/w_encounter1              258x514  rand    1000      17     643    18.19     8.11     5.02     3.21    73.95     9.1    23.0
da2-map/w_encounter1              258x514  scen     520      25     969    17.87     9.58     7.79     4.88   109.42    11.4    22.4
da2-map/w_encounter2              514x514  rand    1000      29    3277    36.02    14.83     9.28     6.48   379.23    25.6    58.5
da2-map/w_encounter2              514x514  scen    1150      43    5474    39.68    17.42    11.95     8.25   648.46    37.2    78.6
da2-map/w_encounter2_camp         514x514  rand    1000      37    3812    60.67    21.71    15.62    11.20   570.14    26.3    50.9
da2-map/w_encounter2_camp         514x514  scen    1190      51    5907    60.22    23.94    19.95    13.84   992.83    41.5    71.8
da2-map/w_encounter3              386x642  rand    1000      28    1054    16.73    11.98     7.24     5.61   149.57    12.5    26.6
da2-map/w_encounter3              386x642  scen     850      48    1844    22.05    12.86    10.23     7.37   242.12    18.8    32.9
da2-map/w_sundermount             770x770  rand    1000     103    5526    50.89    26.34    21.56    15.99   655.63    24.9    41.0
da2-map/w_sundermount             770x770  scen    1730     155    8162    58.61    30.49    29.93    21.80   915.05    30.0    42.0
da2-map/w_woundedcoast            642x578  rand    1000     191    7419    66.00    36.24    33.50    22.64   843.04    23.3    37.2
da2-map/w_woundedcoast            642x578  scen    2100     235    9356    63.83    38.93    37.49    26.99  1024.09    26.3    37.9
dao-map/arena                       49x49  rand    1000       6      83    11.23     7.10     3.41     1.99    11.28     1.6     5.7
dao-map/arena                       49x49  scen     130       6      89    12.11     6.53     4.28     2.81    12.38     1.9     4.4
dao-map/arena2                    281x209  rand    1000      48    2904    50.70    20.93    13.48     9.36   360.56    17.2    38.5
dao-map/arena2                    281x209  scen     910      87    5519    76.68    27.91    20.09    12.29   699.68    25.1    56.9
dao-map/brc000d                   257x261  rand    1000     104    1997    69.74    27.45    21.08    13.41   258.47     9.4    19.3
dao-map/brc000d                   257x261  scen     850     258    4637    98.02    45.06    43.80    28.15   548.34    12.2    19.5
dao-map/brc100d                   512x492  rand    1000     204    6188    98.31    51.22    47.00    33.13   933.56    18.2    28.2
dao-map/brc100d                   512x492  scen    1360     317    9259   124.73    64.87    66.83    48.57  1380.04    21.3    28.4
dao-map/brc101d                   384x639  rand    1000     122    5299    70.89    30.82    23.93    16.40   656.80    21.3    40.1
dao-map/brc101d                   384x639  scen    1570     173    7462    69.02    35.51    30.41    21.84   925.32    26.1    42.4
dao-map/brc200d                   528x209  rand    1000      92    2736    41.66    23.73    17.64    11.98   353.10    14.9    29.5
dao-map/brc200d                   528x209  scen    1280     174    5223    53.83    29.28    26.14    19.27   631.38    21.6    32.8
dao-map/brc201d                   391x388  rand    1000     165    5712    61.72    33.25    27.35    19.75   596.52    17.9    30.2
dao-map/brc201d                   391x388  scen    2090     245    8492    75.51    41.20    37.96    27.39   886.92    21.5    32.4
dao-map/brc202d                   530x481  rand    1000     423   11846   150.41    80.61    92.56    55.13  1631.63    20.2    29.6
dao-map/brc202d                   530x481  scen    2550     581   16216   136.02    79.10    81.90    57.78  1865.85    23.6    32.3
dao-map/brc203d                   274x391  rand    1000     120    3499    51.12    26.28    21.78    13.73   421.71    16.0    30.7
dao-map/brc203d                   274x391  scen    1290     183    5447    65.08    34.03    30.00    22.13   650.65    19.1    29.4
dao-map/brc204d                   431x429  rand    1000     123    3726    48.79    25.39    20.04    14.37   413.49    16.3    28.8
dao-map/brc204d                   431x429  scen    1460     182    5573    57.84    29.09    26.76    18.86   626.30    21.5    33.2
dao-map/brc300d                   359x252  rand    1000      69    1594    22.25    14.54    10.80     8.12   171.18    11.8    21.1
dao-map/brc300d                   359x252  scen    1120      95    2252    27.11    16.35    14.18    10.24   239.74    14.7    23.4
dao-map/brc501d                   225x288  rand    1000     428    9455   225.45    83.05    69.43    46.98  1097.62    13.2    23.4
dao-map/brc501d                   225x288  scen    1410     778   16059   277.02   121.11   115.10    77.10  1687.62    13.9    21.9
dao-map/brc502d                   486x254  rand    1000      15     397    19.89     8.28     5.59     4.19    58.83     7.1    14.0
dao-map/brc502d                   486x254  scen     460      31     927    21.54    13.26     9.29     6.10   132.80    10.0    21.8
------------------------------------------------------------------------------------------------------------------------------------
map                                  size   tag   pairs  JPSexp   A*exp      cC#       cC      wC#       wC     A*us   A*/cC   A*/wC
------------------------------------------------------------------------------------------------------------------------------------
dao-map/brc503d                   320x257  rand    1000     494   11733   219.12    89.26    74.58    52.85  1263.26    14.2    23.9
dao-map/brc503d                   320x257  scen    1570     851   19361   279.28   131.43   126.69    87.77  2063.57    15.7    23.5
dao-map/brc504d                   260x256  rand    1000     623   11673   282.55   128.79   125.72    84.55  1664.14    12.9    19.7
dao-map/brc504d                   260x256  scen    1610     862   15608   316.20   161.83   162.81   112.00  2175.76    13.4    19.4
dao-map/brc505d                   261x193  rand    1000     496    7107   179.76    91.54    76.10    53.87   819.95     9.0    15.2
dao-map/brc505d                   261x193  scen    1510    1061   15004   265.64   142.10   149.20    99.62  1542.82    10.9    15.5
dao-map/brc997d                   256x256  rand    1000      37    1001    36.69    14.59    10.07     7.16   115.92     7.9    16.2
dao-map/brc997d                   256x256  scen     660      62    1917    45.05    17.93    14.09     9.20   220.01    12.3    23.9
dao-map/brc999d                   518x512  rand    1000      11     437    20.97     7.57     4.73     3.28    48.44     6.4    14.8
dao-map/brc999d                   518x512  scen     450      17     883    23.61     8.58     7.46     4.13    94.47    11.0    22.9
dao-map/combat                    177x193  rand    1000       5    1033    86.38    14.92     7.44     2.85   113.43     7.6    39.8
dao-map/combat                    177x193  scen     680       7    2139   104.00    18.13    10.54     4.56   242.79    13.4    53.2
dao-map/combat2                   177x193  rand    1000       5     981    87.89    15.44     7.75     2.97   109.24     7.1    36.8
dao-map/combat2                   177x193  scen     680       7    2165    95.94    17.02     9.48     3.94   246.47    14.5    62.6
dao-map/den000d                   503x351  rand    1000     103    6888    83.16    31.49    22.86    14.24   781.32    24.8    54.9
dao-map/den000d                   503x351  scen    1310     171   11322   102.34    42.15    34.74    21.92  1401.52    33.3    63.9
dao-map/den001d                    211x80  rand    1000      21     880    23.97    11.56     5.61     4.29   102.90     8.9    24.0
dao-map/den001d                    211x80  scen     480      21     945    21.75     9.95     6.00     4.00   100.07    10.1    25.0
dao-map/den005d                   241x328  rand    1000     156    4595    50.59    28.21    22.53    15.29   479.08    17.0    31.3
dao-map/den005d                   241x328  scen    1500     246    7162    63.14    36.47    33.20    22.30   751.34    20.6    33.7
dao-map/den009d                     50x34  rand    1000       9     174    10.54     6.67     2.79     2.19    20.85     3.1     9.5
dao-map/den009d                     50x34  scen     170      11     241    11.90     7.71     3.38     2.67    24.70     3.2     9.2
dao-map/den011d                   247x167  rand    1000      80    2135    42.24    20.81    14.44    10.27   243.95    11.7    23.8
dao-map/den011d                   247x167  scen     750     106    2836    41.79    22.21    17.19    11.70   297.98    13.4    25.5
dao-map/den012d                   310x350  rand    1000     120    4327    61.09    25.60    19.52    13.87   474.16    18.5    34.2
dao-map/den012d                   310x350  scen    1180     174    6377    66.21    30.18    25.91    17.89   680.22    22.5    38.0
dao-map/den020d                    89x118  rand    1000      24     516    16.10     8.78     5.22     3.68    53.79     6.1    14.6
dao-map/den020d                    89x118  scen     380      33     735    17.38     9.85     6.33     4.58    77.34     7.8    16.9
dao-map/den101d                     73x41  rand    1000      14     210    10.15     6.82     3.46     2.61    23.07     3.4     8.8
dao-map/den101d                     73x41  scen     210      18     294    12.12     7.96     4.90     3.50    31.47     4.0     9.0
dao-map/den200d                   320x455  rand    1000      80    2357    35.65    17.53    13.74     9.34   264.18    15.1    28.3
dao-map/den200d                   320x455  scen    1030     126    3944    43.57    22.38    19.75    14.34   449.20    20.1    31.3
dao-map/den200n                   320x455  rand    1000      85    2304    47.42    19.11    16.39    11.89   297.42    15.6    25.0
dao-map/den200n                   320x455  scen     990     137    3803    53.54    27.70    24.20    17.69   497.97    18.0    28.2
dao-map/den201d                     37x37  rand    1000       5      42     6.26     4.60     2.21     1.63     5.87     1.3     3.6
dao-map/den201d                     37x37  scen     100       6      61     7.40     5.59     2.97     2.43     8.42     1.5     3.5
dao-map/den202d                     39x40  rand    1000       5      49     6.63     5.05     2.25     1.53     6.68     1.3     4.4
dao-map/den202d                     39x40  scen     110       7      97     9.04     6.71     3.55     3.10    12.56     1.9     4.0
dao-map/den203d                     93x77  rand    1000      28     504    16.26     9.10     5.78     4.44    53.19     5.8    12.0
dao-map/den203d                     93x77  scen     330      35     662    17.41    10.46     6.62     4.57    70.20     6.7    15.4
dao-map/den204d                     66x66  rand    1000      13     180    13.77     7.37     4.09     2.84    20.92     2.8     7.4
dao-map/den204d                     66x66  scen     200      19     300    16.76     8.89     5.61     3.62    35.96     4.0     9.9
dao-map/den206d                    50x190  rand    1000      32    1033    23.56    11.87     6.39     4.40   115.07     9.7    26.1
dao-map/den206d                    50x190  scen     580      39    1257    25.77    13.37     7.75     4.94   140.46    10.5    28.5
dao-map/den207d                     38x50  rand    1000       7      84     8.56     5.43     3.41     1.81    10.22     1.9     5.6
dao-map/den207d                     38x50  scen     140       9     121    11.00     6.41     3.94     3.14    15.02     2.3     4.8
dao-map/den308d                    100x88  rand    1000      16     357    15.76     8.00     4.15     2.67    41.59     5.2    15.6
dao-map/den308d                    100x88  scen     290      23     540    16.95     9.01     5.47     3.68    58.67     6.5    15.9
dao-map/den312d                     65x81  rand    1000      22     343    13.65     8.49     4.67     3.27    37.29     4.4    11.4
dao-map/den312d                     65x81  scen     290      28     475    16.60     9.49     5.63     3.77    50.58     5.3    13.4
------------------------------------------------------------------------------------------------------------------------------------
map                                  size   tag   pairs  JPSexp   A*exp      cC#       cC      wC#       wC     A*us   A*/cC   A*/wC
------------------------------------------------------------------------------------------------------------------------------------
dao-map/den400d                   259x268  rand    1000      61    1958    56.76    20.38    13.35     8.69   216.94    10.6    25.0
dao-map/den400d                   259x268  scen     810     113    3771    71.74    27.59    21.23    14.24   443.91    16.1    31.2
dao-map/den401d                   259x113  rand    1000      70    1859    34.05    18.97    11.90     8.72   208.01    11.0    23.8
dao-map/den401d                   259x113  scen     730      85    2252    36.51    19.69    13.99     9.46   245.56    12.5    26.0
dao-map/den403d                     74x49  rand    1000      13     245    12.81     7.98     3.60     2.56    29.65     3.7    11.6
dao-map/den403d                     74x49  scen     200      13     288    13.19     8.01     4.40     3.53    32.13     4.0     9.1
dao-map/den404d                     28x34  rand    1000       6      64     6.45     4.98     2.07     1.57     7.81     1.6     5.0
dao-map/den404d                     28x34  scen     100       7      76     7.04     5.56     2.89     2.13     9.10     1.6     4.3
dao-map/den405d                     74x42  rand    1000       8      93     7.89     5.26     2.92     2.08    11.74     2.2     5.6
dao-map/den405d                     74x42  scen     140       9     112     7.76     5.82     3.65     2.39    14.12     2.4     5.9
dao-map/den407d                     33x57  rand    1000       6      69     7.61     4.95     2.52     1.78     8.95     1.8     5.0
dao-map/den407d                     33x57  scen     140       7      94     8.81     5.76     3.52     2.45    11.82     2.1     4.8
dao-map/den408d                     34x50  rand    1000       6      48     6.39     4.48     2.24     1.72     6.63     1.5     3.9
dao-map/den408d                     34x50  scen     120       8      73     8.40     5.96     3.65     2.59     9.92     1.7     3.8
dao-map/den500d                   288x417  rand    1000     125    6120    64.48    28.06    21.95    14.38   654.41    23.3    45.5
dao-map/den500d                   288x417  scen    1600     177    8561    69.59    33.71    30.30    18.61   895.09    26.6    48.1
dao-map/den501d                   320x338  rand    1000     161    4720    62.94    31.03    25.79    17.25   488.45    15.7    28.3
dao-map/den501d                   320x338  scen    1170     200    6012    69.49    37.00    31.41    21.59   660.88    17.9    30.6
dao-map/den502d                   211x251  rand    1000      13    1486    55.04    13.89     7.16     4.15   189.96    13.7    45.7
dao-map/den502d                   211x251  scen     680      18    2553    65.46    16.54    10.75     5.62   296.50    17.9    52.8
dao-map/den504d                   158x227  rand    1000      51    1745    49.07    21.06    11.51     7.71   249.32    11.8    32.3
dao-map/den504d                   158x227  scen     630      58    2149    51.54    20.39    16.77    11.82   313.69    15.4    26.5
dao-map/den505d                   288x432  rand    1000     116    5896    59.87    27.10    20.28    13.75   661.95    24.4    48.1
dao-map/den505d                   288x432  scen    1600     175    8664    66.97    33.15    27.00    19.97   942.59    28.4    47.2
dao-map/den510d                   385x467  rand    1000     314   11117   163.42    70.89    56.81    39.96  1480.90    20.9    37.1
dao-map/den510d                   385x467  scen    1940     649   20816   209.59    98.45   111.00    75.86  2795.38    28.4    36.8
dao-map/den520d                   256x257  rand    1000      75    3381    60.10    25.41    16.28    10.43   374.12    14.7    35.9
dao-map/den520d                   256x257  scen     870     104    4728    66.24    25.71    19.79    13.17   532.71    20.7    40.5
dao-map/den600d                   354x169  rand    1000     117    3902    59.20    28.51    24.13    15.69   556.49    19.5    35.5
dao-map/den600d                   354x169  scen    1390     177    5893    77.83    42.13    37.78    22.87   836.23    19.9    36.6
dao-map/den601d                   374x187  rand    1000     150    5035    58.64    33.05    26.59    17.89   566.91    17.2    31.7
dao-map/den601d                   374x187  scen    1450     235    7727    70.53    40.98    34.92    25.01   850.76    20.8    34.0
dao-map/den602d                   710x402  rand    1000     370    9486    93.69    55.51    54.47    42.31  1074.73    19.4    25.4
dao-map/den602d                   710x402  scen    2660     593   14774   120.92    75.62    87.48    58.43  1670.89    22.1    28.6
dao-map/den900d                   128x128  rand    1000      13     392    17.84     7.86     4.17     2.97    43.61     5.6    14.7
dao-map/den900d                   128x128  scen     360      15     536    19.16     8.59     5.39     3.70    58.98     6.9    16.0
dao-map/den901d                   129x128  rand    1000      14     550    26.49     9.40     4.75     3.33    59.96     6.4    18.0
dao-map/den901d                   129x128  scen     440      27    1249    32.29    13.04     7.76     4.77   133.19    10.2    27.9
dao-map/den998d                     62x86  rand    1000      17     207    11.29     6.96     3.85     2.79    23.77     3.4     8.5
dao-map/den998d                     62x86  scen     230      21     282    13.29     8.32     5.12     3.69    31.91     3.8     8.6
dao-map/hrt000d                   408x876  rand    1000     289   12432   173.86    62.50    51.51    36.69  1479.81    23.7    40.3
dao-map/hrt000d                   408x876  scen    2260     584   24205   237.33    96.14    89.88    65.41  2912.49    30.3    44.5
dao-map/hrt001d                   104x112  rand    1000      14     336    14.47     7.50     4.03     2.81    37.85     5.0    13.5
dao-map/hrt001d                   104x112  scen     320      23     571    17.36     9.13     6.21     3.96    62.98     6.9    15.9
dao-map/hrt002d                     49x50  rand    1000      13     118     8.26     6.04     3.12     2.23    14.18     2.3     6.4
dao-map/hrt002d                     49x50  scen     170      20     209    10.77     7.77     4.51     3.18    23.10     3.0     7.3
dao-map/hrt201d                   297x272  rand    1000     119    3106    51.54    26.10    19.23    13.95   344.03    13.2    24.7
dao-map/hrt201d                   297x272  scen    1100     212    5403    68.79    37.18    33.16    25.75   638.49    17.2    24.8
dao-map/hrt201n                   294x305  rand    1000     162    4329    77.11    37.48    31.98    21.05   598.71    16.0    28.4
dao-map/hrt201n                   294x305  scen    1180     213    5687    85.74    47.20    43.26    29.29   810.49    17.2    27.7
------------------------------------------------------------------------------------------------------------------------------------
map                                  size   tag   pairs  JPSexp   A*exp      cC#       cC      wC#       wC     A*us   A*/cC   A*/wC
------------------------------------------------------------------------------------------------------------------------------------
dao-map/isound1                     55x63  rand    1000       5     287    24.16     9.17     4.01     2.21    37.92     4.1    17.1
dao-map/isound1                     55x63  scen     200       5     346    18.64     7.78     4.00     1.82    37.61     4.8    20.7
dao-map/lak100c                   538x793  rand    1000     240    8788    71.74    39.27    35.93    25.31   923.99    23.5    36.5
dao-map/lak100c                   538x793  scen    1920     353   12869    85.42    50.16    52.49    35.95  1379.87    27.5    38.4
dao-map/lak100d                   538x792  rand    1000     286    9230    83.09    43.86    43.55    30.58  1056.93    24.1    34.6
dao-map/lak100d                   538x792  scen    2040     469   14556   108.73    61.19    66.10    47.22  1583.75    25.9    33.5
dao-map/lak100n                   538x793  rand    1000     282    8504   100.94    59.47    58.49    42.32  1250.52    21.0    29.5
dao-map/lak100n                   538x793  scen    1910     416   12438   134.94    75.48    80.04    58.90  1743.22    23.1    29.6
dao-map/lak101d                     30x31  rand    1000       3      26     5.17     4.15     1.73     1.23     4.11     1.0     3.3
dao-map/lak101d                     30x31  scen      60       3      28     6.12     5.46     3.87     2.91     5.90     1.1     2.0
dao-map/lak102d                     38x30  rand    1000       7      61     6.90     5.11     2.26     1.60     7.99     1.6     5.0
dao-map/lak102d                     38x30  scen     100       8      74     6.78     5.30     2.91     1.98     9.76     1.8     4.9
dao-map/lak103d                     49x49  rand    1000      15     191    10.12     6.48     3.50     2.35    20.50     3.2     8.7
dao-map/lak103d                     49x49  scen     230      20     279    10.78     7.90     4.23     2.97    28.99     3.7     9.8
dao-map/lak104d                     41x41  rand    1000       7      67     7.71     5.32     2.91     1.85     9.81     1.8     5.3
dao-map/lak104d                     41x41  scen     120       8      90     8.85     6.73     4.45     3.15    14.26     2.1     4.5
dao-map/lak105d                     31x25  rand    1000       8      58     6.83     5.27     2.69     1.85     7.87     1.5     4.2
dao-map/lak105d                     31x25  scen      90       9      71     7.51     5.73     3.59     2.61     9.52     1.7     3.6
dao-map/lak106d                    97x113  rand    1000       7     156    10.90     5.67     2.62     1.73    18.28     3.2    10.6
dao-map/lak106d                    97x113  scen     230      11     283    12.27     6.15     3.56     2.19    30.83     5.0    14.1
dao-map/lak107d                     36x26  rand    1000       4      47     5.52     4.25     1.47     1.03     5.83     1.4     5.7
dao-map/lak107d                     36x26  scen     100       6      79     6.96     5.01     2.17     1.47     9.20     1.8     6.2
dao-map/lak108d                     27x26  rand    1000       4      28     4.72     3.77     1.54     1.01     4.06     1.1     4.0
dao-map/lak108d                     27x26  scen      60       5      28     4.98     4.02     2.36     1.67     4.33     1.1     2.6
dao-map/lak109d                     33x42  rand    1000       7      48     5.13     4.26     1.77     1.25     5.78     1.4     4.6
dao-map/lak109d                     33x42  scen     100       8      57     6.16     4.56     2.67     1.92     7.90     1.7     4.1
dao-map/lak110d                     30x21  rand    1000       4      19     4.07     3.86     1.35     1.00     3.01     0.8     3.0
dao-map/lak110d                     30x21  scen      50       4      19     4.59     4.04     2.29     1.76     3.49     0.9     2.0
dao-map/lak200d                   352x261  rand    1000      20     956    19.99     9.68     5.69     3.56   105.65    10.9    29.6
dao-map/lak200d                   352x261  scen     560      32    1722    21.22     9.80     8.00     4.43   178.27    18.2    40.2
dao-map/lak201d                   252x163  rand    1000      72    2283    32.22    17.80    12.53     8.23   236.70    13.3    28.7
dao-map/lak201d                   252x163  scen     790      85    2689    33.28    17.59    13.56     8.83   272.90    15.5    30.9
dao-map/lak202d                   159x182  rand    1000      44    1401    23.90    13.12     8.91     5.75   160.69    12.2    27.9
dao-map/lak202d                   159x182  scen     670      60    1962    27.57    13.66     9.42     6.04   200.73    14.7    33.2
dao-map/lak203d                   112x146  rand    1000      14     242     9.76     6.21     3.72     2.41    29.11     4.7    12.1
dao-map/lak203d                   112x146  scen     320      24     452    15.62    10.35     7.65     5.46    59.06     5.7    10.8
dao-map/lak250d                   257x257  rand    1000      10     162    12.06     6.38     3.41     2.21    20.32     3.2     9.2
dao-map/lak250d                   257x257  scen     270      21     358    11.56     7.23     6.52     3.51    39.01     5.4    11.1
dao-map/lak300d                   384x528  rand    1000      24     972    24.13     8.93     6.10     4.17   109.71    12.3    26.3
dao-map/lak300d                   384x528  scen     730      40    1747    30.65    14.55    10.42     7.38   224.61    15.4    30.4
dao-map/lak302d                   193x289  rand    1000      88    3419    41.49    21.93    15.39     9.61   365.88    16.7    38.1
dao-map/lak302d                   193x289  scen    1000     115    4526    47.65    22.34    18.18    12.24   484.74    21.7    39.6
dao-map/lak303d                   194x194  rand    1000     163    3470    61.52    32.51    23.28    16.31   358.50    11.0    22.0
dao-map/lak303d                   194x194  scen    1040     250    5141    71.45    41.93    32.64    23.17   490.18    11.7    21.2
dao-map/lak304d                   193x194  rand    1000     104    2726    49.01    26.31    16.84    12.07   302.03    11.5    25.0
dao-map/lak304d                   193x194  scen     750     156    3846    54.01    30.61    23.89    15.86   413.01    13.5    26.0
dao-map/lak307d                     84x84  rand    1000       6     171    17.81     7.05     3.27     2.29    20.18     2.9     8.8
dao-map/lak307d                     84x84  scen     200       6     198    17.84     7.14     4.58     2.36    22.01     3.1     9.3
dao-map/lak308d                   298x324  rand    1000     106    2591    34.42    21.16    15.77    10.75   269.56    12.7    25.1
dao-map/lak308d                   298x324  scen    1240     148    3594    39.11    23.54    19.86    14.98   373.68    15.9    24.9
------------------------------------------------------------------------------------------------------------------------------------
map                                  size   tag   pairs  JPSexp   A*exp      cC#       cC      wC#       wC     A*us   A*/cC   A*/wC
------------------------------------------------------------------------------------------------------------------------------------
dao-map/lak400d                 1057x1057  rand    1000     143    5250    58.60    28.09    27.00    19.86   628.65    22.4    31.6
dao-map/lak400d                 1057x1057  scen    1320     202    7415    66.69    32.93    33.60    24.07   868.87    26.4    36.1
dao-map/lak401d                   401x593  rand    1000     270    9432    98.81    44.66    42.67    30.75  1023.83    22.9    33.3
dao-map/lak401d                   401x593  scen    2180     392   13415   105.46    56.79    56.38    39.07  1439.41    25.3    36.8
dao-map/lak403d                   403x649  rand    1000      32    1407    39.03    12.86     8.38     5.58   152.62    11.9    27.4
dao-map/lak403d                   403x649  scen    1090      34    2252    35.58    12.84     8.73     5.89   245.68    19.1    41.7
dao-map/lak404d                    528x70  rand    1000      52    2208    33.27    16.24     9.82     6.92   247.24    15.2    35.7
dao-map/lak404d                    528x70  scen    1330      81    3501    41.88    21.73    13.47     9.86   398.50    18.3    40.4
dao-map/lak405d                  833x1006  rand    1000     402   12126   130.43    73.14    86.92    52.54  1708.71    23.4    32.5
dao-map/lak405d                  833x1006  scen    4040     519   15855   156.41    91.91   105.32    76.86  2247.08    24.4    29.2
dao-map/lak503d                   194x194  rand    1000     175    4716    70.32    35.69    25.32    17.30   472.58    13.2    27.3
dao-map/lak503d                   194x194  scen    1220     265    7030    84.49    44.84    37.18    25.60   684.05    15.3    26.7
dao-map/lak504d                   193x194  rand    1000      98    2615    46.05    23.13    16.12    11.39   278.54    12.0    24.5
dao-map/lak504d                   193x194  scen     720     138    3611    50.53    27.19    20.98    14.03   378.18    13.9    27.0
dao-map/lak505d                   194x195  rand    1000     191    3805    77.08    37.30    29.19    18.99   378.11    10.1    19.9
dao-map/lak505d                   194x195  scen     920     279    5551    88.09    48.32    39.45    26.90   553.29    11.4    20.6
dao-map/lak506d                   194x205  rand    1000     201    4062    62.74    35.53    28.42    19.49   390.95    11.0    20.1
dao-map/lak506d                   194x205  scen    1110     255    5149    66.83    39.28    33.10    23.25   485.89    12.4    20.9
dao-map/lak507d                     84x84  rand    1000       4     156    17.19     6.04     2.54     1.58    17.83     3.0    11.3
dao-map/lak507d                     84x84  scen     210       5     228    18.14     6.68     4.50     2.32    25.34     3.8    10.9
dao-map/lak510d                   287x253  rand    1000      15     553    16.67     7.23     4.54     2.86    60.95     8.4    21.3
dao-map/lak510d                   287x253  scen     420      18     740    16.96     7.88     5.42     3.53    78.40     9.9    22.2
dao-map/lak511d                   207x533  rand    1000      66    2380    44.44    19.99    12.70     8.54   266.55    13.3    31.2
dao-map/lak511d                   207x533  scen    1050     111    4379    53.10    24.82    17.94    12.60   490.45    19.8    38.9
dao-map/lak512d                   297x658  rand    1000     205    6744    72.74    36.73    30.72    22.49   762.79    20.8    33.9
dao-map/lak512d                   297x658  scen    2100     288    9621    84.05    43.33    41.13    28.93  1049.94    24.2    36.3
dao-map/lak513d                   389x637  rand    1000      59    2435    41.40    17.79    12.83     8.92   267.00    15.0    29.9
dao-map/lak513d                   389x637  scen     880      65    2918    38.28    17.99    14.14     8.95   333.70    18.6    37.3
dao-map/lak514d                   409x339  rand    1000      11     399    18.74     8.16     5.06     2.92    42.99     5.3    14.7
dao-map/lak514d                   409x339  scen     420      17     926    18.25     8.52     8.05     4.22    98.16    11.5    23.2
dao-map/lak515d                   114x112  rand    1000       6      84     9.43     4.87     2.36     1.62    10.59     2.2     6.5
dao-map/lak515d                   114x112  scen     180       8     147    10.73     5.58     3.75     2.37    16.73     3.0     7.1
dao-map/lak519d                   168x145  rand    1000      27     873    32.45    12.69     6.94     4.74    95.65     7.5    20.2
dao-map/lak519d                   168x145  scen     480      39    1448    39.07    14.64     9.26     5.90   160.84    11.0    27.3
dao-map/lak526d                   129x124  rand    1000      10     129     7.08     4.92     2.66     2.13    14.38     2.9     6.8
dao-map/lak526d                   129x124  scen     210      14     201     8.43     5.91     3.84     2.83    21.45     3.6     7.6
dao-map/lgt101d                     44x28  rand    1000      10      57     6.28     5.23     2.59     1.80     7.26     1.4     4.0
dao-map/lgt101d                     44x28  scen     110      14      83     8.43     6.29     4.17     3.23    11.05     1.8     3.4
dao-map/lgt300d                   531x747  rand    1000     183    5661    68.69    32.65    29.88    21.40   620.54    19.0    29.0
dao-map/lgt300d                   531x747  scen    1730     316    9251    94.30    47.36    47.21    36.61  1066.73    22.5    29.1
dao-map/lgt600d                   643x645  rand    1000      18    1477    25.44     9.45     6.15     4.18   165.69    17.5    39.7
dao-map/lgt600d                   643x645  scen     940      41    4129    30.52    13.11    10.52     7.03   477.85    36.4    68.0
dao-map/lgt601d                   258x258  rand    1000      30    1542    47.74    14.65     8.88     5.81   175.30    12.0    30.2
dao-map/lgt601d                   258x258  scen     800      40    2429    55.90    18.62    13.15     7.81   276.16    14.8    35.4
dao-map/lgt602d                   266x277  rand    1000     110    4729    71.04    29.33    20.39    12.95   523.47    17.8    40.4
dao-map/lgt602d                   266x277  scen     980     147    6379    74.29    31.54    24.32    17.36   704.75    22.3    40.6
dao-map/lgt603d                   261x262  rand    1000     183    7059    73.70    33.88    26.85    18.69   725.11    21.4    38.8
dao-map/lgt603d                   261x262  scen    1480     248    9568    81.32    39.91    33.10    23.03   938.59    23.5    40.8
dao-map/lgt604d                   258x252  rand    1000      24    1270    26.46    10.92     5.86     3.84   135.93    12.4    35.4
dao-map/lgt604d                   258x252  scen     770      42    2259    28.99    13.06     8.31     5.54   235.62    18.0    42.5
------------------------------------------------------------------------------------------------------------------------------------
map                                  size   tag   pairs  JPSexp   A*exp      cC#       cC      wC#       wC     A*us   A*/cC   A*/wC
------------------------------------------------------------------------------------------------------------------------------------
dao-map/lgt605d                   107x125  rand    1000       5     166    12.92     5.30     2.23     1.43    19.01     3.6    13.2
dao-map/lgt605d                   107x125  scen     220       6     204    12.64     5.78     3.31     2.54    22.62     3.9     8.9
dao-map/orz000d                    79x137  rand    1000       9     283    16.48     6.44     3.04     1.97    31.23     4.8    15.8
dao-map/orz000d                    79x137  scen     320      12     419    18.23     7.31     4.56     2.51    45.73     6.3    18.2
dao-map/orz100d                   412x395  rand    1000     704   25498   268.62   119.81   107.95    71.19  2787.51    23.3    39.2
dao-map/orz100d                   412x395  scen    2420     999   35138   313.99   145.75   145.46   102.72  3900.04    26.8    38.0
dao-map/orz101d                     48x95  rand    1000      10     167    10.87     6.08     2.99     2.24    19.67     3.2     8.8
dao-map/orz101d                     48x95  scen     210      11     196    11.48     6.90     4.10     3.02    22.16     3.2     7.3
dao-map/orz102d                     46x47  rand    1000       5      57     6.66     4.62     2.29     1.50     7.18     1.6     4.8
dao-map/orz102d                     46x47  scen     110       6      71     8.20     6.37     3.64     2.65     9.71     1.5     3.7
dao-map/orz103d                   463x456  rand    1000     590   15281   124.03    74.37    77.27    54.05  1505.69    20.2    27.9
dao-map/orz103d                   463x456  scen    3790     778   20125   142.41    89.40    96.59    68.37  1969.55    22.0    28.8
dao-map/orz105d                     47x60  rand    1000       5      54     6.64     4.40     1.97     1.43     6.88     1.6     4.8
dao-map/orz105d                     47x60  scen     120       6      71     7.73     5.08     3.26     2.36     9.34     1.8     4.0
dao-map/orz106d                     25x33  rand    1000       4      25     5.18     4.03     1.97     1.31     4.08     1.0     3.1
dao-map/orz106d                     25x33  scen      70       5      33     5.80     4.67     2.96     2.21     5.53     1.2     2.5
dao-map/orz107d                     34x48  rand    1000       5      56     6.79     4.52     1.98     1.43     7.27     1.6     5.1
dao-map/orz107d                     34x48  scen     100       5      64     7.05     4.61     2.77     1.85     8.21     1.8     4.4
dao-map/orz200d                   272x260  rand    1000      44     727    18.74    11.31     7.85     6.06    82.83     7.3    13.7
dao-map/orz200d                   272x260  scen     510      75    1273    23.45    13.93    11.69     8.25   132.89     9.5    16.1
dao-map/orz201d                     47x45  rand    1000       8      83     7.49     5.23     2.52     1.75    10.17     1.9     5.8
dao-map/orz201d                     47x45  scen     120       9     101     8.63     6.04     3.99     2.78    12.74     2.1     4.6
dao-map/orz203d                     19x35  rand    1000       3      20     4.70     3.66     1.59     1.16     3.25     0.9     2.8
dao-map/orz203d                     19x35  scen      60       3      27     5.89     4.54     3.01     2.24     4.99     1.1     2.2
dao-map/orz300d                   649x386  rand    1000     303   12110   125.81    58.40    51.67    34.66  1364.27    23.4    39.4
dao-map/orz300d                   649x386  scen    1560     429   16548   139.99    68.34    65.90    45.80  1876.17    27.5    41.0
dao-map/orz301d                   120x180  rand    1000      22     479    16.45     8.33     5.00     3.43    53.11     6.4    15.5
dao-map/orz301d                   120x180  scen     390      25     589    17.34     8.72     5.81     3.81    64.37     7.4    16.9
dao-map/orz302d                   146x145  rand    1000      18     695    18.10     8.75     4.80     3.49    73.89     8.4    21.1
dao-map/orz302d                   146x145  scen     490      27    1120    21.01    10.37     6.31     4.25   115.15    11.1    27.1
dao-map/orz303d                   390x267  rand    1000      93    3710    46.47    22.70    18.29    12.32   397.73    17.5    32.3
dao-map/orz303d                   390x267  scen    1140     132    5271    52.10    26.32    22.21    15.56   585.62    22.3    37.6
dao-map/orz304d                    75x155  rand    1000      21     521    18.48     8.80     4.78     3.35    57.78     6.6    17.2
dao-map/orz304d                    75x155  scen     380      24     681    19.60     9.58     5.96     4.01    75.09     7.8    18.7
dao-map/orz500d                   303x342  rand    1000      33    1234    29.47    11.95     8.35     5.33   133.72    11.2    25.1
dao-map/orz500d                   303x342  scen     860      57    2132    33.72    14.69    11.67     7.99   234.02    15.9    29.3
dao-map/orz601d                    107x47  rand    1000      11     214     9.38     6.25     3.06     2.14    23.35     3.7    10.9
dao-map/orz601d                    107x47  scen     240      12     287    10.67     7.33     3.97     2.76    31.19     4.3    11.3
dao-map/orz700d                 1104x1260  rand    1000     631   20770   155.48    89.21    95.93    69.31  2235.88    25.1    32.3
dao-map/orz700d                 1104x1260  scen    3880     923   29546   193.24   119.88   135.18   100.84  3180.35    26.5    31.5
dao-map/orz701d                   839x722  rand    1000     372   11602    91.19    54.21    54.44    39.21  1208.04    22.3    30.8
dao-map/orz701d                   839x722  scen    3040     517   16201   114.17    71.18    75.09    54.97  1663.80    23.4    30.3
dao-map/orz702d                   718x939  rand    1000     829   20150   200.16   112.08   124.55    88.79  2209.62    19.7    24.9
dao-map/orz702d                   718x939  scen    4130    1412   33436   275.79   168.98   201.35   148.27  3436.46    20.3    23.2
dao-map/orz703d                   652x502  rand    1000     116    9721   115.92    38.82    23.42    21.84  1417.50    36.5    64.9
dao-map/orz703d                   652x502  scen    2240     206   16829   120.65    52.97    49.72    34.10  2481.63    46.9    72.8
dao-map/orz704d                     84x46  rand    1000       5     101     9.41     5.29     2.39     1.47    11.70     2.2     8.0
dao-map/orz704d                     84x46  scen     200       6     178    10.08     5.63     3.36     1.99    19.19     3.4     9.7
dao-map/orz800d                   868x844  rand    1000     147   11440    62.81    29.79    26.45    19.01  1168.44    39.2    61.5
dao-map/orz800d                   868x844  scen    3690     225   16253    74.93    37.20    34.34    25.69  1648.60    44.3    64.2
------------------------------------------------------------------------------------------------------------------------------------
map                                  size   tag   pairs  JPSexp   A*exp      cC#       cC      wC#       wC     A*us   A*/cC   A*/wC
------------------------------------------------------------------------------------------------------------------------------------
dao-map/orz900d                  1491x656  rand    1000     885   35731   181.10   113.72   125.82    92.84  3459.70    30.4    37.3
dao-map/orz900d                  1491x656  scen    7070    1247   50061   242.08   155.89   179.63   133.87  5081.77    32.6    38.0
dao-map/orz901d                   601x678  rand    1000     490   15590   111.19    62.73    66.61    47.16  1534.79    24.5    32.5
dao-map/orz901d                   601x678  scen    4190     680   21701   145.81    83.97    96.85    64.51  2157.48    25.7    33.4
dao-map/orz999d                   632x698  rand    1000      78    6997    79.05    32.62    24.10    16.73   989.01    30.3    59.1
dao-map/orz999d                   632x698  scen    2430     118   10704    89.42    37.68    29.57    23.38  1557.39    41.3    66.6
dao-map/ost000a                   487x969  rand    1000    1038   20562   292.73   144.82   148.97   105.01  2204.46    15.2    21.0
dao-map/ost000a                   487x969  scen    2520    1322   25418   317.61   167.85   184.84   131.06  2779.08    16.6    21.2
dao-map/ost000t                   487x971  rand    1000     977   19696   269.40   131.49   139.26    98.30  2072.26    15.8    21.1
dao-map/ost000t                   487x971  scen    2620    1345   26646   326.85   169.28   197.91   136.31  2894.50    17.1    21.2
dao-map/ost001d                   194x194  rand    1000      64    1860    37.79    22.70    15.03     8.76   253.15    11.2    28.9
dao-map/ost001d                   194x194  scen     620      96    2780    48.57    28.24    22.12    14.18   375.17    13.3    26.5
dao-map/ost002d                   181x145  rand    1000      78    1423    57.00    26.60    18.41    11.51   196.89     7.4    17.1
dao-map/ost002d                   181x145  scen     610     128    2302    67.69    28.98    21.94    19.45   301.86    10.4    15.5
dao-map/ost003d                   194x194  rand    1000     103    3095    70.51    32.15    25.17    15.83   395.94    12.3    25.0
dao-map/ost003d                   194x194  scen     810     142    4256    70.50    37.81    31.22    20.10   455.74    12.1    22.7
dao-map/ost004d                     84x84  rand    1000       7     165    16.12     6.36     2.95     1.87    18.73     2.9    10.0
dao-map/ost004d                     84x84  scen     210       8     235    18.35     7.34     4.95     2.70    26.18     3.6     9.7
dao-map/ost100d                 1024x1025  rand    1000    1201   22498   427.54   236.24   258.86   183.15  3520.51    14.9    19.2
dao-map/ost100d                 1024x1025  scen    2930    2098   37626   609.27   353.37   411.06   314.20  5828.20    16.5    18.5
dao-map/ost101d                   768x704  rand    1000      11     325     9.33     5.26     3.28     2.11    35.10     6.7    16.6
dao-map/ost101d                   768x704  scen     290      14     449     9.84     5.54     4.27     2.85    48.03     8.7    16.9
dao-map/ost102d                     28x22  rand    1000       4      22     4.57     3.96     1.56     1.13     3.34     0.8     3.0
dao-map/ost102d                     28x22  scen      60       4      27     5.37     4.38     2.73     1.44     4.59     1.0     3.2
dao-map/oth000d                   384x384  rand    1000      78    4419    37.87    17.95    13.59     9.51   445.18    24.8    46.8
dao-map/oth000d                   384x384  scen    1750     123    7164    43.87    22.93    18.35    13.70   711.56    31.0    51.9
dao-map/oth001d                   384x382  rand    1000      14     217    12.70     6.41     4.11     2.67    26.77     4.2    10.0
dao-map/oth001d                   384x382  scen     310      23     419    14.12     7.91     6.89     4.22    48.40     6.1    11.5
dao-map/oth999d                     49x32  rand    1000       2      72     9.39     4.94     1.65     0.92     8.66     1.8     9.4
dao-map/oth999d                     49x32  scen     140       2     108    10.13     5.54     2.55     1.29    12.33     2.2     9.5
dao-map/rmtst                      182x50  rand    1000      15     478    17.12     8.34     3.81     2.50    53.66     6.4    21.4
dao-map/rmtst                      182x50  scen     440      20     703    19.73    10.90     5.54     3.59    79.35     7.3    22.1
dao-map/rmtst01                    182x50  rand    1000      15     493    18.89     8.48     4.12     2.55    55.06     6.5    21.6
dao-map/rmtst01                    182x50  scen     440      20     722    19.82     9.75     5.12     3.25    76.17     7.8    23.4
dao-map/rmtst03                    182x49  rand    1000      15     513    17.71     8.88     4.11     2.63    58.87     6.6    22.4
dao-map/rmtst03                    182x49  scen     450      19     707    23.93     9.53     5.54     3.18    76.62     8.0    24.1
mapf-map/Berlin_1_256             256x256  rand    1000     102    3489    74.62    28.57    18.33    12.09   430.50    15.1    35.6
mapf-map/Berlin_1_256             256x256  scen   24148     179    5794   105.45    41.03    27.19    18.86   706.82    17.2    37.5
mapf-map/Boston_0_256             256x256  rand    1000     128    3543    77.23    35.75    23.83    15.79   405.81    11.4    25.7
mapf-map/Boston_0_256             256x256  scen   23719     215    5540   107.77    52.13    34.69    23.44   648.42    12.4    27.7
mapf-map/brc202d                  530x481  rand    1000     423   11846   113.52    61.94    63.30    44.65  1284.10    20.7    28.8
mapf-map/brc202d                  530x481  scen   62029     562   15670   141.57    79.21    81.74    56.82  1715.11    21.7    30.2
mapf-map/den312d                    65x81  rand    1000      22     343    13.02     8.15     4.38     3.04    38.09     4.7    12.5
mapf-map/den312d                    65x81  scen    7082      29     488    16.68     9.70     5.39     3.53    53.96     5.6    15.3
mapf-map/den520d                  256x257  rand    1000      75    3381    61.99    24.11    15.04    10.37   382.73    15.9    36.9
mapf-map/den520d                  256x257  scen   21640     101    4608    72.21    27.31    16.84    11.84   516.10    18.9    43.6
mapf-map/empty-16-16                16x16  rand    1000       2      17     4.41     3.65     1.46     1.09     2.83     0.8     2.6
mapf-map/empty-16-16                16x16  scen    2992       2      18     4.37     3.68     1.43     1.07     2.91     0.8     2.7
mapf-map/empty-32-32                32x32  rand    1000       2      48     7.74     4.81     1.84     1.17     6.40     1.3     5.5
mapf-map/empty-32-32                32x32  scen   12736       2      48     7.78     4.94     1.66     1.20     6.34     1.3     5.3
------------------------------------------------------------------------------------------------------------------------------------
map                                  size   tag   pairs  JPSexp   A*exp      cC#       cC      wC#       wC     A*us   A*/cC   A*/wC
------------------------------------------------------------------------------------------------------------------------------------
mapf-map/empty-48-48                48x48  rand    1000       2      95    13.51     5.98     2.22     1.29    11.30     1.9     8.7
mapf-map/empty-48-48                48x48  scen   28731       2      89    13.43     5.85     1.91     1.28    10.91     1.9     8.5
mapf-map/empty-8-8                    8x8  rand    1000       2       7     3.13     2.68     1.18     0.90     1.59     0.6     1.8
mapf-map/empty-8-8                    8x8  scen     585       2       6     2.94     2.58     1.34     1.06     1.63     0.6     1.5
mapf-map/ht_chantry               162x141  rand    1000      44    1230    26.98    13.99     8.35     5.76   126.53     9.0    22.0
mapf-map/ht_chantry               162x141  scen   11513      57    1571    30.75    15.55    10.08     6.73   164.07    10.5    24.4
mapf-map/ht_mansion_n             133x270  rand    1000      43    1252    25.63    13.10     8.67     5.77   135.41    10.3    23.5
mapf-map/ht_mansion_n             133x270  scen   14015      62    1928    33.45    17.39    10.79     7.75   244.09    14.0    31.5
mapf-map/lak303d                  194x194  rand    1000     163    3470    81.16    42.47    28.55    19.31   447.71    10.5    23.2
mapf-map/lak303d                  194x194  scen   25657     251    5121   117.68    61.42    49.41    34.01   636.91    10.4    18.7
mapf-map/lt_gallowstemplar_n      251x180  rand    1000      51    1352    31.49    14.70    10.82     6.78   158.10    10.8    23.3
mapf-map/lt_gallowstemplar_n      251x180  scen   15399      62    1672    43.79    20.75    14.41     9.80   245.34    11.8    25.0
mapf-map/maze-128-128-1           128x128  rand    1000     880    3228   112.89    82.93    86.95    60.47   227.47     2.7     3.8
mapf-map/maze-128-128-1           128x128  scen   48648     885    3241   111.83    80.80    84.11    57.41   230.10     2.8     4.0
mapf-map/maze-128-128-10          128x128  rand    1000      37    4683    62.39    28.72    13.04     5.90   571.95    19.9    96.9
mapf-map/maze-128-128-10          128x128  scen   27046      47    6269    54.81    24.90    10.58     6.88   689.93    27.7   100.3
mapf-map/maze-128-128-2           128x128  rand    1000     757    4929   166.64   109.23   111.00    75.58   535.07     4.9     7.1
mapf-map/maze-128-128-2           128x128  scen   64662     748    4869   160.44    84.54    79.85    58.26   508.92     6.0     8.7
mapf-map/maze-32-32-2               32x32  rand    1000      40     241    11.83     7.91     5.21     3.72    22.01     2.8     5.9
mapf-map/maze-32-32-2               32x32  scen    4613      40     244    11.11     8.16     5.36     3.59    22.46     2.8     6.3
mapf-map/maze-32-32-4               32x32  rand    1000      13     227    11.75     6.95     3.08     2.39    26.41     3.8    11.1
mapf-map/maze-32-32-4               32x32  scen    3273      15     281    11.28     8.12     3.42     2.23    29.42     3.6    13.2
mapf-map/orz900d                 1491x656  rand    1000     885   35731   188.10   117.43   126.82    92.32  3580.84    30.5    38.8
mapf-map/orz900d                 1491x656  scen  161069    1161   46684   231.44   140.89   165.35   118.77  4554.70    32.3    38.3
mapf-map/ost003d                  194x194  rand    1000     103    3095    62.99    33.43    24.74    13.92   389.37    11.6    28.0
mapf-map/ost003d                  194x194  scen   20476     142    4244    87.30    41.71    30.59    20.85   551.66    13.2    26.5
mapf-map/Paris_1_256              256x256  rand    1000     157    3762    95.22    40.62    27.82    17.95   463.39    11.4    25.8
mapf-map/Paris_1_256              256x256  scen   26387     377    8099   156.93    70.61    53.13    38.35   993.41    14.1    25.9
mapf-map/random-32-32-10            32x32  rand    1000      18      51     9.16     7.35     4.54     3.23     8.28     1.1     2.6
mapf-map/random-32-32-10            32x32  scen    2547      23      66    10.79     7.88     4.67     3.42     9.41     1.2     2.8
mapf-map/random-32-32-20            32x32  rand    1000      31      73    12.27     7.62     6.92     4.45    11.72     1.5     2.6
mapf-map/random-32-32-20            32x32  scen     971      50     119    16.57    12.47     9.12     6.97    17.09     1.4     2.5
mapf-map/random-64-64-10            64x64  rand    1000      50     153    18.11    13.48    10.33     7.01    21.64     1.6     3.1
mapf-map/random-64-64-10            64x64  scen    5155      72     214    26.23    16.81    13.34     9.53    30.11     1.8     3.2
mapf-map/random-64-64-20            64x64  rand    1000      95     229    27.12    20.83    17.27    13.14    33.78     1.6     2.6
mapf-map/random-64-64-20            64x64  scen    2483     187     436    50.60    37.04    29.63    23.33    61.60     1.7     2.6
mapf-map/room-32-32-4               32x32  rand    1000      28      93    11.51     8.83     6.38     3.61    13.39     1.5     3.7
mapf-map/room-32-32-4               32x32  scen    2998      36     118    14.58    10.10     7.43     5.06    15.90     1.6     3.1
mapf-map/room-64-64-16              64x64  rand    1000      29     857    31.11    16.16     7.95     4.49   104.94     6.5    23.4
mapf-map/room-64-64-16              64x64  scen    9942      40    1263    39.17    20.18    10.35     6.50   148.94     7.4    22.9
mapf-map/room-64-64-8               64x64  rand    1000      44     549    27.49    14.39     9.44     6.52    68.21     4.7    10.5
mapf-map/room-64-64-8               64x64  scen    7604      60     779    32.15    19.58    12.43     8.12    97.68     5.0    12.0
mapf-map/warehouse-10-20-10-2~     161x63  rand    1000      36     534    27.84    12.22     8.84     5.80    52.16     4.3     9.0
mapf-map/warehouse-10-20-10-2~     161x63  scen   11168      46     692    31.46    14.87     9.65     6.17    62.85     4.2    10.2
mapf-map/warehouse-10-20-10-2~     170x84  rand    1000     155     898    45.03    26.85    23.86    14.24   102.23     3.8     7.2
mapf-map/warehouse-10-20-10-2~     170x84  scen   12226     215    1208    63.16    34.51    31.96    21.30   141.41     4.1     6.6
mapf-map/warehouse-20-40-10-2~    321x123  rand    1000     129    2077    80.40    27.06    25.40    13.52   189.21     7.0    14.0
mapf-map/warehouse-20-40-10-2~    321x123  scen   22737     163    2705    91.60    35.28    28.31    18.88   250.79     7.1    13.3
mapf-map/warehouse-20-40-10-2~    340x164  rand    1000     616    3218   195.84   101.55   104.92    69.17   428.53     4.2     6.2
mapf-map/warehouse-20-40-10-2~    340x164  scen   24990     953    4783   272.38   145.74   151.74   101.85   628.93     4.3     6.2
------------------------------------------------------------------------------------------------------------------------------------
map                                  size   tag   pairs  JPSexp   A*exp      cC#       cC      wC#       wC     A*us   A*/cC   A*/wC
------------------------------------------------------------------------------------------------------------------------------------
mapf-map/w_woundedcoast           642x578  rand    1000     191    7419    67.91    43.66    38.50    29.62   962.85    22.1    32.5
mapf-map/w_woundedcoast           642x578  scen   52517     237    9404    83.86    47.07    45.11    31.55  1170.53    24.9    37.1
sc1-map/AcrosstheCape             768x768  rand    1000     466   43787   339.42   108.33    92.40    59.23  5383.07    49.7    90.9
sc1-map/AcrosstheCape             768x768  scen    3150     691   62575   348.45   128.46   113.23    79.33  7983.86    62.2   100.6
sc1-map/Aftershock                512x512  rand    1000     191   15715   271.06    78.96    61.48    37.85  2568.29    32.5    67.9
sc1-map/Aftershock                512x512  scen    1920     254   21459   266.09    82.05    65.78    45.24  3437.62    41.9    76.0
sc1-map/Archipelago               512x512  rand    1000     200   16320   209.50    77.94    60.51    40.06  2708.44    34.7    67.6
sc1-map/Archipelago               512x512  scen    2310     357   29061   233.08    98.52    80.70    57.50  4846.29    49.2    84.3
sc1-map/ArcticStation             768x768  rand    1000    1150   82382   531.33   221.05   216.21   136.98 11081.58    50.1    80.9
sc1-map/ArcticStation             768x768  scen    4300    1688  118252   560.83   247.08   255.24   190.05 17444.19    70.6    91.8
sc1-map/Aurora                   1024x768  rand    1000    1219   57023   604.11   273.18   257.74   180.64  9940.30    36.4    55.0
sc1-map/Aurora                   1024x768  scen    3250    1878   83584   711.68   358.38   374.42   271.42 14383.85    40.1    53.0
sc1-map/Backwoods                 768x512  rand    1000     867   29785   288.81   138.62   132.94    94.40  3405.30    24.6    36.1
sc1-map/Backwoods                 768x512  scen    2540     894   30700   269.88   130.95   135.16    94.17  3582.26    27.4    38.0
sc1-map/BigGameHunters            512x512  rand    1000     125   17638   166.79    49.30    36.19    20.49  2130.09    43.2   104.0
sc1-map/BigGameHunters            512x512  scen    1890     127   18897   143.83    43.96    31.25    19.48  2244.97    51.1   115.2
sc1-map/BlackLotus                768x768  rand    1000     830   63565   302.54   133.65   133.46    89.05  7466.28    55.9    83.8
sc1-map/BlackLotus                768x768  scen    4130    1234   89927   356.99   168.62   186.89   130.00 10932.25    64.8    84.1
sc1-map/BlastFurnace              768x768  rand    1000     620   45191   365.77   127.60   110.56    75.92  5538.95    43.4    73.0
sc1-map/BlastFurnace              768x768  scen    3390    1074   76509   428.99   175.31   170.60   122.24  9642.49    55.0    78.9
sc1-map/BrokenSteppes             768x768  rand    1000     294   31444   333.56    96.81    81.84    47.45  4696.92    48.5    99.0
sc1-map/BrokenSteppes             768x768  scen    3000     564   56689   324.49   116.73    98.92    71.04  7877.02    67.5   110.9
sc1-map/Brushfire                 512x512  rand    1000     354   20568   221.07    92.04    81.40    49.68  3016.36    32.8    60.7
sc1-map/Brushfire                 512x512  scen    2180     394   22396   236.83    99.30    93.34    66.44  3578.70    36.0    53.9
sc1-map/Caldera                   512x512  rand    1000      99   10682   195.71    55.03    39.46    22.86  1570.91    28.5    68.7
sc1-map/Caldera                   512x512  scen    1840     160   17122   216.39    60.98    44.85    27.98  2591.92    42.5    92.6
sc1-map/CatwalkAlley              512x512  rand    1000    1047   47516   325.51   169.81   163.41   124.14  5697.33    33.6    45.9
sc1-map/CatwalkAlley              512x512  scen    2720    1271   57558   339.07   184.40   176.28   140.16  7017.77    38.1    50.1
sc1-map/Cauldron                1024x1024  rand    1000    1069   66468   574.66   241.73   224.85   155.74 10029.15    41.5    64.4
sc1-map/Cauldron                1024x1024  scen    4050    1841  107414   582.51   287.36   287.36   213.91 14079.64    49.0    65.8
sc1-map/CrashSites                768x768  rand    1000     290   22824   212.17    79.17    62.88    51.03  3599.50    45.5    70.5
sc1-map/CrashSites                768x768  scen    2690     438   35709   250.66   105.58    90.71    74.82  5735.86    54.3    76.7
sc1-map/CrescentMoon              512x512  rand    1000     106   13745   145.40    43.33    30.12    17.72  1635.08    37.7    92.3
sc1-map/CrescentMoon              512x512  scen    1920     151   21009   150.74    45.47    34.25    22.60  2651.43    58.3   117.3
sc1-map/Crossroads                768x768  rand    1000     313   32912   394.96   110.54    88.03    51.83  4642.16    42.0    89.6
sc1-map/Crossroads                768x768  scen    2960     421   45430   378.11   110.16    89.27    60.09  5859.39    53.2    97.5
sc1-map/DarkContinent             512x768  rand    1000     375   36841   284.73    95.55    77.93    46.54  4596.39    48.1    98.8
sc1-map/DarkContinent             512x768  scen    2650     496   49046   273.60    97.52    81.16    56.59  6095.49    62.5   107.7
sc1-map/Desolation                512x512  rand    1000     154   12932   216.79    60.38    48.23    23.56  1919.40    31.8    81.5
sc1-map/Desolation                512x512  scen    1900     214   18314   234.56    73.64    53.00    34.85  2779.06    37.7    79.7
sc1-map/EbonLakes                 512x512  rand    1000     246   20253   179.38    63.95    48.23    31.51  2506.45    39.2    79.5
sc1-map/EbonLakes                 512x512  scen    2010     344   28209   181.06    70.84    56.76    38.26  3337.03    47.1    87.2
sc1-map/Elderlands                768x768  rand    1000     391   26031   432.77   135.48   113.40    74.87  4142.03    30.6    55.3
sc1-map/Elderlands                768x768  scen    2780     507   31683   443.83   156.79   132.38    94.88  5379.93    34.3    56.7
sc1-map/Enigma                    768x768  rand    1000     853   43751   240.89   127.61   123.80    89.96  5112.02    40.1    56.8
sc1-map/Enigma                    768x768  scen    3370    1019   50948   257.42   140.94   144.00   106.15  5994.11    42.5    56.5
sc1-map/Entanglement              512x512  rand    1000     197    9945   141.00    50.79    38.57    25.36  1156.58    22.8    45.6
sc1-map/Entanglement              512x512  scen    1820     365   17678   173.34    69.62    57.85    40.98  2195.60    31.5    53.6
sc1-map/Eruption                  512x512  rand    1000     255   18034   165.04    63.23    49.18    30.42  2096.82    33.2    68.9
sc1-map/Eruption                  512x512  scen    1920     329   22727   164.54    66.86    55.22    37.65  2706.31    40.5    71.9
------------------------------------------------------------------------------------------------------------------------------------
map                                  size   tag   pairs  JPSexp   A*exp      cC#       cC      wC#       wC     A*us   A*/cC   A*/wC
------------------------------------------------------------------------------------------------------------------------------------
sc1-map/Expedition              1024x1024  rand    1000     690   34208   425.39   156.61   133.43    92.29  4190.21    26.8    45.4
sc1-map/Expedition              1024x1024  scen    3580    1414   58420   533.47   235.06   225.13   170.13  7544.66    32.1    44.3
sc1-map/FireWalker                512x384  rand    1000     328   27703   171.07    70.29    57.34    37.80  2884.90    41.0    76.3
sc1-map/FireWalker                512x384  scen    2550     392   33547   170.83    71.22    59.23    42.06  3556.47    49.9    84.6
sc1-map/FloodedPlains             768x768  rand    1000     437   32243   355.03   130.36   121.28    80.21  5547.72    42.6    69.2
sc1-map/FloodedPlains             768x768  scen    3050     768   53661   414.25   176.56   176.01   125.53  9533.56    54.0    75.9
sc1-map/GhostTown                 768x512  rand    1000     357   16815   263.95    81.63    63.55    42.35  1929.93    23.6    45.6
sc1-map/GhostTown                 768x512  scen    2510     973   39457   368.68   147.83   135.32   100.18  4673.88    31.6    46.7
sc1-map/GladiatorPits             768x512  rand    1000     367   34616   253.68    84.01    66.07    41.27  4186.18    49.8   101.4
sc1-map/GladiatorPits             768x512  scen    2710     544   49954   259.85    98.99    84.38    59.02  6173.66    62.4   104.6
sc1-map/GreenerPastures           768x512  rand    1000     177   24396   284.44    67.89    45.81    26.21  2812.94    41.4   107.3
sc1-map/GreenerPastures           768x512  scen    2700     343   46428   325.24    86.26    62.78    42.27  5482.86    63.6   129.7
sc1-map/Hellfire                  768x768  rand    1000     294   29469   228.71    75.35    59.94    39.46  3494.95    46.4    88.6
sc1-map/Hellfire                  768x768  scen    3030     462   45963   248.69    89.51    77.11    55.83  5748.52    64.2   103.0
sc1-map/HotZone                   512x512  rand    1000     126   12684   156.73    50.44    32.88    19.44  1551.04    30.8    79.8
sc1-map/HotZone                   512x512  scen    1850     166   17275   150.21    48.18    35.86    23.21  2066.09    42.9    89.0
sc1-map/IceFloes                  384x384  rand    1000     283   14620   133.42    55.86    45.28    29.24  1576.18    28.2    53.9
sc1-map/IceFloes                  384x384  scen    1680     417   21097   149.43    69.38    61.41    42.06  2411.95    34.8    57.3
sc1-map/IceMountain               512x512  rand    1000     934   43743   371.54   155.71   147.48   101.11  4815.50    30.9    47.6
sc1-map/IceMountain               512x512  scen    3580    1496   68454   470.75   215.43   224.71   156.01  7783.03    36.1    49.9
sc1-map/Inferno                   768x768  rand    1000    2114   99176   643.02   346.42   403.01   261.37 14703.03    42.4    56.3
sc1-map/Inferno                   768x768  scen    6010    2546  120055   532.29   396.12   388.83   327.00 17914.57    45.2    54.8
sc1-map/Isolation                 512x512  rand    1000     157   20916   205.35    58.02    40.55    23.94  2345.48    40.4    98.0
sc1-map/Isolation                 512x512  scen    2090     298   37515   233.44    72.52    54.56    36.28  4276.11    59.0   117.9
sc1-map/JungleSiege               768x768  rand    1000     867   67521   317.61   136.64   130.45    91.85  7722.66    56.5    84.1
sc1-map/JungleSiege               768x768  scen    3490    1074   83631   339.52   149.45   149.97   107.77  9721.77    65.1    90.2
sc1-map/Labyrinth                768x1024  rand    1000     804   69278   311.34   130.25   132.01    86.63  7932.22    60.9    91.6
sc1-map/Labyrinth                768x1024  scen    4440    1029   87711   323.28   147.80   146.78   106.46 10481.50    70.9    98.5
sc1-map/LakeShore                 768x768  rand    1000     938   76268   356.09   153.91   149.71   101.42  9001.02    58.5    88.8
sc1-map/LakeShore                 768x768  scen    3950    1449  114189   437.57   200.33   213.49   148.23 13904.49    69.4    93.8
sc1-map/Legacy                    512x512  rand    1000    1209   21650   352.39   173.49   172.16   123.49  2468.98    14.2    20.0
sc1-map/Legacy                    512x512  scen    2060    1831   29486   438.84   244.05   260.14   191.27  3601.91    14.8    18.8
sc1-map/Medusa                    768x768  rand    1000     803   48518   337.45   134.94   142.33    88.26  6170.67    45.7    69.9
sc1-map/Medusa                    768x768  scen    3360    1281   72374   358.64   176.72   186.51   133.00  9153.38    51.8    68.8
sc1-map/Nightshade               1024x768  rand    1000     484   44984   301.54   119.76    92.57    62.29  5523.75    46.1    88.7
sc1-map/Nightshade               1024x768  scen    3610     785   71077   344.88   148.86   125.62    96.85  9450.73    63.5    97.6
sc1-map/NovaStation               512x512  rand    1000     439   24560   157.65    75.44    68.07    47.23  2718.86    36.0    57.6
sc1-map/NovaStation               512x512  scen    2770     512   28806   157.05    77.38    72.44    53.92  3623.70    46.8    67.2
sc1-map/Octopus                 1024x1024  rand    1000     654   40735   340.20   139.29   137.90    92.75  5743.66    41.2    61.9
sc1-map/Octopus                 1024x1024  scen    3480     912   54283   299.67   150.19   142.85   108.42  6654.51    44.3    61.4
sc1-map/OrbitalGully              512x512  rand    1000     270   20823   199.09    69.30    53.96    34.55  2710.02    39.1    78.4
sc1-map/OrbitalGully              512x512  scen    2110     487   36472   251.13    95.77    81.86    58.76  4909.88    51.3    83.6
sc1-map/Predators                 512x512  rand    1000     131   10835   188.53    55.87    38.56    25.34  1668.22    29.9    65.8
sc1-map/Predators                 512x512  scen    1510     180   14889   198.26    62.15    44.47    32.74  2161.12    34.8    66.0
sc1-map/PrimevalIsles           1024x1024  rand    1000    1132   47466   431.17   206.17   188.41   137.30  6066.49    29.4    44.2
sc1-map/PrimevalIsles           1024x1024  scen    3870    1940   78305   547.42   283.82   293.66   217.16 10348.22    36.5    47.7
sc1-map/Ramparts                  512x512  rand    1000     729   35996   232.53   107.19    97.40    68.73  3806.55    35.5    55.4
sc1-map/Ramparts                  512x512  scen    2930     947   47192   253.31   124.97   118.92    86.20  5062.24    40.5    58.7
sc1-map/RedCanyons                512x512  rand    1000     132   13798   150.32    46.86    32.51    19.18  1595.95    34.1    83.2
sc1-map/RedCanyons                512x512  scen    1900     201   21273   162.05    53.41    38.69    26.20  2549.99    47.7    97.3
------------------------------------------------------------------------------------------------------------------------------------
map                                  size   tag   pairs  JPSexp   A*exp      cC#       cC      wC#       wC     A*us   A*/cC   A*/wC
------------------------------------------------------------------------------------------------------------------------------------
sc1-map/RiverLethe                512x768  rand    1000     608   30598   330.88   118.77   104.22    70.17  3823.79    32.2    54.5
sc1-map/RiverLethe                512x768  scen    3110    1539   68830   472.89   217.73   227.91   165.81  8972.63    41.2    54.1
sc1-map/Rosewood                  512x512  rand    1000     361   13816   181.13    73.18    60.32    41.80  1621.39    22.2    38.8
sc1-map/Rosewood                  512x512  scen    2020     763   26726   241.73   114.34   110.92    79.65  3178.39    27.8    39.9
sc1-map/Sanctuary                 512x512  rand    1000     266   27042   183.16    62.84    52.03    32.99  3011.55    47.9    91.3
sc1-map/Sanctuary                 512x512  scen    2240     363   35499   191.24    72.97    60.59    41.72  3929.35    53.8    94.2
sc1-map/Sandstorm                 512x384  rand    1000     132   11402    92.24    36.17    25.35    16.38  1289.49    35.7    78.7
sc1-map/Sandstorm                 512x384  scen    1780     178   14775    88.88    37.74    29.65    20.49  1668.63    44.2    81.4
sc1-map/SapphireIsles             768x768  rand    1000     341   23369   197.20    75.23    64.30    43.98  2643.60    35.1    60.1
sc1-map/SapphireIsles             768x768  scen    3610     820   52094   278.13   128.80   126.91    92.80  6098.88    47.4    65.7
sc1-map/ShroudPlatform            512x512  rand    1000     483   29154   184.08    77.51    69.06    46.08  3180.58    41.0    69.0
sc1-map/ShroudPlatform            512x512  scen    2540     798   47405   219.08   103.65    97.98    70.10  5586.64    53.9    79.7
sc1-map/Sirocco                   768x512  rand    1000     642   61998   476.42   175.48   151.14   102.25  9829.60    56.0    96.1
sc1-map/Sirocco                   768x512  scen    3190     947   88196   518.27   202.16   199.80   137.50 14179.30    70.1   103.1
sc1-map/SpaceAtoll                512x512  rand    1000     670   36103   226.52   101.10    94.46    63.49  4045.17    40.0    63.7
sc1-map/SpaceAtoll                512x512  scen    2800     895   47751   244.40   121.62   119.45    83.47  5644.74    46.4    67.6
sc1-map/SpaceDebris               512x512  rand    1000     300   21946   169.99    62.84    53.42    33.28  2550.37    40.6    76.6
sc1-map/SpaceDebris               512x512  scen    2410     479   32886   184.92    77.34    69.27    48.45  3774.45    48.8    77.9
sc1-map/SpringThaw               1024x512  rand    1000     867   40359   413.62   159.96   143.02   101.29  4632.51    29.0    45.7
sc1-map/SpringThaw               1024x512  scen    3210    1347   60591   486.12   215.06   205.27   154.24  7151.26    33.3    46.4
sc1-map/SteppingStones            512x512  rand    1000     127   11558   160.17    45.99    31.57    20.22  1334.51    29.0    66.0
sc1-map/SteppingStones            512x512  scen    2450     402   31373   239.77    83.89    70.33    48.22  3626.62    43.2    75.2
sc1-map/TaleofTwoCities           768x512  rand    1000     380   22319   267.21    86.60    71.00    46.50  2588.03    29.9    55.7
sc1-map/TaleofTwoCities           768x512  scen    2510     661   37077   311.35   113.09    98.20    70.53  4313.53    38.1    61.2
sc1-map/TheatreofWar              768x768  rand    1000     389   36420   241.71    88.29    67.04    48.12  4185.60    47.4    87.0
sc1-map/TheatreofWar              768x768  scen    3430     563   50656   257.52    95.70    84.35    61.89  5876.11    61.4    95.0
sc1-map/TheFrozenSea            1024x1024  rand    1000    1395   76275   526.40   237.14   221.65   156.09  9596.09    40.5    61.5
sc1-map/TheFrozenSea            1024x1024  scen    4090    2098  111701   601.55   334.32   327.47   253.35 15244.16    45.6    60.2
sc1-map/TheHighway                768x512  rand    1000    1144   60137   376.83   169.33   169.63   116.32  6550.66    38.7    56.3
sc1-map/TheHighway                768x512  scen    4090    1871   96951   476.11   245.30   261.84   189.96 10699.60    43.6    56.3
sc1-map/ThinIce                   768x512  rand    1000     649   38541   218.68   113.30   101.38    68.88  4268.03    37.7    62.0
sc1-map/ThinIce                   768x512  scen    3040     953   54008   253.81   131.81   129.78    93.87  6197.58    47.0    66.0
sc1-map/Tribes                    768x768  rand    1000     133   18719   212.93    55.67    41.06    23.46  2246.07    40.3    95.7
sc1-map/Tribes                    768x768  scen    2570     242   33898   248.28    72.44    52.18    37.40  4436.71    61.2   118.6
sc1-map/Triskelion                512x512  rand    1000     441   29192   310.86   121.68   102.19    67.77  4601.18    37.8    67.9
sc1-map/Triskelion                512x512  scen    2250     597   38707   320.28   134.69   117.24    83.77  6162.65    45.8    73.6
sc1-map/Turbo                     768x768  rand    1000     331   41859   252.97    80.85    69.69    44.85  5035.62    62.3   112.3
sc1-map/Turbo                     768x768  scen    3650     629   77435   329.37   131.33   111.42    88.24  9665.96    73.6   109.5
sc1-map/Typhoon                   768x512  rand    1000     215   16332   143.75    52.94    42.85    27.96  1780.37    33.6    63.7
sc1-map/Typhoon                   768x512  scen    1910     212   16405   132.24    48.43    42.92    27.75  1884.90    38.9    67.9
sc1-map/ValleyofRe                768x768  rand    1000     779   48646   441.28   180.79   168.59   106.12  7681.73    42.5    72.4
sc1-map/ValleyofRe                768x768  scen    3920    1110   68102   488.92   160.15   160.26   161.03 10713.97    66.9    66.5
sc1-map/WarpGates                 512x512  rand    1000     233   14928   151.68    57.13    43.81    29.34  1714.14    30.0    58.4
sc1-map/WarpGates                 512x512  scen    2020     362   22674   172.00    69.66    58.47    41.14  2678.00    38.4    65.1
sc1-map/WatersEdge                512x512  rand    1000     201   21032   142.46    52.95    40.69    26.68  2273.20    42.9    85.2
sc1-map/WatersEdge                512x512  scen    2200     216   22161   134.32    50.55    40.75    28.26  2442.93    48.3    86.4
sc1-map/WaypointJunction          512x512  rand    1000     246   15535   161.69    58.88    51.01    27.66  1832.58    31.1    66.2
sc1-map/WaypointJunction          512x512  scen    1610     308   19739   160.41    60.34    49.02    34.02  2385.96    39.5    70.1
sc1-map/WheelofWar                768x768  rand    1000     402   50335   277.79    92.30    76.10    50.52  6009.10    65.1   118.9
sc1-map/WheelofWar                768x768  scen    3020     509   63219   285.17   102.37    90.26    64.54  7820.75    76.4   121.2
------------------------------------------------------------------------------------------------------------------------------------
map                                  size   tag   pairs  JPSexp   A*exp      cC#       cC      wC#       wC     A*us   A*/cC   A*/wC
------------------------------------------------------------------------------------------------------------------------------------
sc1-map/WinterConquest            512x512  rand    1000     386   26543   201.96    78.76    66.27    44.90  2863.09    36.4    63.8
sc1-map/WinterConquest            512x512  scen    2210     456   30431   212.88    86.04    75.81    53.22  3537.95    41.1    66.5
wc3maps512-map/battleground       512x512  rand    1000      35    4509    84.78    27.50    14.57     8.66   516.61    18.8    59.7
wc3maps512-map/battleground       512x512  scen    1330      62    7966    93.85    29.54    19.44    12.00   957.46    32.4    79.8
wc3maps512-map/blastedlands       512x512  rand    1000      62    6904   110.04    33.09    21.22    12.17   833.28    25.2    68.5
wc3maps512-map/blastedlands       512x512  scen    1360      83    9210   113.35    36.70    23.30    14.48  1151.15    31.4    79.5
wc3maps512-map/bloodvenomfalls    512x512  rand    1000     103    9143   124.89    39.94    27.40    15.98  1110.99    27.8    69.5
wc3maps512-map/bloodvenomfalls    512x512  scen    1570     197   16371   146.87    52.54    40.20    26.94  1988.91    37.9    73.8
wc3maps512-map/bootybay           512x512  rand    1000      82   12523    93.52    28.39    19.84    11.91  1424.71    50.2   119.6
wc3maps512-map/bootybay           512x512  scen    2210     179   27745   119.44    41.27    31.93    22.45  3150.19    76.3   140.3
wc3maps512-map/darkforest         512x512  rand    1000      45    5990    85.55    25.92    17.39     9.71   721.12    27.8    74.3
wc3maps512-map/darkforest         512x512  scen    1510      84   10854    92.49    33.04    23.54    15.16  1370.42    41.5    90.4
wc3maps512-map/deadwaterdrop      512x512  rand    1000      41    5281    89.39    25.18    16.89     8.91   634.14    25.2    71.2
wc3maps512-map/deadwaterdrop      512x512  scen    1120      59    7745    89.13    26.12    18.50    11.17   952.49    36.5    85.2
wc3maps512-map/divideandconqu~    512x512  rand    1000     125   11775   117.99    41.37    29.18    17.94  1360.31    32.9    75.8
wc3maps512-map/divideandconqu~    512x512  scen    1630     216   19798   143.11    53.62    43.42    28.53  2585.30    48.2    90.6
wc3maps512-map/dragonfire         512x512  rand    1000      65    7310   103.37    31.89    23.64    13.08   917.00    28.8    70.1
wc3maps512-map/dragonfire         512x512  scen    1460     112   12670   106.84    36.72    26.34    17.32  1563.48    42.6    90.3
wc3maps512-map/drywatergulch      512x512  rand    1000     174   21038   171.18    54.46    42.85    24.51  2532.22    46.5   103.3
wc3maps512-map/drywatergulch      512x512  scen    1980     315   36153   176.57    68.94    56.35    38.11  4191.05    60.8   110.0
wc3maps512-map/duskwood           512x512  rand    1000      39    7483   109.20    29.39    18.64     9.68   887.27    30.2    91.6
wc3maps512-map/duskwood           512x512  scen    1540      57   11163   118.05    34.27    21.36    12.56  1435.90    41.9   114.3
wc3maps512-map/dustwallowkeys     512x512  rand    1000      69   10727   158.75    41.05    24.92    14.05  1274.72    31.0    90.7
wc3maps512-map/dustwallowkeys     512x512  scen    1690     125   18508   173.31    49.08    30.84    20.23  2300.37    46.9   113.7
wc3maps512-map/frostsabre         512x512  rand    1000      41    5240    81.34    25.14    15.58     9.35   643.16    25.6    68.8
wc3maps512-map/frostsabre         512x512  scen    1310      64    8231    89.57    28.76    19.23    12.17  1002.12    34.8    82.3
wc3maps512-map/gardenofwar        512x512  rand    1000      58    8218   103.85    32.78    20.46    11.95  1009.66    30.8    84.5
wc3maps512-map/gardenofwar        512x512  scen    1440      73   10978   108.38    35.50    23.64    14.11  1311.41    36.9    93.0
wc3maps512-map/gnollwood          512x512  rand    1000      34    4467    80.56    22.83    14.54     8.16   494.24    21.6    60.5
wc3maps512-map/gnollwood          512x512  scen    1260      47    6202    87.87    26.56    16.82    10.40   705.57    26.6    67.8
wc3maps512-map/golemsinthemist    512x512  rand    1000      39    6371    96.73    27.00    17.95     9.30   755.74    28.0    81.3
wc3maps512-map/golemsinthemist    512x512  scen    1400      56    9355   100.35    29.72    18.77    11.73  1093.83    36.8    93.3
wc3maps512-map/harvestmoon        512x512  rand    1000      98   10709   107.94    36.52    25.14    15.27  1238.49    33.9    81.1
wc3maps512-map/harvestmoon        512x512  scen    1420     129   13768   114.94    41.52    30.71    19.25  1707.56    41.1    88.7
wc3maps512-map/heart2heart        512x512  rand    1000      70   17064   123.01    33.44    21.02    11.70  1795.51    53.7   153.5
wc3maps512-map/heart2heart        512x512  scen    2030     115   27153   138.49    40.67    27.52    17.15  2883.16    70.9   168.1
wc3maps512-map/hillsofglory       512x512  rand    1000      24    6838   117.35    30.34    19.55     8.07  1033.57    34.1   128.1
wc3maps512-map/hillsofglory       512x512  scen    1350      40   12693   136.80    38.14    21.51    12.22  2037.57    53.4   166.7
wc3maps512-map/icecrown           512x512  rand    1000      41    6841   138.96    32.00    20.80    10.28   760.23    23.8    73.9
wc3maps512-map/icecrown           512x512  scen    1720     112   16961   196.82    51.62    31.03    20.48  2159.55    41.8   105.5
wc3maps512-map/isleofdread        512x512  rand    1000     120   12239   139.11    45.78    32.25    18.04  1426.22    31.2    79.0
wc3maps512-map/isleofdread        512x512  scen    1580     176   18528   149.27    50.11    36.09    23.89  2206.74    44.0    92.4
wc3maps512-map/losttemple         512x512  rand    1000      53    5391    90.38    26.44    17.62    10.60   609.62    23.1    57.5
wc3maps512-map/losttemple         512x512  scen    1390      90    8900   101.05    33.37    24.40    15.64  1083.75    32.5    69.3
wc3maps512-map/moonglade          512x512  rand    1000      43    6327   162.02    38.45    28.40    13.42   982.52    25.6    73.2
wc3maps512-map/moonglade          512x512  scen    1710     130   17382   215.15    67.15    48.37    30.65  2956.74    44.0    96.5
wc3maps512-map/mysticisles        512x512  rand    1000     107   14911   129.34    42.62    31.60    17.06  1783.12    41.8   104.5
wc3maps512-map/mysticisles        512x512  scen    2060     189   26017   144.92    53.17    40.54    27.83  3099.48    58.3   111.4
wc3maps512-map/nighthaven         512x512  rand    1000      33    9642   124.16    29.04    17.57     9.14  1099.31    37.9   120.3
wc3maps512-map/nighthaven         512x512  scen    1420      46   14062   130.90    33.26    19.54    11.25  1701.25    51.2   151.2
------------------------------------------------------------------------------------------------------------------------------------
map                                  size   tag   pairs  JPSexp   A*exp      cC#       cC      wC#       wC     A*us   A*/cC   A*/wC
------------------------------------------------------------------------------------------------------------------------------------
wc3maps512-map/petrifiedforest    512x512  rand    1000      71    7841   105.03    31.99    20.50    12.47   897.03    28.0    71.9
wc3maps512-map/petrifiedforest    512x512  scen    1520     124   12940   127.18    42.97    29.34    19.48  1604.01    37.3    82.3
wc3maps512-map/plaguelands        512x512  rand    1000      74    7886    86.36    28.61    20.10    12.26   917.62    32.1    74.9
wc3maps512-map/plaguelands        512x512  scen    1600     140   15213    99.30    37.36    28.74    19.32  1750.81    46.9    90.6
wc3maps512-map/plainsofsnow       512x512  rand    1000      23    7091    93.06    22.31    14.41     6.91   808.83    36.3   117.1
wc3maps512-map/plainsofsnow       512x512  scen    1480      35   12595   100.88    25.42    16.01     8.54  1491.45    58.7   174.6
wc3maps512-map/plunderisle        512x512  rand    1000      59   12645   230.80    54.66    30.94    19.77  2015.61    36.9   101.9
wc3maps512-map/plunderisle        512x512  scen    1640      78   16443   230.70    58.79    40.72    23.73  2682.07    45.6   113.0
wc3maps512-map/riverrun           512x512  rand    1000     263   15970   161.40    64.70    48.50    33.40  1802.15    27.9    54.0
wc3maps512-map/riverrun           512x512  scen    2010     494   28283   207.10    93.89    83.48    60.29  3340.54    35.6    55.4
wc3maps512-map/scorchedbasin      512x512  rand    1000      28    4286    75.71    20.80    15.39     7.24   506.85    24.4    70.0
wc3maps512-map/scorchedbasin      512x512  scen    1270      54    8523    85.09    25.50    18.20    11.06  1048.17    41.1    94.8
wc3maps512-map/stromguarde        512x512  rand    1000      60    3498    95.44    26.67    18.62    11.06   410.55    15.4    37.1
wc3maps512-map/stromguarde        512x512  scen    1090     162    8502   125.48    41.35    31.47    21.55   991.72    24.0    46.0
wc3maps512-map/swampofsorrows     512x512  rand    1000      74    6501   112.78    35.53    22.99    13.19   802.62    22.6    60.9
wc3maps512-map/swampofsorrows     512x512  scen    1310     118   10011   116.90    39.43    27.90    17.84  1205.08    30.6    67.5
wc3maps512-map/thecrucible        512x512  rand    1000      54    5827    68.75    24.43    18.55    10.31   700.57    28.7    68.0
wc3maps512-map/thecrucible        512x512  scen    1180      67    7493    69.48    25.14    17.98    11.27   875.52    34.8    77.7
wc3maps512-map/theglaive          512x512  rand    1000      32    6328    97.68    25.22    15.31     8.43   696.59    27.6    82.6
wc3maps512-map/theglaive          512x512  scen    1450      59   12557   115.32    31.28    20.10    11.96  1530.06    48.9   127.9
wc3maps512-map/timbermawhold      512x512  rand    1000      74    9655   151.79    39.38    24.59    14.13  1107.39    28.1    78.4
wc3maps512-map/timbermawhold      512x512  scen    2080     296   30583   252.36    86.18    67.12    47.75  3753.47    43.6    78.6
wc3maps512-map/tranquilpaths      512x512  rand    1000      69    6768    73.74    30.46    18.40    12.62   847.03    27.8    67.1
wc3maps512-map/tranquilpaths      512x512  scen    1340      96    9621    86.13    33.15    25.98    16.40  1270.78    38.3    77.5
------------------------------------------------------------------------------------------------------------------------------------
[rand] 562000 pairs: C# cold 47965ms / hot 15604ms; C cold 19097ms / hot 10350ms; A* 536436ms; A*/C cold 28.1x hot 51.8x; C#/C cold 2.51x hot 1.51x
[scen] 1414808 pairs: C# cold 214640ms / hot 103973ms; C cold 106394ms / hot 74344ms; A* 3279899ms; A*/C cold 30.8x hot 44.1x; C#/C cold 2.02x hot 1.40x
