# JPS(C#/C) cold/hot vs A* benchmark   2026-07-04 10:41:52
Host OS:  Microsoft Windows 10.0.26200 (X64)
Host CPU: AMD Ryzen 7 5800X3D 8-Core Processor; 16 logical cores
Runtime:  .NET 10.0.9 (X64)
Build config: corner-cutting=off, concurrent-cache=on
Native: enabled (G:\GitHub\JPS\x64\Release\JPS.Native.dll)
Scope: movingai/; 1354 .scen / 562 maps; rand target 1000/map; scen dedup 1414808 from 1423420
Parallelism: 6 map workers (default is half of logical cores)
Timing mode: parallel throughput by map group. Rows are emitted in map dispatch order as results arrive.
cold = before each query flip a few cells in a small window then restore + Sync (invalidates the jump-point cache); hot = warm cache reuse.

Columns:
  map          map name (relative path)
  size         width x height
  tag          rand = random sampled pairs / scen = .scen cases
  pairs        start/goal pairs timed
  JPSexp/A*exp mean expanded nodes per query (JPS / A*)
  cC# / cC     C# / C JPS cold-path mean time (us/query)
  wC# / wC     C# / C JPS hot-path mean time (us/query)
  A*us         A* mean time per query (us/query)
  A*/cC A*/wC  A*us divided by C cold / hot time (higher = C JPS faster than A*)
  color: cC/wC vs same-language C# faster=green slower=red; any JPS time slower than A*=red; A*/cC or A*/wC < 1 = red

map                                  size   tag   pairs  JPSexp   A*exp      cC#       cC      wC#       wC     A*us   A*/cC   A*/wC
------------------------------------------------------------------------------------------------------------------------------------
bg512-map/AR0011SR                512x512  rand    1000      68   17271   133.62    33.87    19.64    10.24  1749.81    51.7   170.8
bg512-map/AR0011SR                512x512  scen    2180     130   32731   149.68    42.66    27.69    16.61  3459.88    81.1   208.3
bg512-map/AR0012SR                512x512  rand    1000      44    7727    78.70    23.58    14.18     7.30   886.80    37.6   121.4
bg512-map/AR0012SR                512x512  scen    1370      68   12706    84.37    27.22    17.72     9.83  1418.56    52.1   144.3
bg512-map/AR0013SR                512x512  rand    1000      38    4738    64.23    21.25    12.75     6.79   515.85    24.3    76.0
bg512-map/AR0013SR                512x512  scen    1260      66    8648    71.68    25.49    16.38     9.87   972.46    38.1    98.5
bg512-map/AR0014SR                512x512  rand    1000      30    5139    64.57    19.78    11.27     5.86   553.25    28.0    94.5
bg512-map/AR0014SR                512x512  scen    1290      51    9225    69.34    22.43    14.01     8.03  1016.62    45.3   126.6
bg512-map/AR0015SR                512x512  rand    1000      13    4549    86.05    18.09     9.39     4.01   468.44    25.9   116.7
bg512-map/AR0015SR                512x512  scen    1310      21    9011    87.55    20.02    10.49     4.87   965.14    48.2   198.3
bg512-map/AR0016SR                512x512  rand    1000      14    4744    72.38    17.73    10.44     4.47   496.74    28.0   111.2
bg512-map/AR0016SR                512x512  scen    1220      18    7090    73.99    18.39    10.52     4.89   756.69    41.1   154.8
bg512-map/AR0017SR                512x512  rand    1000      15    6698    92.39    20.28    11.58     4.65   704.70    34.7   151.4
bg512-map/AR0017SR                512x512  scen    1400      25   13490    98.58    22.53    12.83     5.91  1464.54    65.0   247.7
bg512-map/AR0018SR                512x512  rand    1000      21    5146    83.52    19.32    10.21     4.73   518.01    26.8   109.6
bg512-map/AR0018SR                512x512  scen    1490      59   16192   106.53    28.26    16.80     9.20  1676.26    59.3   182.2
bg512-map/AR0020SR                512x512  rand    1000       8    3097   103.35    20.16    10.75     3.79   297.57    14.8    78.5
bg512-map/AR0020SR                512x512  scen    1320      10    5477   106.90    20.36    11.15     4.10   518.28    25.5   126.4
bg512-map/AR0041SR                512x512  rand    1000       5    3982   153.82    24.67    12.16     3.99   353.53    14.3    88.5
bg512-map/AR0041SR                512x512  scen    1440       6    5676   160.26    26.02    11.13     4.11   508.90    19.6   123.7
bg512-map/AR0042SR                512x512  rand    1000       5    4586   242.36    35.53    20.02     4.98   415.74    11.7    83.4
bg512-map/AR0042SR                512x512  scen    1610       6    7589   262.90    38.86    17.59     5.01   681.96    17.5   136.1
bg512-map/AR0043SR                512x512  rand    1000       5    4011   179.22    27.47    16.37     4.33   359.65    13.1    83.1
bg512-map/AR0043SR                512x512  scen    1390       7    6856   184.15    28.76    14.02     4.31   622.24    21.6   144.5
bg512-map/AR0044SR                512x512  rand    1000       7    5615   314.37    44.13    29.52     6.37   494.14    11.2    77.6
bg512-map/AR0044SR                512x512  scen    1670       9    7867   339.77    48.28    22.63     5.91   696.96    14.4   117.8
bg512-map/AR0045SR                512x512  rand    1000       6    4220   140.51    24.20    12.98     4.15   395.08    16.3    95.2
bg512-map/AR0045SR                512x512  scen    1500      10   10120   152.45    28.03    12.34     5.02  1010.74    36.1   201.2
bg512-map/AR0046SR                512x512  rand    1000       8    4869   155.93    25.67    14.83     4.54   464.72    18.1   102.4
bg512-map/AR0046SR                512x512  scen    1580      10    7625   163.04    28.41    13.86     5.23   905.64    31.9   173.3
bg512-map/AR0070SR                512x512  rand    1000      56   21138    97.31    28.25    17.69     9.52  2063.71    73.0   216.7
bg512-map/AR0070SR                512x512  scen    2720      72   28169   101.15    30.43    18.71    10.83  2682.68    88.2   247.7
bg512-map/AR0071SR                512x512  rand    1000      63   14636    72.79    25.36    16.33     8.89  1554.41    61.3   174.9
bg512-map/AR0071SR                512x512  scen    1850      73   17470    71.12    25.47    16.56     9.46  1777.93    69.8   187.9
bg512-map/AR0072SR                512x512  rand    1000      33   11703    74.41    19.50    10.51     5.40  1100.83    56.4   203.8
bg512-map/AR0072SR                512x512  scen    2060      47   18023    75.11    20.17    11.22     6.02  1641.65    81.4   272.7
bg512-map/AR0201SR                512x512  rand    1000      16    2843    25.62     9.15     5.59     2.90   274.91    30.0    94.9
bg512-map/AR0201SR                512x512  scen    1380      25    4844    26.08     9.78     6.60     3.38   458.72    46.9   135.6
bg512-map/AR0202SR                512x512  rand    1000     213   17340   123.48    45.07    41.81    22.75  2067.38    45.9    90.9
bg512-map/AR0202SR                512x512  scen    3170     295   23643   120.37    61.12    64.64    29.95  2857.89    46.8    95.4
bg512-map/AR0203SR                512x512  rand    1000       8    4338   135.19    22.61    14.15     4.07   425.09    18.8   104.3
bg512-map/AR0203SR                512x512  scen    1360      12    7993   136.37    23.63    12.32     4.31   800.22    33.9   185.8
bg512-map/AR0204SR                512x512  rand    1000     125   12187    77.70    29.54    23.11    13.52  1204.70    40.8    89.1
bg512-map/AR0204SR                512x512  scen    2210     177   16582    81.33    33.45    27.57    17.85  1590.72    47.5    89.1
bg512-map/AR0205SR                512x512  rand    1000     108    9832    81.08    30.35    19.42    12.47  1036.02    34.1    83.1
bg512-map/AR0205SR                512x512  scen    1900     216   18167    98.45    40.52    32.36    22.14  1922.55    47.4    86.8
bg512-map/AR0206SR                512x512  rand    1000      15    4019    69.97    15.41     9.38     3.57   416.45    27.0   116.5
bg512-map/AR0206SR                512x512  scen    1150      24    7178    70.72    16.49    10.49     4.45   763.10    46.3   171.3
bg512-map/AR0300SR                512x512  rand    1000     170   11286    89.50    36.74    27.45    17.63  1138.02    31.0    64.6
bg512-map/AR0300SR                512x512  scen    1910     279   17646   104.26    45.30    39.56    26.88  1755.81    38.8    65.3
map                                  size   tag   pairs  JPSexp   A*exp      cC#       cC      wC#       wC     A*us   A*/cC   A*/wC
------------------------------------------------------------------------------------------------------------------------------------
bg512-map/AR0301SR                512x512  rand    1000      17    6205    71.02    17.13    10.17     4.36   642.22    37.5   147.3
bg512-map/AR0301SR                512x512  scen    1480      28   11978    73.54    19.19    11.91     5.68  1269.11    66.1   223.5
bg512-map/AR0302SR                512x512  rand    1000      18    5936    73.81    17.55     9.97     4.17   627.49    35.7   150.6
bg512-map/AR0302SR                512x512  scen    1300      24    9007    73.22    18.47    11.43     5.01   971.70    52.6   193.8
bg512-map/AR0303SR                512x512  rand    1000      14    5293    78.08    17.86    10.26     4.25   542.73    30.4   127.6
bg512-map/AR0303SR                512x512  scen    1340      20    8895    78.17    18.80    11.28     4.83   930.78    49.5   192.6
bg512-map/AR0304SR                512x512  rand    1000      21    6842    65.35    17.35    10.32     4.74   696.90    40.2   147.1
bg512-map/AR0304SR                512x512  scen    1340      28    9649    62.48    17.88    11.17     5.29   999.34    55.9   189.1
bg512-map/AR0305SR                512x512  rand    1000      26    6311    71.10    18.11    10.67     5.07   631.85    34.9   124.5
bg512-map/AR0305SR                512x512  scen    1430      41   11322    71.81    19.90    12.77     6.53  1124.35    56.5   172.1
bg512-map/AR0306SR                512x512  rand    1000      19    7252    66.69    16.77    10.15     4.43   733.85    43.8   165.8
bg512-map/AR0306SR                512x512  scen    1290      27   11115    68.23    18.07    10.73     5.20  1135.15    62.8   218.3
bg512-map/AR0307SR                512x512  rand    1000     359   14089    99.36    53.00    50.65    34.54  1315.78    24.8    38.1
bg512-map/AR0307SR                512x512  scen    3380     507   19937   119.23    66.15    67.92    46.49  1808.87    27.3    38.9
bg512-map/AR0308SR                512x512  rand    1000      46    7961   108.85    26.12    15.48     7.74   803.05    30.7   103.8
bg512-map/AR0308SR                512x512  scen    1600     109   18185   132.80    35.71    25.94    14.57  1829.17    51.2   125.6
bg512-map/AR0309SR                512x512  rand    1000      43    7800    70.19    22.11    12.91     7.18   825.02    37.3   115.0
bg512-map/AR0309SR                512x512  scen    1620      84   15289    80.73    27.96    19.22    11.51  1585.14    56.7   137.7
bg512-map/AR0310SR                512x512  rand    1000       6    2501   103.71    18.55     9.24     3.13   230.71    12.4    73.7
bg512-map/AR0310SR                512x512  scen    1070       8    4291   110.96    19.72    10.20     3.46   388.13    19.7   112.0
bg512-map/AR0314SR                512x512  rand    1000      10    3324    75.23    15.52     9.25     3.48   324.51    20.9    93.1
bg512-map/AR0314SR                512x512  scen    1170      16    6732    79.36    17.30    10.77     4.23   667.53    38.6   158.0
bg512-map/AR0316SR                512x512  rand    1000      12    3254    72.08    15.40     8.69     3.52   316.54    20.6    89.8
bg512-map/AR0316SR                512x512  scen    1230      21    7349    75.32    17.27    10.36     4.53   733.85    42.5   162.1
bg512-map/AR0317SR                512x512  rand    1000      10    3365   100.28    17.03    10.42     3.80   410.08    24.1   107.9
bg512-map/AR0317SR                512x512  scen    1230      16    7039    96.08    23.58    16.09     5.52   800.76    34.0   145.0
bg512-map/AR0331SR                512x512  rand    1000      14    5654    54.15    15.11     7.89     3.69   561.16    37.1   151.9
bg512-map/AR0331SR                512x512  scen    1290      19    8378    54.70    14.62     8.94     4.00   810.28    55.4   202.5
bg512-map/AR0400SR                512x512  rand    1000     142   21275   130.03    40.82    31.87    16.36  2095.93    51.4   128.1
bg512-map/AR0400SR                512x512  scen    2890     247   35089   143.64    50.66    38.38    24.88  3331.83    65.8   133.9
bg512-map/AR0404SR                512x512  rand    1000     106   11349    68.53    28.64    23.00    12.99  1180.41    41.2    90.9
bg512-map/AR0404SR                512x512  scen    1900     131   14281    67.15    28.81    22.61    13.92  1381.89    48.0    99.3
bg512-map/AR0405SR                512x512  rand    1000      67   16694    94.02    29.91    19.42    10.39  1694.37    56.7   163.0
bg512-map/AR0405SR                512x512  scen    1990      93   24264    98.93    30.65    21.49    12.32  2435.36    79.5   197.6
bg512-map/AR0406SR                512x512  rand    1000     201   13008    88.45    41.04    31.62    21.35  1303.07    31.7    61.0
bg512-map/AR0406SR                512x512  scen    2240     293   18770    98.42    48.47    42.19    29.40  1909.75    39.4    64.9
bg512-map/AR0410SR                512x512  rand    1000       8    2855    77.49    15.25     8.09     3.27   272.89    17.9    83.5
bg512-map/AR0410SR                512x512  scen    1160      11    4976    78.03    16.29     9.49     3.75   487.48    29.9   130.1
bg512-map/AR0411SR                512x512  rand    1000     126   14443    73.65    29.98    22.77    14.00  1369.23    45.7    97.8
bg512-map/AR0411SR                512x512  scen    2430     154   17414    73.10    30.61    24.29    15.75  1636.36    53.5   103.9
bg512-map/AR0412SR                512x512  rand    1000      27    6085    89.96    20.66    12.38     5.57   601.40    29.1   107.9
bg512-map/AR0412SR                512x512  scen    1500      50   11129    92.96    23.34    14.71     7.51  1062.40    45.5   141.5
bg512-map/AR0413SR                512x512  rand    1000      23    3632    25.18     9.55     5.72     3.17   349.72    36.6   110.4
bg512-map/AR0413SR                512x512  scen    1530      34    5882    28.20    10.79     6.92     4.25   565.11    52.4   132.9
bg512-map/AR0414SR                512x512  rand    1000      49    5052    73.60    20.29    12.43     6.70   525.14    25.9    78.4
bg512-map/AR0414SR                512x512  scen    1250     135   11865    94.50    31.32    22.94    15.15  1294.16    41.3    85.4
bg512-map/AR0418SR                512x512  rand    1000       3    1573   106.29    17.84    10.27     3.49   138.75     7.8    39.7
bg512-map/AR0418SR                512x512  scen     850       3    2749    99.14    17.67    12.21     3.92   241.70    13.7    61.6
bg512-map/AR0500SR                512x512  rand    1000     116   10986    83.97    30.05    20.88    12.51  1131.40    37.6    90.4
bg512-map/AR0500SR                512x512  scen    2140     200   18531    95.46    37.80    29.52    19.18  1883.12    49.8    98.2
map                                  size   tag   pairs  JPSexp   A*exp      cC#       cC      wC#       wC     A*us   A*/cC   A*/wC
------------------------------------------------------------------------------------------------------------------------------------
bg512-map/AR0502SR                512x512  rand    1000      11    4508   105.85    24.05    10.95     4.26   610.50    25.4   143.2
bg512-map/AR0502SR                512x512  scen    1240      15    7591   101.27    18.88    13.05     4.80   979.59    51.9   204.2
bg512-map/AR0503SR                512x512  rand    1000      12    3072    42.78    11.79     6.68     3.21   308.14    26.1    95.8
bg512-map/AR0503SR                512x512  scen    1140      18    5481    43.58    12.65     7.88     3.72   560.21    44.3   150.7
bg512-map/AR0504SR                512x512  rand    1000      52    6862    88.81    25.59    15.72     8.35   717.06    28.0    85.9
bg512-map/AR0504SR                512x512  scen    1330      81   10727    93.18    29.17    20.73    11.58  1179.67    40.4   101.9
bg512-map/AR0505SR                512x512  rand    1000      46    8048    98.59    26.25    15.10     7.88   860.40    32.8   109.2
bg512-map/AR0505SR                512x512  scen    1610     116   19851   122.29    37.24    25.87    15.68  2154.80    57.9   137.4
bg512-map/AR0506SR                512x512  rand    1000      12    4587    72.61    17.40     9.10     3.50   472.29    27.1   135.0
bg512-map/AR0506SR                512x512  scen    1040      14    6161    69.20    15.97     9.12     4.02   644.26    40.3   160.4
bg512-map/AR0509SR                512x512  rand    1000      18    5640    86.17    21.46    15.20     5.50   786.16    36.6   142.8
bg512-map/AR0509SR                512x512  scen    1380      32   11514    81.95    21.21    12.21     6.18  1302.31    61.4   210.9
bg512-map/AR0510SR                512x512  rand    1000      46    6430    84.91    24.20    14.53     7.97   696.88    28.8    87.4
bg512-map/AR0510SR                512x512  scen    1440      69   10357    93.61    27.50    17.70    10.31  1143.00    41.6   110.9
bg512-map/AR0511SR                512x512  rand    1000      24    6432    73.98    19.64    10.84     5.03   675.51    34.4   134.3
bg512-map/AR0511SR                512x512  scen    1370      34    9690    78.63    21.02    12.27     6.21  1057.21    50.3   170.2
bg512-map/AR0513SR                512x512  rand    1000      13    5418    98.15    20.99    11.84     4.58   546.98    26.1   119.4
bg512-map/AR0513SR                512x512  scen    1430      21   11963   107.65    23.10    12.59     5.72  1285.97    55.7   224.7
bg512-map/AR0516SR                512x512  rand    1000      37    5243    45.76    15.43     9.95     5.46   530.52    34.4    97.2
bg512-map/AR0516SR                512x512  scen    1470      54    8044    48.45    16.90    11.62     6.66   870.81    51.5   130.7
bg512-map/AR0517SR                512x512  rand    1000       3    2003   106.87    17.51    10.41     3.27   175.80    10.0    53.7
bg512-map/AR0517SR                512x512  scen     990       4    3625   100.83    16.62    10.88     3.33   313.48    18.9    94.1
bg512-map/AR0526SR                512x512  rand    1000      14    5654    52.57    13.75     8.07     3.80   554.59    40.3   145.9
bg512-map/AR0526SR                512x512  scen    1270      19    8022    53.03    14.76     8.86     4.19   786.68    53.3   187.5
bg512-map/AR0600SR                512x512  rand    1000      34    3171    26.96    10.67     6.85     4.06   305.87    28.7    75.4
bg512-map/AR0600SR                512x512  scen    1470      44    4524    27.63    11.78     7.56     4.65   435.81    37.0    93.8
bg512-map/AR0601SR                512x512  rand    1000      28    4438    40.16    12.60     7.96     4.21   423.87    33.6   100.7
bg512-map/AR0601SR                512x512  scen    1680      42    6913    39.97    13.38     8.87     4.99   638.10    47.7   128.0
bg512-map/AR0602SR                512x512  rand    1000     285   15096   110.85    53.37    45.41    29.90  1497.59    28.1    50.1
bg512-map/AR0602SR                512x512  scen    2460     375   19826   122.08    60.88    56.77    38.31  1912.99    31.4    49.9
bg512-map/AR0603SR                512x512  rand    1000     124   12819    70.37    29.50    21.98    13.78  1245.78    42.2    90.4
bg512-map/AR0603SR                512x512  scen    2930     205   20355    82.63    37.06    30.59    20.10  1926.73    52.0    95.8
bg512-map/AR0604SR                512x512  rand    1000      30   12815   104.10    24.50    14.08     6.13  1288.59    52.6   210.0
bg512-map/AR0604SR                512x512  scen    2310      54   24897   111.30    28.31    15.98     8.52  2414.35    85.3   283.5
bg512-map/AR0605SR                512x512  rand    1000       9    4667   170.94    27.36    18.36     4.94   456.72    16.7    92.4
bg512-map/AR0605SR                512x512  scen    1260      11    6295   173.89    28.00    15.18     4.78   598.18    21.4   125.0
bg512-map/AR0700SR                512x512  rand    1000     236   13179   148.49    55.91    40.59    25.85  1435.41    25.7    55.5
bg512-map/AR0700SR                512x512  scen    1930     423   21858   176.93    75.86    64.55    45.34  2433.11    32.1    53.7
bg512-map/AR0701SR                512x512  rand    1000     108    7396    87.34    32.20    22.32    13.60   798.80    24.8    58.8
bg512-map/AR0701SR                512x512  scen    1680     178   11686   100.93    40.38    31.58    20.42  1298.40    32.2    63.6
bg512-map/AR0702SR                512x512  rand    1000      26    5149    65.98    18.13    10.67     5.19   544.75    30.1   105.0
bg512-map/AR0702SR                512x512  scen    1290      35    7931    66.73    19.29    11.40     6.11   858.07    44.5   140.4
bg512-map/AR0704SR                512x512  rand    1000      30    7175    74.48    20.05    12.16     6.30   768.95    38.3   122.0
bg512-map/AR0704SR                512x512  scen    1530      61   15818    85.08    25.13    16.50     9.40  1725.57    68.7   183.6
bg512-map/AR0705SR                512x512  rand    1000      98   17966    80.56    29.12    20.46    12.50  1736.31    59.6   138.9
bg512-map/AR0705SR                512x512  scen    2800     148   27004    91.65    35.55    27.25    17.19  2624.30    73.8   152.6
bg512-map/AR0709SR                512x512  rand    1000      15    4899    91.61    20.96    11.89     5.54   507.01    24.2    91.6
bg512-map/AR0709SR                512x512  scen    1260      20    7474   131.21    23.82    17.86     7.29   972.82    40.8   133.5
bg512-map/AR0711SR                512x512  rand    1000      40    5834    41.44    13.88     8.99     5.10   583.62    42.0   114.4
bg512-map/AR0711SR                512x512  scen    1900      60    9320    43.70    15.49    10.79     6.48   926.53    59.8   142.9
map                                  size   tag   pairs  JPSexp   A*exp      cC#       cC      wC#       wC     A*us   A*/cC   A*/wC
------------------------------------------------------------------------------------------------------------------------------------
bgmaps-map/AR0011SR               216x224  rand    1000      53    3226    50.90    19.66    10.20     6.57   330.37    16.8    50.3
bgmaps-map/AR0011SR               216x224  scen     930     101    5899    66.25    27.33    17.07    11.22   615.55    22.5    54.8
bgmaps-map/AR0012SR               148x139  rand    1000      37     663    18.86    11.33     6.22     3.99    67.23     5.9    16.8
bgmaps-map/AR0012SR               148x139  scen     380      54    1019    25.90    15.04     9.80     6.44   112.53     7.5    17.5
bgmaps-map/AR0013SR               148x144  rand    1000      39     474    17.02    11.43     7.11     4.62    49.93     4.4    10.8
bgmaps-map/AR0013SR               148x144  scen     360      61     756    21.32    13.88     9.57     6.21    77.67     5.6    12.5
bgmaps-map/AR0014SR               148x144  rand    1000      28     472    15.07     9.01     5.65     3.39    49.23     5.5    14.5
bgmaps-map/AR0014SR               148x144  scen     350      40     684    17.96    11.85     7.62     5.19    70.56     6.0    13.6
bgmaps-map/AR0015SR                 88x86  rand    1000      12     168     9.46     5.82     2.88     1.99    17.66     3.0     8.9
bgmaps-map/AR0015SR                 88x86  scen     200      15     222    10.35     6.31     3.98     2.59    23.24     3.7     9.0
bgmaps-map/AR0016SR                 88x86  rand    1000      14     185     9.65     6.23     3.10     2.12    19.60     3.1     9.2
bgmaps-map/AR0016SR                 88x86  scen     220      18     279    11.35     7.56     4.31     2.90    29.69     3.9    10.2
bgmaps-map/AR0017SR                 88x86  rand    1000      15     250    11.56     6.99     3.64     2.14    26.16     3.7    12.2
bgmaps-map/AR0017SR                 88x86  scen     220      20     369    13.39     8.56     4.47     3.01    39.62     4.6    13.2
bgmaps-map/AR0018SR                100x96  rand    1000      17     239    11.09     6.85     3.54     2.44    24.64     3.6    10.1
bgmaps-map/AR0018SR                100x96  scen     250      28     443    15.74     9.47     5.52     3.90    45.13     4.8    11.6
bgmaps-map/AR0020SR                 80x80  rand    1000       8     112     9.86     6.07     2.54     2.14    12.91     2.1     6.0
bgmaps-map/AR0020SR                 80x80  scen     190      10     167    11.80     6.71     3.72     2.63    19.39     2.9     7.4
bgmaps-map/AR0021SR                 60x64  rand    1000      12     126     8.14     5.95     3.05     1.62    13.40     2.3     8.3
bgmaps-map/AR0021SR                 60x64  scen     170      19     209    10.18     7.42     4.01     3.29    22.05     3.0     6.7
bgmaps-map/AR0022SR                 64x64  rand    1000       9     113     8.31     6.77     3.19     2.18    12.92     1.9     5.9
bgmaps-map/AR0022SR                 64x64  scen     150      11     157    10.18     6.10     3.49     2.51    18.88     3.1     7.5
bgmaps-map/AR0041SR                 80x80  rand    1000       5     147    12.76     6.06     2.78     2.39    14.91     2.5     6.2
bgmaps-map/AR0041SR                 80x80  scen     230       6     216    20.07     7.35     3.79     2.74    21.91     3.0     8.0
bgmaps-map/AR0042SR                 80x80  rand    1000       5     155    20.46     7.13     3.38     2.03    16.95     2.4     8.3
bgmaps-map/AR0042SR                 80x80  scen     240       5     237    21.19     7.91     4.28     2.49    23.66     3.0     9.5
bgmaps-map/AR0043SR                 80x80  rand    1000       5     124    13.08     5.41     2.17     1.28    12.25     2.3     9.6
bgmaps-map/AR0043SR                 80x80  scen     210       6     199    13.53     5.99     3.97     2.08    19.35     3.2     9.3
bgmaps-map/AR0044SR                 80x80  rand    1000       6     189    19.28     6.75     2.81     1.85    18.78     2.8    10.2
bgmaps-map/AR0044SR                 80x80  scen     250       8     257    21.89     7.25     4.26     2.27    25.31     3.5    11.1
bgmaps-map/AR0045SR                 80x80  rand    1000       6     144    11.33     5.51     2.25     1.49    14.56     2.6     9.8
bgmaps-map/AR0045SR                 80x80  scen     210       7     230    12.99     6.23     3.34     2.10    23.26     3.7    11.1
bgmaps-map/AR0046SR                 80x80  rand    1000       8     169    12.52     5.77     2.56     1.65    17.03     3.0    10.3
bgmaps-map/AR0046SR                 80x80  scen     240       9     237    14.17     6.54     3.51     1.86    23.25     3.6    12.5
bgmaps-map/AR0069SR               100x112  rand    1000      15     235    12.34     8.02     3.73     2.73    25.42     3.2     9.3
bgmaps-map/AR0069SR               100x112  scen     220      22     388    13.39     8.38     5.70     3.02    39.73     4.7    13.2
bgmaps-map/AR0070SR               124x134  rand    1000      46    1423    24.82    14.06     6.95     4.48   130.54     9.3    29.2
bgmaps-map/AR0070SR               124x134  scen     680      57    1791    25.67    14.20     8.05     4.88   160.60    11.3    32.9
bgmaps-map/AR0071SR               140x150  rand    1000      43    1175    24.47    13.45     8.90     4.25   111.33     8.3    26.2
bgmaps-map/AR0071SR               140x150  scen     510      48    1331    19.61    12.24     7.42     4.58   126.94    10.4    27.7
bgmaps-map/AR0072SR               160x160  rand    1000      31    1192    32.24    13.74     7.05     4.05   128.64     9.4    31.8
bgmaps-map/AR0072SR               160x160  scen     630      42    1774    28.51    11.72     7.10     4.47   199.77    17.0    44.7
bgmaps-map/AR0082SR                 52x54  rand    1000       5      21     4.05     3.72     1.80     0.96     2.76     0.7     2.9
bgmaps-map/AR0082SR                 52x54  scen      60       6      26     4.27     4.27     2.24     2.32     4.28     1.0     1.8
bgmaps-map/AR0201SR               140x166  rand    1000      14     283     9.20     6.03     3.57     2.10    31.46     5.2    15.0
bgmaps-map/AR0201SR               140x166  scen     380      20     410     9.07     5.97     4.08     2.17    42.95     7.2    19.8
bgmaps-map/AR0202SR               244x208  rand    1000     153    3442    43.06    26.50    19.66    13.00   313.83    11.8    24.1
bgmaps-map/AR0202SR               244x208  scen    1450     216    4743    49.79    31.25    26.10    17.10   419.67    13.4    24.5
bgmaps-map/AR0203SR                 76x75  rand    1000       8     129    13.81     7.84     3.71     2.23    14.87     1.9     6.7
bgmaps-map/AR0203SR                 76x75  scen     190      11     202    14.08     8.32     4.78     2.72    23.80     2.9     8.7
map                                  size   tag   pairs  JPSexp   A*exp      cC#       cC      wC#       wC     A*us   A*/cC   A*/wC
------------------------------------------------------------------------------------------------------------------------------------
bgmaps-map/AR0204SR               260x294  rand    1000     100    3566    42.96    20.38    15.07     9.28   350.01    17.2    37.7
bgmaps-map/AR0204SR               260x294  scen    1160     136    4782    46.74    24.12    18.06    11.57   478.35    19.8    41.4
bgmaps-map/AR0205SR               212x214  rand    1000      96    1700    35.41    19.40    12.94     8.62   175.55     9.0    20.4
bgmaps-map/AR0205SR               212x214  scen     740     171    2853    45.08    26.35    20.68    14.21   287.35    10.9    20.2
bgmaps-map/AR0206SR               104x128  rand    1000      12     241    16.59     6.99     4.40     1.96    31.23     4.5    15.9
bgmaps-map/AR0206SR               104x128  scen     260      19     404    18.25     8.48     7.34     3.27    53.44     6.3    16.4
bgmaps-map/AR0300SR               320x320  rand    1000     157    4409    72.89    29.23    22.24    15.10   544.55    18.6    36.1
bgmaps-map/AR0300SR               320x320  scen    1200     259    6954    99.60    38.92    42.84    26.59   867.43    22.3    32.6
bgmaps-map/AR0301SR                 92x86  rand    1000      15     228     9.97     6.78     3.52     2.18    23.94     3.5    11.0
bgmaps-map/AR0301SR                 92x86  scen     220      20     313    11.65     8.31     5.18     3.08    32.02     3.9    10.4
bgmaps-map/AR0302SR                 80x86  rand    1000      15     184     9.23     6.16     3.18     2.17    19.50     3.2     9.0
bgmaps-map/AR0302SR                 80x86  scen     190      17     226    10.27     6.98     4.16     2.44    23.87     3.4     9.8
bgmaps-map/AR0303SR                 80x86  rand    1000      12     166     9.03     5.79     2.85     1.94    17.40     3.0     9.0
bgmaps-map/AR0303SR                 80x86  scen     180      14     208     9.67     6.73     3.90     2.66    22.01     3.3     8.3
bgmaps-map/AR0304SR                 80x86  rand    1000      16     206     9.60     6.74     3.55     2.65    21.37     3.2     8.1
bgmaps-map/AR0304SR                 80x86  scen     200      17     237    10.02     6.75     3.89     2.71    24.05     3.6     8.9
bgmaps-map/AR0305SR                104x91  rand    1000      23     293    11.91     7.73     4.09     2.88    29.29     3.8    10.2
bgmaps-map/AR0305SR                104x91  scen     250      29     378    12.89     8.55     5.94     3.89    37.60     4.4     9.7
bgmaps-map/AR0306SR                 84x91  rand    1000      16     230    10.39     7.42     3.37     2.84    24.29     3.3     8.5
bgmaps-map/AR0306SR                 84x91  scen     220      24     353    12.30     8.88     5.54     3.62    35.84     4.0     9.9
bgmaps-map/AR0307SR               320x267  rand    1000     291    4614    61.92    40.51    35.49    25.23   425.20    10.5    16.9
bgmaps-map/AR0307SR               320x267  scen    1650     356    5628    74.24    46.99    46.17    29.99   507.22    10.8    16.9
bgmaps-map/AR0308SR               112x118  rand    1000      30     415    17.43    10.23     5.40     3.88    42.13     4.1    10.9
bgmaps-map/AR0308SR               112x118  scen     340      64     917    27.16    15.00    11.03     6.98    90.52     6.0    13.0
bgmaps-map/AR0309SR               120x118  rand    1000      40     477    19.36    10.91     6.98     4.45    52.01     4.8    11.7
bgmaps-map/AR0309SR               120x118  scen     350      64     753    20.81    14.14     9.57     6.33    77.19     5.5    12.2
bgmaps-map/AR0310SR                 80x80  rand    1000       6      94     8.97     4.72     2.25     1.33     9.94     2.1     7.5
bgmaps-map/AR0310SR                 80x80  scen     160       7     138     9.97     5.40     3.30     2.01    14.35     2.7     7.1
bgmaps-map/AR0311SR                 52x54  rand    1000       6      36     5.12     4.07     1.71     1.45     4.39     1.1     3.0
bgmaps-map/AR0311SR                 52x54  scen      90       7      46     5.89     4.26     2.72     1.83     5.85     1.4     3.2
bgmaps-map/AR0312SR                 52x54  rand    1000       6      47     5.44     4.24     1.84     1.39     5.52     1.3     4.0
bgmaps-map/AR0312SR                 52x54  scen     100       7      55     5.77     4.44     2.31     1.75     6.64     1.5     3.8
bgmaps-map/AR0313SR                 60x64  rand    1000      12     126     7.93     5.88     2.94     1.71    13.80     2.3     8.1
bgmaps-map/AR0313SR                 60x64  scen     160      16     188     9.32     6.93     3.33     2.34    20.33     2.9     8.7
bgmaps-map/AR0314SR                 64x70  rand    1000       9      79     7.04     4.78     2.32     1.65     8.76     1.8     5.3
bgmaps-map/AR0314SR                 64x70  scen     140      11     120     8.10     5.73     3.43     2.37    12.96     2.3     5.5
bgmaps-map/AR0315SR                 52x54  rand    1000       5      48     6.01     4.51     1.89     1.40     5.86     1.3     4.2
bgmaps-map/AR0315SR                 52x54  scen     100       6      69     6.03     4.30     2.32     1.71     7.81     1.8     4.6
bgmaps-map/AR0316SR                 64x70  rand    1000      10      76     6.70     4.95     2.54     1.91     8.59     1.7     4.5
bgmaps-map/AR0316SR                 64x70  scen     130      12      91     7.85     5.82     3.62     2.69    10.55     1.8     3.9
bgmaps-map/AR0317SR                 64x70  rand    1000       9      82     7.53     4.88     2.19     1.85     9.66     2.0     5.2
bgmaps-map/AR0317SR                 64x70  scen     140      11     108     9.96     6.31     4.51     2.41    12.98     2.1     5.4
bgmaps-map/AR0318SR                 60x64  rand    1000      14     210     9.39     6.31     2.84     1.97    20.44     3.2    10.4
bgmaps-map/AR0318SR                 60x64  scen     220      21     325    11.51     8.30     4.80     3.20    30.47     3.7     9.5
bgmaps-map/AR0319SR                 52x54  rand    1000       7      56     6.82     4.91     2.28     1.73     6.41     1.3     3.7
bgmaps-map/AR0319SR                 52x54  scen     120      10      88     8.05     5.88     3.43     2.57    10.50     1.8     4.1
bgmaps-map/AR0325SR                 52x54  rand    1000       5      57     7.06     5.69     2.36     1.96     7.94     1.4     4.1
bgmaps-map/AR0325SR                 52x54  scen     110       6      80     9.43     6.59     4.27     3.47    11.38     1.7     3.3
bgmaps-map/AR0330SR                 56x54  rand    1000       8      69     6.40     4.83     2.33     1.63     8.27     1.7     5.1
bgmaps-map/AR0330SR                 56x54  scen     110       9      84     6.94     5.68     3.59     3.38    10.34     1.8     3.1
map                                  size   tag   pairs  JPSexp   A*exp      cC#       cC      wC#       wC     A*us   A*/cC   A*/wC
------------------------------------------------------------------------------------------------------------------------------------
bgmaps-map/AR0331SR                 72x80  rand    1000       9     154     8.94     6.38     3.27     2.21    18.74     2.9     8.5
bgmaps-map/AR0331SR                 72x80  scen     160      10     161    10.01     6.31     4.68     2.67    17.53     2.8     6.6
bgmaps-map/AR0332SR                 56x59  rand    1000       6      63     6.67     4.64     2.14     1.67     7.60     1.6     4.5
bgmaps-map/AR0332SR                 56x59  scen     130       8     101     8.64     6.36     3.47     2.13    11.37     1.8     5.3
bgmaps-map/AR0334SR                 60x64  rand    1000       7      70     8.09     5.10     2.68     1.82     8.10     1.6     4.4
bgmaps-map/AR0334SR                 60x64  scen     130       8      89     7.81     5.48     3.25     2.60    10.08     1.8     3.9
bgmaps-map/AR0335SR                 52x54  rand    1000       6      47     6.02     4.65     2.37     1.69     6.21     1.3     3.7
bgmaps-map/AR0335SR                 52x54  scen      90       6      53     5.84     4.72     2.77     1.90     7.24     1.5     3.8
bgmaps-map/AR0400SR               240x256  rand    1000     118    4817    58.37    25.50    17.39    10.68   491.15    19.3    46.0
bgmaps-map/AR0400SR               240x256  scen    1350     205    7993    80.97    39.25    38.69    19.62   808.88    20.6    41.2
bgmaps-map/AR0401SR                 52x59  rand    1000      11     179     8.80     5.83     2.58     2.03    17.90     3.1     8.8
bgmaps-map/AR0401SR                 52x59  scen     150      12     205     8.98     6.51     3.27     2.18    20.54     3.2     9.4
bgmaps-map/AR0402SR                 56x59  rand    1000      11     110     7.75     5.30     2.46     1.93    12.28     2.3     6.4
bgmaps-map/AR0402SR                 56x59  scen     150      13     137     8.21     5.76     3.48     2.37    14.92     2.6     6.3
bgmaps-map/AR0403SR                 56x59  rand    1000      10     104     8.03     5.26     2.47     1.57    11.22     2.1     7.1
bgmaps-map/AR0403SR                 56x59  scen     140      11     125     7.62     5.15     3.28     2.23    13.87     2.7     6.2
bgmaps-map/AR0404SR               204x251  rand    1000      59    2205    30.23    16.17    10.26     6.33   205.49    12.7    32.5
bgmaps-map/AR0404SR               204x251  scen     830      72    2758    31.94    17.07    12.02     7.30   252.76    14.8    34.6
bgmaps-map/AR0405SR               176x176  rand    1000      64    2137    31.46    16.70    10.13     6.13   204.42    12.2    33.3
bgmaps-map/AR0405SR               176x176  scen     680      82    2861    34.06    17.73    11.69     7.30   267.67    15.1    36.7
bgmaps-map/AR0406SR               244x192  rand    1000     119    2131    35.92    22.46    15.69    10.55   203.24     9.0    19.3
bgmaps-map/AR0406SR               244x192  scen     890     178    3153    43.47    27.71    22.25    15.10   302.87    10.9    20.1
bgmaps-map/AR0407SR                 52x54  rand    1000       6      36     5.33     4.15     2.00     1.26     4.48     1.1     3.6
bgmaps-map/AR0407SR                 52x54  scen      80       6      40     6.02     4.61     4.06     2.22     5.68     1.2     2.6
bgmaps-map/AR0408SR                 50x50  rand    1000       6      31     5.09     4.30     2.10     1.54     4.37     1.0     2.8
bgmaps-map/AR0408SR                 50x50  scen      80       7      44     5.17     4.34     2.40     1.68     5.57     1.3     3.3
bgmaps-map/AR0409SR                 52x54  rand    1000       6      36     5.19     3.86     1.83     1.23     4.53     1.2     3.7
bgmaps-map/AR0409SR                 52x54  scen      80       6      41     5.52     4.35     2.90     2.12     5.45     1.3     2.6
bgmaps-map/AR0410SR                 92x96  rand    1000       8     133     9.30     4.93     2.18     1.46    13.46     2.7     9.2
bgmaps-map/AR0410SR                 92x96  scen     190       9     173    10.04     5.42     3.07     1.76    16.98     3.1     9.6
bgmaps-map/AR0411SR               232x272  rand    1000     120    3616    42.08    22.34    15.82    10.34   345.10    15.4    33.4
bgmaps-map/AR0411SR               232x272  scen    1150     136    4069    41.23    22.39    17.37    11.75   376.72    16.8    32.1
bgmaps-map/AR0412SR               160x160  rand    1000      24     629    32.34    10.19     6.38     3.59    75.36     7.4    21.0
bgmaps-map/AR0412SR               160x160  scen     460      42    1106    31.55    13.93     9.61     5.46   129.94     9.3    23.8
bgmaps-map/AR0413SR               108x118  rand    1000      23     208     8.33     6.32     3.98     2.92    21.13     3.3     7.2
bgmaps-map/AR0413SR               108x118  scen     300      27     263    11.79     7.72     6.41     3.08    32.24     4.2    10.5
bgmaps-map/AR0414SR               280x320  rand    1000      47    1925    45.79    16.97     9.79     6.80   228.97    13.5    33.7
bgmaps-map/AR0414SR               280x320  scen     730      99    3666    52.66    21.43    15.58    10.70   388.53    18.1    36.3
bgmaps-map/AR0415SR                 52x54  rand    1000       6      36     5.66     4.44     2.35     1.54     5.20     1.2     3.4
bgmaps-map/AR0415SR                 52x54  scen      90       7      46     6.02     4.91     4.18     2.24     6.68     1.4     3.0
bgmaps-map/AR0416SR                 52x54  rand    1000       6      49     5.63     4.37     1.90     1.36     5.82     1.3     4.3
bgmaps-map/AR0416SR                 52x54  scen     100       6      59     6.20     4.42     2.39     1.66     6.86     1.6     4.1
bgmaps-map/AR0417SR                 52x54  rand    1000       8      63     6.40     5.26     2.53     2.10     7.76     1.5     3.7
bgmaps-map/AR0417SR                 52x54  scen     100       8      64     7.30     6.51     3.45     2.55     9.59     1.5     3.8
bgmaps-map/AR0418SR                 84x75  rand    1000       3      65    10.91     5.68     2.45     1.71     7.61     1.3     4.5
bgmaps-map/AR0418SR                 84x75  scen     120       3      87    10.59     5.71     3.18     1.99    10.96     1.9     5.5
bgmaps-map/AR0420SR                 60x64  rand    1000       4      43     7.07     5.45     2.43     2.05     6.12     1.1     3.0
bgmaps-map/AR0420SR                 60x64  scen      90       5      49     6.99     4.17     3.61     1.67     6.67     1.6     4.0
bgmaps-map/AR0500SR               320x320  rand    1000      97    4162    49.57    21.91    15.14     9.54   416.62    19.0    43.7
bgmaps-map/AR0500SR               320x320  scen    1320     171    7170    59.29    28.89    22.44    14.98   704.22    24.4    47.0
map                                  size   tag   pairs  JPSexp   A*exp      cC#       cC      wC#       wC     A*us   A*/cC   A*/wC
------------------------------------------------------------------------------------------------------------------------------------
bgmaps-map/AR0501SR                 56x54  rand    1000       8      69     7.21     6.20     2.56     2.17     8.49     1.4     3.9
bgmaps-map/AR0501SR                 56x54  scen     100       7      66     6.47     5.06     3.36     2.18     8.35     1.6     3.8
bgmaps-map/AR0502SR                 56x70  rand    1000       9      92     8.05     5.13     3.17     2.40    10.79     2.1     4.5
bgmaps-map/AR0502SR                 56x70  scen     140      12     120     8.53     6.27     3.79     3.07    14.04     2.2     4.6
bgmaps-map/AR0503SR                 68x75  rand    1000      12      86     6.68     5.46     3.30     2.20     9.89     1.8     4.5
bgmaps-map/AR0503SR                 68x75  scen     150      16     125     8.44     6.65     4.47     3.19    14.62     2.2     4.6
bgmaps-map/AR0504SR               160x160  rand    1000      46     738    23.48    12.81     7.77     5.39    75.02     5.9    13.9
bgmaps-map/AR0504SR               160x160  scen     400      62    1018    25.83    14.63    10.34     7.17   105.86     7.2    14.8
bgmaps-map/AR0505SR               160x160  rand    1000      45     937    26.85    13.82     8.32     5.77   100.18     7.3    17.4
bgmaps-map/AR0505SR               160x160  scen     490      89    1877    36.35    19.51    13.43     9.17   191.62     9.8    20.9
bgmaps-map/AR0506SR                 68x70  rand    1000      11     104     7.91     5.80     2.89     2.19    11.99     2.1     5.5
bgmaps-map/AR0506SR                 68x70  scen     140      14     146     9.76     6.81     4.63     3.47    17.21     2.5     5.0
bgmaps-map/AR0507SR                 52x54  rand    1000       5      57     6.68     5.08     2.60     1.72     6.72     1.3     3.9
bgmaps-map/AR0507SR                 52x54  scen      90       5      51     6.68     4.78     3.06     2.08     7.01     1.5     3.4
bgmaps-map/AR0508SR                 52x54  rand    1000       6      49     5.88     4.41     2.18     1.52     6.00     1.4     4.0
bgmaps-map/AR0508SR                 52x54  scen     100       7      68     6.57     4.99     3.11     2.09     8.68     1.7     4.2
bgmaps-map/AR0509SR                 72x75  rand    1000      18     153     8.93     6.36     3.75     2.57    16.42     2.6     6.4
bgmaps-map/AR0509SR                 72x75  scen     170      23     198    10.53     7.34     4.84     3.46    21.59     2.9     6.2
bgmaps-map/AR0510SR               128x118  rand    1000      39     425    17.92    10.85     6.71     4.73    44.72     4.1     9.4
bgmaps-map/AR0510SR               128x118  scen     360      58     688    23.76    14.54    10.11     6.70    75.12     5.2    11.2
bgmaps-map/AR0511SR               108x112  rand    1000      20     321    12.84     7.98     4.21     2.90    33.21     4.2    11.5
bgmaps-map/AR0511SR               108x112  scen     290      26     446    14.82     9.22     5.68     3.89    45.69     5.0    11.7
bgmaps-map/AR0512SR                 56x54  rand    1000       5      48     6.43     4.50     2.37     2.11     5.99     1.3     2.8
bgmaps-map/AR0512SR                 56x54  scen      90       5      51     6.78     5.12     3.70     2.23     8.14     1.6     3.6
bgmaps-map/AR0513SR                 80x80  rand    1000      11     164    10.57     7.31     3.34     2.61    20.61     2.8     7.9
bgmaps-map/AR0513SR                 80x80  scen     200      15     244    12.95     8.57     4.28     2.90    30.27     3.5    10.4
bgmaps-map/AR0514SR                 64x64  rand    1000      10     118     8.18     5.68     3.26     2.53    13.96     2.5     5.5
bgmaps-map/AR0514SR                 64x64  scen     140      11     128     9.32     6.72     4.90     2.86    15.38     2.3     5.4
bgmaps-map/AR0515SR                 64x64  rand    1000      10     118     8.90     6.86     3.55     2.85    14.67     2.1     5.1
bgmaps-map/AR0515SR                 64x64  scen     140      11     136     9.72     7.10     5.84     2.86    18.32     2.6     6.4
bgmaps-map/AR0516SR               244x187  rand    1000      36     983    18.36    11.07     7.28     5.34    97.29     8.8    18.2
bgmaps-map/AR0516SR               244x187  scen     650      53    1551    20.74    12.92     8.56     5.46   153.64    11.9    28.1
bgmaps-map/AR0517SR                 52x80  rand    1000       3      53     8.00     4.64     2.42     1.85     6.72     1.4     3.6
bgmaps-map/AR0517SR                 52x80  scen      90       3      51     9.05     5.04     3.45     2.02     6.85     1.4     3.4
bgmaps-map/AR0526SR                 72x80  rand    1000       9     154     7.64     6.43     3.28     2.80    17.77     2.8     6.3
bgmaps-map/AR0526SR                 72x80  scen     160      10     157     8.02     6.82     3.47     3.17    17.29     2.5     5.5
bgmaps-map/AR0527SR                 52x54  rand    1000       5      48     6.13     5.00     2.37     2.37     8.46     1.7     3.6
bgmaps-map/AR0527SR                 52x54  scen      90       6      54     8.87     4.81     3.31     2.25     8.26     1.7     3.7
bgmaps-map/AR0528SR                 52x54  rand    1000       6      47     6.14     4.66     2.34     1.89     6.22     1.3     3.3
bgmaps-map/AR0528SR                 52x54  scen     100       7      60     6.36     5.21     3.07     2.30     7.84     1.5     3.4
bgmaps-map/AR0529SR                 60x64  rand    1000      10     100     7.80     5.76     3.57     2.75    11.74     2.0     4.3
bgmaps-map/AR0529SR                 60x64  scen     150      13     152     9.21     6.81     3.99     2.66    16.57     2.4     6.2
bgmaps-map/AR0530SR                 60x64  rand    1000      14     210     9.68     6.57     3.40     2.06    21.39     3.3    10.4
bgmaps-map/AR0530SR                 60x64  scen     200      19     284    10.87     7.28     3.75     2.60    26.42     3.6    10.2
bgmaps-map/AR0531SR                 52x54  rand    1000       5      51     6.83     5.11     2.11     1.89     6.28     1.2     3.3
bgmaps-map/AR0531SR                 52x54  scen     110       6      73     7.85     5.59     3.42     2.76     9.18     1.6     3.3
bgmaps-map/AR0600SR               192x214  rand    1000      32     550    12.13     7.38     4.54     3.13    53.12     7.2    17.0
bgmaps-map/AR0600SR               192x214  scen     590      43     746    12.85     8.02     5.61     3.56    70.25     8.8    19.7
bgmaps-map/AR0601SR               160x160  rand    1000      24     452    12.18     7.44     4.17     2.93    42.98     5.8    14.6
bgmaps-map/AR0601SR               160x160  scen     490      34     640    12.96     7.77     5.00     3.33    58.21     7.5    17.5
map                                  size   tag   pairs  JPSexp   A*exp      cC#       cC      wC#       wC     A*us   A*/cC   A*/wC
------------------------------------------------------------------------------------------------------------------------------------
bgmaps-map/AR0602SR               308x299  rand    1000     236    5358    73.43    40.58    33.17    22.08   517.49    12.8    23.4
bgmaps-map/AR0602SR               308x299  scen    1370     285    6399    77.35    50.05    43.50    29.47   640.30    12.8    21.7
bgmaps-map/AR0603SR               236x267  rand    1000     100    3201    39.07    21.18    14.49     9.66   300.96    14.2    31.1
bgmaps-map/AR0603SR               236x267  scen    1400     149    4613    44.12    25.00    19.08    12.62   419.59    16.8    33.2
bgmaps-map/AR0604SR                92x102  rand    1000      25     485    16.18     9.38     5.07     3.22    51.36     5.5    16.0
bgmaps-map/AR0604SR                92x102  scen     410      41     856    19.26    11.47     6.64     4.40    80.56     7.0    18.3
bgmaps-map/AR0605SR                 80x86  rand    1000       8     154    13.87     7.23     3.34     1.92    16.97     2.3     8.8
bgmaps-map/AR0605SR                 80x86  scen     190       9     192    14.39     6.85     4.77     2.56    20.71     3.0     8.1
bgmaps-map/AR0606SR                 56x59  rand    1000       3      61     9.92     5.28     2.12     1.71     7.04     1.3     4.1
bgmaps-map/AR0606SR                 56x59  scen     110       4      71    10.66     6.20     4.31     2.79     9.64     1.6     3.5
bgmaps-map/AR0607SR                 60x54  rand    1000      11      85     7.56     5.37     3.00     2.15     9.55     1.8     4.4
bgmaps-map/AR0607SR                 60x54  scen     130      13     100     8.54     6.14     4.58     3.29    11.93     1.9     3.6
bgmaps-map/AR0700SR               320x320  rand    1000     193    4914    84.35    40.03    29.28    19.35   510.86    12.8    26.4
bgmaps-map/AR0700SR               320x320  scen    1300     427    9817   124.67    64.70    58.56    39.78  1053.31    16.3    26.5
bgmaps-map/AR0701SR               204x235  rand    1000      80    1381    67.30    19.74    14.71     8.91   143.24     7.3    16.1
bgmaps-map/AR0701SR               204x235  scen     700     125    2129    44.41    24.69    18.86    12.88   223.92     9.1    17.4
bgmaps-map/AR0702SR                 80x86  rand    1000      24     173     9.98     7.15     4.12     2.97    18.28     2.6     6.2
bgmaps-map/AR0702SR                 80x86  scen     190      27     196    10.51     7.69     5.05     3.49    20.97     2.7     6.0
bgmaps-map/AR0703SR                 50x50  rand    1000       6      31     4.94     4.18     1.91     1.45     4.11     1.0     2.8
bgmaps-map/AR0703SR                 50x50  scen      80       8      47     5.73     4.72     2.99     2.31     6.42     1.4     2.8
bgmaps-map/AR0704SR                 80x80  rand    1000      26     217    10.72     7.65     4.43     3.17    22.71     3.0     7.2
bgmaps-map/AR0704SR                 80x80  scen     240      48     416    15.89    11.12     7.33     5.15    42.41     3.8     8.2
bgmaps-map/AR0705SR                100x86  rand    1000      73     580    18.37    13.43     9.04     6.47    53.64     4.0     8.3
bgmaps-map/AR0705SR                100x86  scen     460      98     787    21.75    16.12    11.29     7.89    71.53     4.4     9.1
bgmaps-map/AR0706SR                 60x64  rand    1000       7      70     6.97     4.86     2.12     1.52     7.77     1.6     5.1
bgmaps-map/AR0706SR                 60x64  scen     140       9     100     8.42     5.62     3.64     2.32    11.30     2.0     4.9
bgmaps-map/AR0707SR                 56x59  rand    1000       7      63     6.99     4.70     2.17     1.65     7.16     1.5     4.3
bgmaps-map/AR0707SR                 56x59  scen     120       8      79     7.88     5.50     3.52     2.48     9.42     1.7     3.8
bgmaps-map/AR0708SR                 52x54  rand    1000       5      51     6.30     4.48     1.95     1.40     5.96     1.3     4.3
bgmaps-map/AR0708SR                 52x54  scen     100       5      57     6.63     4.66     2.61     1.71     6.91     1.5     4.0
bgmaps-map/AR0709SR                 80x80  rand    1000      14     166     9.92     6.33     3.25     2.23    17.62     2.8     7.9
bgmaps-map/AR0709SR                 80x80  scen     190      16     200    10.95     6.95     4.11     3.07    21.21     3.1     6.9
bgmaps-map/AR0710SR                 52x54  rand    1000       5      45     5.67     4.70     2.22     1.61     5.81     1.2     3.6
bgmaps-map/AR0710SR                 52x54  scen     100       6      61     6.06     4.63     2.74     2.12     7.69     1.7     3.6
bgmaps-map/AR0711SR               200x118  rand    1000      34     576    13.28     8.84     5.42     3.81    55.97     6.3    14.7
bgmaps-map/AR0711SR               200x118  scen     580      46     809    14.16     9.31     6.13     4.16    76.93     8.3    18.5
bgmaps-map/AR0712SR                 64x64  rand    1000       9     113     7.93     5.79     3.07     2.25    12.68     2.2     5.6
bgmaps-map/AR0712SR                 64x64  scen     150      11     150     8.76     6.23     3.62     2.70    16.85     2.7     6.2
bgmaps-map/AR0713SR                 60x64  rand    1000      10     100     7.31     5.78     3.24     2.22    11.66     2.0     5.3
bgmaps-map/AR0713SR                 60x64  scen     140      12     138     8.67     6.37     4.08     3.12    15.80     2.5     5.1
da2-map/ca_cave                   183x277  rand    1000      26     828    18.37     8.65     5.21     3.29    85.38     9.9    26.0
da2-map/ca_cave                   183x277  scen     580      40    1368    20.60     9.88     6.93     4.25   139.94    14.2    32.9
da2-map/ca_cavern1_haunted        324x597  rand    1000     198    5753    47.34    27.35    24.40    16.52   540.39    19.8    32.7
da2-map/ca_cavern1_haunted        324x597  scen    2180     266    7799    54.36    32.22    31.00    21.04   736.03    22.8    35.0
da2-map/ca_caverns1               324x596  rand    1000     200    5845    47.48    27.78    24.64    16.89   549.33    19.8    32.5
da2-map/ca_caverns1               324x596  scen    2200     269    7902    54.55    32.47    31.20    21.95   752.61    23.2    34.3
da2-map/ca_caverns1_mines         324x597  rand    1000     201    5851    47.99    28.08    24.82    17.02   549.87    19.6    32.3
da2-map/ca_caverns1_mines         324x597  scen    2190     266    7823    55.07    33.15    30.98    21.75   738.31    22.3    34.0
da2-map/ca_caverns2               389x467  rand    1000     149    3315    35.70    22.89    20.23    13.30   331.51    14.5    24.9
da2-map/ca_caverns2               389x467  scen    1450     207    4723    44.10    26.84    26.02    18.27   491.84    18.3    26.9
map                                  size   tag   pairs  JPSexp   A*exp      cC#       cC      wC#       wC     A*us   A*/cC   A*/wC
------------------------------------------------------------------------------------------------------------------------------------
da2-map/ca_caverns2prc            389x467  rand    1000     108    3216    30.66    17.55    14.96     9.70   319.89    18.2    33.0
da2-map/ca_caverns2prc            389x467  scen    1470     156    4599    35.96    21.12    19.14    13.82   454.32    21.5    32.9
da2-map/dr_0_deeproads            560x733  rand    1000     260   16982    74.89    38.73    36.43    24.30  1581.74    40.8    65.1
da2-map/dr_0_deeproads            560x733  scen    3590     351   23115    85.55    44.27    44.80    30.34  2169.72    49.0    71.5
da2-map/dr_dungeon                314x261  rand    1000      51    2317    30.79    14.16     9.53     5.97   230.20    16.3    38.5
da2-map/dr_dungeon                314x261  scen     960      75    3493    33.67    16.24    12.32     7.93   348.88    21.5    44.0
da2-map/dr_primevalentrance       315x221  rand    1000      39    1492    23.14    11.68     8.20     5.65   148.07    12.7    26.2
da2-map/dr_primevalentrance       315x221  scen     860      59    2352    24.18    11.90     8.87     5.79   234.83    19.7    40.6
da2-map/dr_primevaltomb           722x657  rand    1000     132    5840    35.77    20.74    18.93    12.91   580.25    28.0    44.9
da2-map/dr_primevaltomb           722x657  scen    2290     184    8083    43.20    24.45    25.23    16.35   774.06    31.7    47.4
da2-map/dr_slavers                315x260  rand    1000      54    2334    31.39    14.38     9.91     6.28   230.81    16.1    36.8
da2-map/dr_slavers                315x260  scen     910      71    3225    33.88    16.40    11.84     7.74   321.26    19.6    41.5
da2-map/ht_0_hightown             514x514  rand    1000     142    5816    61.90    27.55    23.57    15.74   581.94    21.1    37.0
da2-map/ht_0_hightown             514x514  scen    1400     212    8836    71.17    34.38    32.47    22.02   883.93    25.7    40.1
da2-map/ht_0_hightown_a2          514x514  rand    1000     143    5913    62.20    28.00    23.65    15.79   591.73    21.1    37.5
da2-map/ht_0_hightown_a2          514x514  scen    1370     206    8581    69.08    34.11    31.34    21.48   859.48    25.2    40.0
da2-map/ht_0_hightown_a3          514x514  rand    1000     144    5924    63.61    28.13    23.68    15.92   593.10    21.1    37.2
da2-map/ht_0_hightown_a3          514x514  scen    1360     206    8500    71.40    34.30    31.05    21.38   854.35    24.9    40.0
da2-map/ht_0_hightown_n           514x514  rand    1000     142    5939    63.91    28.73    23.32    15.68   594.46    20.7    37.9
da2-map/ht_0_hightown_n           514x514  scen    1400     207    8801    70.22    33.81    31.36    21.39   884.26    26.2    41.3
da2-map/ht_bartrand_n             133x270  rand    1000      46    1224    23.05    11.87     7.56     4.99   121.28    10.2    24.3
da2-map/ht_bartrand_n             133x270  scen     570      72    1973    27.37    14.50    10.63     6.87   192.56    13.3    28.0
da2-map/ht_brothel_n              133x270  rand    1000      58    1137    23.62    13.06     8.79     5.90   111.36     8.5    18.9
da2-map/ht_brothel_n              133x270  scen     530      76    1557    25.85    14.62    11.34     7.43   147.72    10.1    19.9
da2-map/ht_chantry                162x141  rand    1000      44    1230    24.38    12.87     7.72     5.19   117.49     9.1    22.6
da2-map/ht_chantry                162x141  scen     460      56    1558    26.60    13.90     9.68     6.40   149.32    10.7    23.3
da2-map/ht_chantry_n              162x141  rand    1000      43    1212    24.61    13.07     7.64     4.99   116.67     8.9    23.4
da2-map/ht_chantry_n              162x141  scen     450      54    1502    25.48    13.48     9.32     6.08   143.13    10.6    23.5
da2-map/ht_keep                   281x357  rand    1000      39    1838    24.55    11.78     7.82     4.96   183.80    15.6    37.0
da2-map/ht_keep                   281x357  scen     770      50    2451    26.90    12.98     9.48     6.02   249.08    19.2    41.4
da2-map/ht_keep_n                 281x357  rand    1000      39    1823    23.50    11.38     7.64     4.84   182.84    16.1    37.8
da2-map/ht_keep_n                 281x357  scen     800      53    2662    25.73    13.19     9.76     6.05   270.64    20.5    44.7
da2-map/ht_mansion2               358x308  rand    1000     132    3241    40.44    22.96    19.59    12.82   344.93    15.0    26.9
da2-map/ht_mansion2               358x308  scen    1040     179    4389    46.48    26.48    23.58    16.18   448.53    16.9    27.7
da2-map/ht_mansion2b              358x308  rand    1000     136    3581    42.83    24.09    19.07    12.89   352.75    14.6    27.4
da2-map/ht_mansion2b              358x308  scen    1030     164    4429    44.47    25.28    21.75    15.04   431.22    17.1    28.7
da2-map/ht_mansion_n              133x270  rand    1000      43    1252    24.66    12.34     7.62     5.18   125.55    10.2    24.2
da2-map/ht_mansion_n              133x270  scen     580      65    2004    27.50    14.34    10.01     6.54   196.00    13.7    29.9
da2-map/ht_playershouse_n          185x68  rand    1000      24     585    12.94     8.06     4.42     2.95    55.17     6.8    18.7
da2-map/ht_playershouse_n          185x68  scen     360      28     724    13.53     8.43     5.38     3.53    68.46     8.1    19.4
da2-map/ht_store                    37x37  rand    1000       4      35     5.41     4.14     1.92     1.37     4.42     1.1     3.2
da2-map/ht_store                    37x37  scen      80       4      47     6.47     4.65     2.96     2.15     6.21     1.3     2.9
da2-map/lt_0_lowtown              514x514  rand    1000      66    3622    33.54    15.61    11.65     7.55   373.72    23.9    49.5
da2-map/lt_0_lowtown              514x514  scen    1180      95    5368    36.20    17.47    14.38     9.53   558.44    32.0    58.6
da2-map/lt_0_lowtown_a2           514x514  rand    1000      66    3605    32.52    15.44    11.56     7.32   369.15    23.9    50.4
da2-map/lt_0_lowtown_a2           514x514  scen    1250     101    5869    36.08    18.13    14.99     9.71   609.74    33.6    62.8
da2-map/lt_0_lowtown_a2_n         514x514  rand    1000      74    3623    33.94    16.00    13.09     8.28   372.62    23.3    45.0
da2-map/lt_0_lowtown_a2_n         514x514  scen    1230     119    5729    39.31    19.81    17.28    11.23   596.86    30.1    53.2
da2-map/lt_0_lowtown_a2_n_c       514x514  rand    1000      87    4878    40.52    19.28    14.37     9.18   507.51    26.3    55.3
da2-map/lt_0_lowtown_a2_n_c       514x514  scen    1280     116    6703    43.58    20.39    17.68    11.36   708.09    34.7    62.3
map                                  size   tag   pairs  JPSexp   A*exp      cC#       cC      wC#       wC     A*us   A*/cC   A*/wC
------------------------------------------------------------------------------------------------------------------------------------
da2-map/lt_0_lowtown_a3_n_c       514x514  rand    1000      85    4578    39.87    18.24    14.18     9.04   468.68    25.7    51.9
da2-map/lt_0_lowtown_a3_n_c       514x514  scen    1300     117    6783    42.15    20.47    17.48    11.25   695.17    34.0    61.8
da2-map/lt_0_lowtown_docks        514x386  rand    1000      60    2928    28.95    14.07    10.20     6.37   287.82    20.5    45.2
da2-map/lt_0_lowtown_docks        514x386  scen    1030      75    3699    30.71    14.66    11.82     7.40   365.61    24.9    49.4
da2-map/lt_0_lowtown_docks_a3     514x386  rand    1000      50    2507    26.81    13.20     9.14     6.06   248.60    18.8    41.0
da2-map/lt_0_lowtown_docks_a3     514x386  scen    1040      68    3555    29.02    13.95    11.18     7.24   354.83    25.4    49.0
da2-map/lt_0_lowtown_docks_a3~    514x386  rand    1000      50    2507    27.41    12.85     9.00     5.76   247.61    19.3    43.0
da2-map/lt_0_lowtown_docks_a3~    514x386  scen    1050      70    3642    28.79    13.92    11.30     6.98   362.35    26.0    51.9
da2-map/lt_0_lowtown_docks_n      514x386  rand    1000      60    2928    29.45    13.58    10.08     6.41   286.88    21.1    44.7
da2-map/lt_0_lowtown_docks_n      514x386  scen    1030      75    3689    30.77    14.92    11.70     7.59   365.21    24.5    48.1
da2-map/lt_0_lowtown_n            514x514  rand    1000      65    3685    33.46    15.27    11.22     7.21   381.43    25.0    52.9
da2-map/lt_0_lowtown_n            514x514  scen    1200      93    5476    35.84    17.80    14.17     9.20   571.64    32.1    62.2
da2-map/lt_backalley_g            130x130  rand    1000      17     774    18.85     8.55     4.25     2.63    78.29     9.2    29.8
da2-map/lt_backalley_g            130x130  scen     420      23    1082    20.49     9.38     5.58     3.29   109.68    11.7    33.3
da2-map/lt_backalley_n            130x130  rand    1000      17     774    19.14     8.81     4.56     3.10    78.86     8.9    25.5
da2-map/lt_backalley_n            130x130  scen     420      23    1099    20.84     9.65     5.97     3.62   112.26    11.6    31.0
da2-map/lt_darktown               251x292  rand    1000      57    2105    27.83    13.53     9.28     6.04   201.66    14.9    33.4
da2-map/lt_darktown               251x292  scen     880      86    3146    31.75    16.08    12.46     8.10   302.34    18.8    37.3
da2-map/lt_foundry_n               109x92  rand    1000      28    1176    20.92    11.14     5.21     3.10   110.04     9.9    35.5
da2-map/lt_foundry_n               109x92  scen     510      33    1468    22.04    11.51     5.62     3.39   135.05    11.7    39.8
da2-map/lt_gallowscourtyard       514x642  rand    1000      60    2312    29.35    13.47    10.30     7.23   227.34    16.9    31.5
da2-map/lt_gallowscourtyard       514x642  scen    1030      99    3963    34.91    16.30    14.93    10.17   374.05    22.9    36.8
da2-map/lt_gallowscourtyard_n     514x642  rand    1000      18     753    18.46     7.52     5.49     2.90    80.03    10.6    27.6
da2-map/lt_gallowscourtyard_n     514x642  scen     730      26    1344    16.55     7.52     5.42     3.20   125.25    16.7    39.1
da2-map/lt_gallowsprison_n        116x242  rand    1000       6     178    12.73     4.89     2.08     1.26    17.05     3.5    13.6
da2-map/lt_gallowsprison_n        116x242  scen     320       8     306    13.59     4.92     2.62     1.77    29.50     6.0    16.6
da2-map/lt_gallowstemplar         251x180  rand    1000      51    1345    26.94    13.48     9.06     6.48   135.98    10.1    21.0
da2-map/lt_gallowstemplar         251x180  scen     610      59    1642    26.15    13.36     9.76     6.40   163.07    12.2    25.5
da2-map/lt_gallowstemplar_f       251x180  rand    1000      49    1275    25.96    12.77     8.23     5.21   129.65    10.2    24.9
da2-map/lt_gallowstemplar_f       251x180  scen     600      61    1616    26.19    13.42     9.91     6.12   164.24    12.2    26.8
da2-map/lt_gallowstemplar_n       251x180  rand    1000      51    1352    25.50    13.19     8.60     5.82   133.45    10.1    22.9
da2-map/lt_gallowstemplar_n       251x180  scen     620      64    1725    27.68    14.35    10.55     6.80   171.10    11.9    25.2
da2-map/lt_gamlenshouse_n         156x102  rand    1000       6      85     6.89     4.81     2.50     1.73     9.61     2.0     5.6
da2-map/lt_gamlenshouse_n         156x102  scen     130       6      99     7.41     5.55     3.77     2.72    12.35     2.2     4.5
da2-map/lt_hangedman              129x135  rand    1000      43     864    19.86    11.25     7.29     4.79    85.60     7.6    17.9
da2-map/lt_hangedman              129x135  scen     520      67    1342    22.46    13.33     9.25     6.02   128.70     9.7    21.4
da2-map/lt_hangedman_n            129x135  rand    1000      43     864    19.45    11.67     6.73     4.50    85.21     7.3    18.9
da2-map/lt_hangedman_n            129x135  scen     500      62    1251    21.84    12.78     8.27     5.44   121.94     9.5    22.4
da2-map/lt_house                    54x53  rand    1000       8      94     8.29     5.45     2.57     1.94    10.82     2.0     5.6
da2-map/lt_house                    54x53  scen      20       2       7     8.08     7.21     7.38     6.96     6.93     1.0     1.0
da2-map/lt_ruinedhouse_n          156x102  rand    1000       6      85     6.61     4.91     2.44     1.75     9.71     2.0     5.6
da2-map/lt_ruinedhouse_n          156x102  scen     130       7      96     7.11     5.77     4.57     3.10    12.06     2.1     3.9
da2-map/lt_shop                   156x102  rand    1000       7      88     6.25     4.48     2.86     1.84     9.91     2.2     5.4
da2-map/lt_shop                   156x102  scen     130       9     118     7.07     5.12     3.44     2.32    13.56     2.6     5.8
da2-map/lt_undercitydungeon       184x177  rand    1000      86    2883    37.42    18.53    12.60     8.29   266.07    14.4    32.1
da2-map/lt_undercitydungeon       184x177  scen     930     111    3723    40.56    20.63    14.43     9.32   340.36    16.5    36.5
da2-map/lt_undercityencounter     128x283  rand    1000      44    2101    30.67    12.79     7.77     4.84   201.43    15.7    41.7
da2-map/lt_undercityencounter     128x283  scen     750      53    2634    32.69    13.94     8.79     5.52   251.12    18.0    45.5
da2-map/lt_undercityserialkil~    184x177  rand    1000     102    2751    39.61    20.96    14.10     9.18   257.14    12.3    28.0
da2-map/lt_undercityserialkil~    184x177  scen     910     139    3756    44.61    23.84    17.72    11.75   345.05    14.5    29.4
map                                  size   tag   pairs  JPSexp   A*exp      cC#       cC      wC#       wC     A*us   A*/cC   A*/wC
------------------------------------------------------------------------------------------------------------------------------------
da2-map/lt_warehouse              194x130  rand    1000      28     958    19.76     9.39     5.49     3.90    93.92    10.0    24.1
da2-map/lt_warehouse              194x130  scen     450      36    1341    19.77    10.57     6.98     4.21   125.02    11.8    29.7
da2-map/lt_warehouse_n            194x130  rand    1000      26     890    20.55     9.93     5.73     3.46    97.15     9.8    28.1
da2-map/lt_warehouse_n            194x130  scen     450      36    1296    19.26    10.20     6.39     3.86   120.48    11.8    31.2
da2-map/w_blightlands             514x514  rand    1000     115    4599    29.68    16.52    13.55     9.33   418.92    25.4    44.9
da2-map/w_blightlands             514x514  scen    2150     174    6705    35.02    20.30    18.30    12.55   612.66    30.2    48.8
da2-map/w_bonepit                 514x450  rand    1000      55    2949    28.16    11.75     8.54     5.20   294.48    25.1    56.7
da2-map/w_bonepit                 514x450  scen    1120      92    5090    32.31    15.21    12.47     7.49   497.78    32.7    66.5
da2-map/w_bonepitdestroyed_a3     514x450  rand    1000      70    6863    42.91    16.37    12.01     7.10   638.18    39.0    89.9
da2-map/w_bonepitdestroyed_a3     514x450  scen    1720      99    9968    45.74    17.97    13.63     8.16   909.56    50.6   111.4
da2-map/w_bonepitmining_a2        514x450  rand    1000      55    2878    27.10    12.46     8.92     5.67   277.90    22.3    49.0
da2-map/w_bonepitmining_a2        514x450  scen    1140      91    4884    30.32    14.51    12.29     7.68   464.51    32.0    60.5
da2-map/w_encounter1              258x514  rand    1000      17     643    14.53     6.98     3.84     2.52    64.46     9.2    25.6
da2-map/w_encounter1              258x514  scen     520      25     969    14.97     7.35     5.15     3.16    96.49    13.1    30.5
da2-map/w_encounter2              514x514  rand    1000      29    3277    32.90    11.23     7.43     4.13   329.51    29.4    79.8
da2-map/w_encounter2              514x514  scen    1150      43    5474    35.36    12.94     9.19     5.28   561.39    43.4   106.4
da2-map/w_encounter2_camp         514x514  rand    1000      37    3812    34.07    12.34     8.07     4.49   392.55    31.8    87.4
da2-map/w_encounter2_camp         514x514  scen    1190      51    5907    36.81    13.83     9.99     5.82   612.35    44.3   105.2
da2-map/w_encounter3              386x642  rand    1000      28    1054    14.71     7.79     5.08     3.23   106.24    13.6    32.9
da2-map/w_encounter3              386x642  scen     850      48    1844    15.78     8.46     6.72     4.41   186.14    22.0    42.2
da2-map/w_sundermount             770x770  rand    1000     103    5526    42.31    20.10    16.53    10.61   543.19    27.0    51.2
da2-map/w_sundermount             770x770  scen    1730     155    8162    47.90    23.72    22.22    14.50   806.94    34.0    55.6
da2-map/w_woundedcoast            642x578  rand    1000     191    7419    50.45    29.06    25.40    17.56   719.68    24.8    41.0
da2-map/w_woundedcoast            642x578  scen    2100     235    9356    53.64    30.97    29.31    20.25   901.38    29.1    44.5
dao-map/arena                       49x49  rand    1000       6      83    10.49     5.52     2.73     1.74     9.31     1.7     5.4
dao-map/arena                       49x49  scen     130       6      89    10.93     5.87     4.01     2.44    10.34     1.8     4.2
dao-map/arena2                    281x209  rand    1000      48    2904    46.42    16.79    10.33     5.99   294.06    17.5    49.1
dao-map/arena2                    281x209  scen     910      87    5519    55.65    23.69    16.75     9.22   566.31    23.9    61.4
dao-map/brc000d                   257x261  rand    1000     104    1997    56.75    24.03    16.51    11.50   202.62     8.4    17.6
dao-map/brc000d                   257x261  scen     850     258    4637    86.64    42.53    37.03    25.25   484.91    11.4    19.2
dao-map/brc100d                   512x492  rand    1000     204    6188    66.46    33.28    28.73    19.96   621.12    18.7    31.1
dao-map/brc100d                   512x492  scen    1360     317    9259    77.69    42.88    41.61    29.41   938.39    21.9    31.9
dao-map/brc101d                   384x639  rand    1000     122    5299    52.80    23.61    18.04    12.22   554.36    23.5    45.4
dao-map/brc101d                   384x639  scen    1570     173    7462    58.40    27.63    24.54    21.21   945.46    34.2    44.6
dao-map/brc200d                   528x209  rand    1000      92    2736    34.59    18.82    14.20     9.40   275.73    14.6    29.3
dao-map/brc200d                   528x209  scen    1280     174    5223    44.49    25.44    22.72    15.30   544.25    21.4    35.6
dao-map/brc201d                   391x388  rand    1000     165    5712    55.30    26.83    22.64    14.75   553.99    20.6    37.6
dao-map/brc201d                   391x388  scen    2090     245    8492    63.14    32.42    30.78    19.63   813.81    25.1    41.5
dao-map/brc202d                   530x481  rand    1000     423   11846   100.97    56.73    55.24    38.43  1142.85    20.1    29.7
dao-map/brc202d                   530x481  scen    2550     581   16216   118.08    69.43    73.13    51.40  1551.16    22.3    30.2
dao-map/brc203d                   274x391  rand    1000     120    3499    44.81    22.48    17.61    11.84   361.56    16.1    30.5
dao-map/brc203d                   274x391  scen    1290     183    5447    53.97    28.90    24.48    16.79   566.77    19.6    33.8
dao-map/brc204d                   431x429  rand    1000     123    3726    42.10    20.80    17.36    11.73   366.68    17.6    31.3
dao-map/brc204d                   431x429  scen    1460     182    5573    49.30    26.16    23.99    16.49   548.34    21.0    33.2
dao-map/brc300d                   359x252  rand    1000      69    1594    17.25    10.71     7.95     5.29   145.68    13.6    27.5
dao-map/brc300d                   359x252  scen    1120      95    2252    19.39    12.32     9.83     6.55   202.94    16.5    31.0
dao-map/brc501d                   225x288  rand    1000     428    9455   246.14    82.21    80.68    51.59  1213.55    14.8    23.5
dao-map/brc501d                   225x288  scen    1410     778   16059   317.18   141.30   140.92    84.34  1944.15    13.8    23.1
dao-map/brc502d                   486x254  rand    1000      15     397    12.01     6.44     3.66     2.10    39.20     6.1    18.7
dao-map/brc502d                   486x254  scen     460      31     927    14.82     7.70     5.67     3.53    91.00    11.8    25.8
map                                  size   tag   pairs  JPSexp   A*exp      cC#       cC      wC#       wC     A*us   A*/cC   A*/wC
------------------------------------------------------------------------------------------------------------------------------------
dao-map/brc503d                   320x257  rand    1000     494   11733   199.35    83.44    68.94    47.07  1157.25    13.9    24.6
dao-map/brc503d                   320x257  scen    1570     851   19361   249.16   116.55   113.14    79.30  1834.69    15.7    23.1
dao-map/brc504d                   260x256  rand    1000     623   11673   184.63    94.04    83.04    58.43  1157.88    12.3    19.8
dao-map/brc504d                   260x256  scen    1610     862   15608   209.86   112.92   110.83    78.65  1480.37    13.1    18.8
dao-map/brc505d                   261x193  rand    1000     496    7107   164.33    89.68    76.38    51.11   740.00     8.3    14.5
dao-map/brc505d                   261x193  scen    1510    1061   15004   251.47   139.80   141.27    97.48  1456.77    10.4    14.9
dao-map/brc997d                   256x256  rand    1000      37    1001    34.24    12.99     8.87     5.15   100.54     7.7    19.5
dao-map/brc997d                   256x256  scen     660      62    1917    39.39    15.56    10.93     7.29   189.72    12.2    26.0
dao-map/brc999d                   518x512  rand    1000      11     437    19.19     6.45     3.76     2.57    42.45     6.6    16.5
dao-map/brc999d                   518x512  scen     450      17     883    19.82     7.15     6.11     3.05    80.36    11.2    26.4
dao-map/combat                    177x193  rand    1000       5    1033    81.64    12.90     6.84     2.13    96.43     7.5    45.3
dao-map/combat                    177x193  scen     680       7    2139    92.29    14.85     7.83     2.50   214.14    14.4    85.8
dao-map/combat2                   177x193  rand    1000       5     981    78.59    12.56     6.44     2.06    93.45     7.4    45.3
dao-map/combat2                   177x193  scen     680       7    2165    92.57    15.31     7.81     2.20   217.49    14.2    99.0
dao-map/den000d                   503x351  rand    1000     103    6888    78.88    27.96    19.19    11.49   730.54    26.1    63.6
dao-map/den000d                   503x351  scen    1310     171   11322    88.46    34.20    27.43    17.58  1249.48    36.5    71.1
dao-map/den001d                    211x80  rand    1000      21     880    20.64     9.21     4.62     2.84    83.97     9.1    29.5
dao-map/den001d                    211x80  scen     480      21     945    20.10     8.96     5.20     3.02    87.48     9.8    29.0
dao-map/den005d                   241x328  rand    1000     156    4595    49.56    26.68    22.31    15.04   469.96    17.6    31.2
dao-map/den005d                   241x328  scen    1500     246    7162    61.19    35.98    30.60    21.22   751.25    20.9    35.4
dao-map/den009d                     50x34  rand    1000       9     174     9.64     6.20     2.20     1.49    16.89     2.7    11.3
dao-map/den009d                     50x34  scen     170      11     241    10.96     6.87     3.11     2.02    22.75     3.3    11.3
dao-map/den011d                   247x167  rand    1000      80    2135    34.53    18.81    12.20     8.09   211.14    11.2    26.1
dao-map/den011d                   247x167  scen     750     106    2836    38.57    21.10    15.62    10.23   281.70    13.3    27.5
dao-map/den012d                   310x350  rand    1000     120    4327    53.82    23.49    17.67    11.68   417.74    17.8    35.8
dao-map/den012d                   310x350  scen    1180     174    6377    59.11    27.48    23.83    15.62   597.92    21.8    38.3
dao-map/den020d                    89x118  rand    1000      24     516    14.84     8.27     4.71     2.99    52.88     6.4    17.7
dao-map/den020d                    89x118  scen     380      33     735    16.11     8.99     5.30     3.54    70.38     7.8    19.9
dao-map/den101d                     73x41  rand    1000      14     210     9.24     6.46     3.05     1.99    21.04     3.3    10.6
dao-map/den101d                     73x41  scen     210      18     294    10.13     6.96     3.77     2.76    28.95     4.2    10.5
dao-map/den200d                   320x455  rand    1000      80    2357    40.67    17.13    14.55     8.13   286.37    16.7    35.2
dao-map/den200d                   320x455  scen    1030     126    3944    57.58    24.88    25.59    11.38   502.54    20.2    44.2
dao-map/den200n                   320x455  rand    1000      85    2304    33.81    17.04    13.13     8.74   241.22    14.2    27.6
dao-map/den200n                   320x455  scen     990     137    3803    41.55    20.97    19.16    12.34   411.12    19.6    33.3
dao-map/den201d                     37x37  rand    1000       5      42     5.84     4.44     1.91     1.56     5.53     1.2     3.5
dao-map/den201d                     37x37  scen     100       6      61     6.23     4.53     2.21     1.39     6.76     1.5     4.9
dao-map/den202d                     39x40  rand    1000       5      49     5.58     4.47     1.55     1.67     6.05     1.4     3.6
dao-map/den202d                     39x40  scen     110       7      97     8.83     6.84     3.69     2.94    11.78     1.7     4.0
dao-map/den203d                     93x77  rand    1000      28     504    14.31     8.53     4.69     3.15    48.02     5.6    15.2
dao-map/den203d                     93x77  scen     330      35     662    16.50     9.55     5.96     3.60    61.22     6.4    17.0
dao-map/den204d                     66x66  rand    1000      13     180    11.68     6.31     3.19     2.13    18.65     3.0     8.8
dao-map/den204d                     66x66  scen     200      19     300    15.35     8.01     4.73     2.95    30.86     3.9    10.5
dao-map/den206d                    50x190  rand    1000      32    1033    21.24    10.45     5.45     3.28   101.80     9.7    31.0
dao-map/den206d                    50x190  scen     580      39    1257    23.50    11.16     6.35     3.97   124.20    11.1    31.3
dao-map/den207d                     38x50  rand    1000       7      84     7.13     4.83     2.23     1.47     9.31     1.9     6.3
dao-map/den207d                     38x50  scen     140       9     121     8.43     5.71     3.13     2.17    13.18     2.3     6.1
dao-map/den308d                    100x88  rand    1000      16     357    14.11     7.19     3.52     2.28    36.47     5.1    16.0
dao-map/den308d                    100x88  scen     290      23     540    16.90     8.20     4.77     2.72    54.85     6.7    20.1
dao-map/den312d                     65x81  rand    1000      22     343    12.61     8.21     4.27     2.52    35.38     4.3    14.1
dao-map/den312d                     65x81  scen     290      28     475    14.21     8.71     4.96     3.11    49.84     5.7    16.0
map                                  size   tag   pairs  JPSexp   A*exp      cC#       cC      wC#       wC     A*us   A*/cC   A*/wC
------------------------------------------------------------------------------------------------------------------------------------
dao-map/den400d                   259x268  rand    1000      61    1958    54.32    18.12    11.68     7.14   199.79    11.0    28.0
dao-map/den400d                   259x268  scen     810     113    3771    68.72    24.66    18.94    12.11   398.34    16.2    32.9
dao-map/den401d                   259x113  rand    1000      70    1859    30.76    16.68    10.67     7.06   192.00    11.5    27.2
dao-map/den401d                   259x113  scen     730      85    2252    31.74    18.29    12.37     8.44   228.47    12.5    27.1
dao-map/den403d                     74x49  rand    1000      13     245    11.90     6.43     2.91     1.98    25.81     4.0    13.0
dao-map/den403d                     74x49  scen     200      13     288    12.98     8.66     5.50     2.45    30.86     3.6    12.6
dao-map/den404d                     28x34  rand    1000       6      64     5.66     5.39     2.08     1.29     6.83     1.3     5.3
dao-map/den404d                     28x34  scen     100       7      76     6.16     4.68     2.40     1.65     8.09     1.7     4.9
dao-map/den405d                     74x42  rand    1000       8      93     6.84     4.77     2.37     1.36    10.19     2.1     7.5
dao-map/den405d                     74x42  scen     140       9     112     7.09     5.22     3.21     2.26    12.45     2.4     5.5
dao-map/den407d                     33x57  rand    1000       6      69     7.05     4.64     2.07     1.48     7.65     1.6     5.2
dao-map/den407d                     33x57  scen     140       7      94     8.10     5.38     2.98     2.11    10.19     1.9     4.8
dao-map/den408d                     34x50  rand    1000       6      48     5.80     4.20     1.92     1.38     5.47     1.3     4.0
dao-map/den408d                     34x50  scen     120       8      73     7.26     5.27     3.05     2.27     8.51     1.6     3.8
dao-map/den500d                   288x417  rand    1000     125    6120    60.36    25.83    19.34    12.38   597.42    23.1    48.3
dao-map/den500d                   288x417  scen    1600     177    8561    65.06    29.36    24.55    16.04   814.12    27.7    50.7
dao-map/den501d                   320x338  rand    1000     161    4720    78.67    30.24    25.20    15.85   597.93    19.8    37.7
dao-map/den501d                   320x338  scen    1170     200    6012    79.20    37.57    31.17    22.19   722.07    19.2    32.5
dao-map/den502d                   211x251  rand    1000      13    1486    48.36    11.10     6.10     2.49   143.31    12.9    57.5
dao-map/den502d                   211x251  scen     680      18    2553    51.84    12.29     7.92     3.22   240.55    19.6    74.8
dao-map/den504d                   158x227  rand    1000      51    1745    34.34    14.24     8.75     5.39   179.96    12.6    33.4
dao-map/den504d                   158x227  scen     630      58    2149    36.50    15.13    10.34     6.02   222.70    14.7    37.0
dao-map/den505d                   288x432  rand    1000     116    5896    55.77    24.67    18.27    11.79   572.13    23.2    48.5
dao-map/den505d                   288x432  scen    1600     175    8664    62.39    28.83    24.47    15.86   821.37    28.5    51.8
dao-map/den510d                   385x467  rand    1000     314   11117   114.63    51.06    43.97    29.79  1151.26    22.5    38.6
dao-map/den510d                   385x467  scen    1940     649   20816   163.58    83.24    84.59    59.01  2172.29    26.1    36.8
dao-map/den520d                   256x257  rand    1000      75    3381    55.22    20.39    13.01     7.88   340.11    16.7    43.1
dao-map/den520d                   256x257  scen     870     104    4728    58.95    23.07    16.40    10.47   475.97    20.6    45.5
dao-map/den600d                   354x169  rand    1000     117    3902    38.74    22.01    16.71    10.72   391.40    17.8    36.5
dao-map/den600d                   354x169  scen    1390     177    5893    47.82    27.76    23.65    14.64   589.59    21.2    40.3
dao-map/den601d                   374x187  rand    1000     150    5035    49.79    26.94    20.97    13.88   492.63    18.3    35.5
dao-map/den601d                   374x187  scen    1450     235    7727    63.11    35.71    30.54    20.42   752.97    21.1    36.9
dao-map/den602d                   710x402  rand    1000     370    9486   113.98    62.91    49.03    34.78  1172.66    18.6    33.7
dao-map/den602d                   710x402  scen    2660     593   14774   141.03    80.93    82.95    65.66  1888.69    23.3    28.8
dao-map/den900d                   128x128  rand    1000      13     392    16.87     6.87     3.25     2.08    42.01     6.1    20.2
dao-map/den900d                   128x128  scen     360      15     536    17.86     7.83     4.21     2.57    58.56     7.5    22.7
dao-map/den901d                   129x128  rand    1000      14     550    26.03     8.79     4.18     2.22    56.46     6.4    25.4
dao-map/den901d                   129x128  scen     440      27    1249    31.33    11.03     6.13     3.30   125.38    11.4    38.0
dao-map/den998d                     62x86  rand    1000      17     207    10.41     6.40     3.44     2.27    21.30     3.3     9.4
dao-map/den998d                     62x86  scen     230      21     282    12.07     7.43     4.54     3.19    29.58     4.0     9.3
dao-map/hrt000d                   408x876  rand    1000     289   12432   161.58    53.09    45.62    29.68  1366.98    25.8    46.1
dao-map/hrt000d                   408x876  scen    2260     584   24205   219.40    86.14    82.88    56.87  2713.22    31.5    47.7
dao-map/hrt001d                   104x112  rand    1000      14     336    12.71     6.41     3.12     1.94    33.85     5.3    17.5
dao-map/hrt001d                   104x112  scen     320      23     571    15.87     7.87     4.73     2.81    56.14     7.1    20.0
dao-map/hrt002d                     49x50  rand    1000      13     118     8.32     5.42     2.42     1.74    13.26     2.4     7.6
dao-map/hrt002d                     49x50  scen     170      20     209     9.45     6.51     3.49     2.31    21.85     3.4     9.4
dao-map/hrt201d                   297x272  rand    1000     119    3106    44.82    23.56    17.08    11.54   314.87    13.4    27.3
dao-map/hrt201d                   297x272  scen    1100     212    5403    56.63    32.26    27.57    18.93   539.01    16.7    28.5
dao-map/hrt201n                   294x305  rand    1000     162    4329    51.75    28.53    22.43    14.95   425.09    14.9    28.4
dao-map/hrt201n                   294x305  scen    1180     213    5687    56.93    32.17    27.86    18.98   554.19    17.2    29.2
map                                  size   tag   pairs  JPSexp   A*exp      cC#       cC      wC#       wC     A*us   A*/cC   A*/wC
------------------------------------------------------------------------------------------------------------------------------------
dao-map/isound1                     55x63  rand    1000       5     287    16.72     6.81     2.36     1.14    28.29     4.2    24.7
dao-map/isound1                     55x63  scen     200       5     346    17.13     7.22     3.41     1.73    33.48     4.6    19.4
dao-map/lak100c                   538x793  rand    1000     240    8788    64.00    33.04    31.61    21.46   853.91    25.8    39.8
dao-map/lak100c                   538x793  scen    1920     353   12869    76.85    42.16    43.78    30.39  1251.72    29.7    41.2
dao-map/lak100d                   538x792  rand    1000     286    9230    72.79    40.98    37.72    25.90   893.10    21.8    34.5
dao-map/lak100d                   538x792  scen    2040     469   14556    96.18    54.52    58.01    40.75  1426.42    26.2    35.0
dao-map/lak100n                   538x793  rand    1000     282    8504    70.38    37.60    37.23    25.46   843.69    22.4    33.1
dao-map/lak100n                   538x793  scen    1910     416   12438    87.10    49.40    52.92    36.29  1237.74    25.1    34.1
dao-map/lak101d                     30x31  rand    1000       3      26     4.55     3.74     1.46     0.96     3.32     0.9     3.5
dao-map/lak101d                     30x31  scen      60       3      28     5.17     4.27     2.70     1.99     4.34     1.0     2.2
dao-map/lak102d                     38x30  rand    1000       7      61     5.95     4.60     1.97     1.39     6.83     1.5     4.9
dao-map/lak102d                     38x30  scen     100       8      74     6.07     4.72     2.60     1.79     8.30     1.8     4.6
dao-map/lak103d                     49x49  rand    1000      15     191     8.11     5.88     2.80     1.88    18.47     3.1     9.8
dao-map/lak103d                     49x49  scen     230      20     279     9.80     6.98     3.75     2.61    25.97     3.7     9.9
dao-map/lak104d                     41x41  rand    1000       7      67     6.53     4.73     2.03     1.42     7.49     1.6     5.3
dao-map/lak104d                     41x41  scen     120       8      90     7.67     5.72     3.27     2.30    10.50     1.8     4.6
dao-map/lak105d                     31x25  rand    1000       8      58     5.83     4.63     2.03     1.45     6.60     1.4     4.5
dao-map/lak105d                     31x25  scen      90       9      71     6.48     5.11     2.89     2.24     8.69     1.7     3.9
dao-map/lak106d                    97x113  rand    1000       7     156    10.12     5.01     2.30     1.35    15.86     3.2    11.8
dao-map/lak106d                    97x113  scen     230      11     283    11.32     5.80     3.28     2.14    28.39     4.9    13.3
dao-map/lak107d                     36x26  rand    1000       4      47     5.31     4.37     1.61     0.96     5.22     1.2     5.5
dao-map/lak107d                     36x26  scen     100       6      79     6.45     5.07     2.39     1.69     8.31     1.6     4.9
dao-map/lak108d                     27x26  rand    1000       4      28     4.57     3.83     1.61     1.09     3.62     0.9     3.3
dao-map/lak108d                     27x26  scen      60       5      28     5.06     4.25     2.75     2.20     4.36     1.0     2.0
dao-map/lak109d                     33x42  rand    1000       7      48     4.78     3.93     1.74     1.30     5.52     1.4     4.3
dao-map/lak109d                     33x42  scen     100       8      57     5.11     4.15     2.26     1.68     6.68     1.6     4.0
dao-map/lak110d                     30x21  rand    1000       4      19     3.69     3.37     1.43     1.10     2.64     0.8     2.4
dao-map/lak110d                     30x21  scen      50       4      19     4.60     4.23     2.81     2.35     3.60     0.9     1.5
dao-map/lak200d                   352x261  rand    1000      20     956    18.39     7.75     4.51     3.02    93.99    12.1    31.1
dao-map/lak200d                   352x261  scen     560      32    1722    18.99     8.54     6.14     3.65   160.64    18.8    44.0
dao-map/lak201d                   252x163  rand    1000      72    2283    29.35    15.91    10.56     6.92   216.37    13.6    31.3
dao-map/lak201d                   252x163  scen     790      85    2689    30.47    16.58    12.06     7.69   251.49    15.2    32.7
dao-map/lak202d                   159x182  rand    1000      44    1401    21.00    11.15     6.81     4.40   132.97    11.9    30.2
dao-map/lak202d                   159x182  scen     670      60    1962    24.61    12.88     8.48     5.48   185.28    14.4    33.8
dao-map/lak203d                   112x146  rand    1000      14     242     9.01     5.77     3.16     2.11    24.13     4.2    11.5
dao-map/lak203d                   112x146  scen     320      24     452    10.70     6.91     4.64     3.12    44.64     6.5    14.3
dao-map/lak250d                   257x257  rand    1000      10     162     9.66     5.50     3.00     1.91    16.72     3.0     8.7
dao-map/lak250d                   257x257  scen     270      21     358    10.76     6.65     4.85     3.13    35.73     5.4    11.4
dao-map/lak300d                   384x528  rand    1000      24     972    21.27     7.68     5.25     3.02    94.89    12.4    31.4
dao-map/lak300d                   384x528  scen     730      40    1747    25.85    10.17     8.32     4.75   181.66    17.9    38.2
dao-map/lak302d                   193x289  rand    1000      88    3419    36.11    18.38    12.40     8.01   329.88    18.0    41.2
dao-map/lak302d                   193x289  scen    1000     115    4526    39.86    19.83    15.06     9.78   433.25    21.9    44.3
dao-map/lak303d                   194x194  rand    1000     163    3470    56.28    30.82    21.38    14.56   324.38    10.5    22.3
dao-map/lak303d                   194x194  scen    1040     250    5141    66.06    37.26    30.51    20.63   458.57    12.3    22.2
dao-map/lak304d                   193x194  rand    1000     104    2726    45.24    22.62    15.13     9.63   280.11    12.4    29.1
dao-map/lak304d                   193x194  scen     750     156    3846    49.88    27.49    20.69    13.49   378.09    13.8    28.0
dao-map/lak307d                     84x84  rand    1000       6     171    16.65     6.13     2.75     1.57    16.92     2.8    10.8
dao-map/lak307d                     84x84  scen     200       6     198    17.14     6.11     4.05     1.95    19.15     3.1     9.8
dao-map/lak308d                   298x324  rand    1000     106    2591    30.85    17.94    13.54     9.12   252.34    14.1    27.7
dao-map/lak308d                   298x324  scen    1240     148    3594    35.13    20.21    17.37    11.69   347.36    17.2    29.7
map                                  size   tag   pairs  JPSexp   A*exp      cC#       cC      wC#       wC     A*us   A*/cC   A*/wC
------------------------------------------------------------------------------------------------------------------------------------
dao-map/lak400d                 1057x1057  rand    1000     143    5250    49.94    23.92    22.25    14.94   552.69    23.1    37.0
dao-map/lak400d                 1057x1057  scen    1320     202    7415    57.62    29.22    29.72    20.07   787.42    26.9    39.2
dao-map/lak401d                   401x593  rand    1000     270    9432    96.50    43.10    38.29    26.30   962.12    22.3    36.6
dao-map/lak401d                   401x593  scen    2180     392   13415   100.73    52.90    52.59    36.46  1365.20    25.8    37.4
dao-map/lak403d                   403x649  rand    1000      32    1407    35.12    10.95     6.99     4.14   133.57    12.2    32.2
dao-map/lak403d                   403x649  scen    1090      34    2252    34.37    10.72     7.30     4.17   203.57    19.0    48.9
dao-map/lak404d                    528x70  rand    1000      52    2208    30.79    14.74     8.71     5.70   218.98    14.9    38.4
dao-map/lak404d                    528x70  scen    1330      81    3501    38.72    18.90    12.23     7.76   352.65    18.7    45.5
dao-map/lak405d                  833x1006  rand    1000     402   12126    83.60    48.87    51.43    37.32  1191.55    24.4    31.9
dao-map/lak405d                  833x1006  scen    4040     519   15855    95.83    58.59    63.65    45.80  1556.44    26.6    34.0
dao-map/lak503d                   194x194  rand    1000     175    4716    81.94    33.09    23.17    15.36   522.43    15.8    34.0
dao-map/lak503d                   194x194  scen    1220     265    7030   105.99    44.65    35.98    28.40   797.65    17.9    28.1
dao-map/lak504d                   193x194  rand    1000      98    2615    41.12    21.49    13.98     9.40   257.53    12.0    27.4
dao-map/lak504d                   193x194  scen     720     138    3611    47.43    25.55    18.32    12.49   350.20    13.7    28.0
dao-map/lak505d                   194x195  rand    1000     191    3805    69.24    35.20    25.54    17.27   353.21    10.0    20.5
dao-map/lak505d                   194x195  scen     920     279    5551    80.69    42.75    35.49    23.98   499.04    11.7    20.8
dao-map/lak506d                   194x205  rand    1000     201    4062    57.48    32.75    24.97    17.01   372.11    11.4    21.9
dao-map/lak506d                   194x205  scen    1110     255    5149    64.10    36.97    30.44    20.71   467.38    12.6    22.6
dao-map/lak507d                     84x84  rand    1000       4     156    16.35     5.72     2.41     1.45    15.17     2.7    10.4
dao-map/lak507d                     84x84  scen     210       5     228    17.33     6.08     4.35     2.07    22.24     3.7    10.8
dao-map/lak510d                   287x253  rand    1000      15     553    15.08     6.65     3.93     2.38    51.90     7.8    21.8
dao-map/lak510d                   287x253  scen     420      18     740    15.25     7.18     4.80     2.84    67.87     9.4    23.9
dao-map/lak511d                   207x533  rand    1000      66    2380    41.75    16.86    11.58     7.17   245.49    14.6    34.2
dao-map/lak511d                   207x533  scen    1050     111    4379    47.87    20.60    16.34    10.41   459.96    22.3    44.2
dao-map/lak512d                   297x658  rand    1000     205    6744    78.49    33.58    45.51    22.83   860.23    25.6    37.7
dao-map/lak512d                   297x658  scen    2100     288    9621    94.07    43.76    51.28    32.28  1238.83    28.3    38.4
dao-map/lak513d                   389x637  rand    1000      59    2435    38.52    16.41    11.32     6.86   239.75    14.6    35.0
dao-map/lak513d                   389x637  scen     880      65    2918    35.53    15.53    12.42     7.40   290.71    18.7    39.3
dao-map/lak514d                   409x339  rand    1000      11     399    18.11     7.29     4.53     2.41    39.83     5.5    16.5
dao-map/lak514d                   409x339  scen     420      17     926    18.12     7.94     7.13     3.37    92.58    11.7    27.5
dao-map/lak515d                   114x112  rand    1000       6      84     9.22     4.83     2.11     1.64     9.34     1.9     5.7
dao-map/lak515d                   114x112  scen     180       8     147    10.46     5.34     3.82     1.99    15.13     2.8     7.6
dao-map/lak519d                   168x145  rand    1000      27     873    32.37    11.43     6.13     3.74    87.66     7.7    23.4
dao-map/lak519d                   168x145  scen     480      39    1448    36.67    13.59     8.34     4.91   149.88    11.0    30.5
dao-map/lak526d                   129x124  rand    1000      10     129     6.28     4.42     2.10     2.00    13.24     3.0     6.6
dao-map/lak526d                   129x124  scen     210      14     201     7.70     5.10     3.45     2.19    19.33     3.8     8.8
dao-map/lgt101d                     44x28  rand    1000      10      57     5.60     4.66     2.27     1.63     6.46     1.4     4.0
dao-map/lgt101d                     44x28  scen     110      14      83     6.47     5.39     3.29     2.43     9.38     1.7     3.9
dao-map/lgt300d                   531x747  rand    1000     183    5661    65.39    29.52    26.35    17.98   586.43    19.9    32.6
dao-map/lgt300d                   531x747  scen    1730     316    9251    85.18    42.10    41.30    29.25   985.15    23.4    33.7
dao-map/lgt600d                   643x645  rand    1000      18    1477    23.91     7.99     4.99     2.80   147.33    18.4    52.6
dao-map/lgt600d                   643x645  scen     940      41    4129    28.56    10.75     8.31     4.54   432.25    40.2    95.2
dao-map/lgt601d                   258x258  rand    1000      30    1542    47.63    13.34     7.71     4.06   155.50    11.7    38.3
dao-map/lgt601d                   258x258  scen     800      40    2429    51.61    15.81     9.50     5.47   243.28    15.4    44.5
dao-map/lgt602d                   266x277  rand    1000     110    4729    65.79    25.71    16.89    10.78   475.21    18.5    44.1
dao-map/lgt602d                   266x277  scen     980     147    6379    69.75    28.60    21.10    13.55   642.48    22.5    47.4
dao-map/lgt603d                   261x262  rand    1000     183    7059    68.08    31.48    23.45    15.23   658.59    20.9    43.2
dao-map/lgt603d                   261x262  scen    1480     248    9568    75.85    36.01    29.04    19.29   888.18    24.7    46.1
dao-map/lgt604d                   258x252  rand    1000      24    1270    24.75     9.51     4.80     2.83   124.42    13.1    43.9
dao-map/lgt604d                   258x252  scen     770      42    2259    27.52    11.96     7.37     4.21   219.74    18.4    52.2
map                                  size   tag   pairs  JPSexp   A*exp      cC#       cC      wC#       wC     A*us   A*/cC   A*/wC
------------------------------------------------------------------------------------------------------------------------------------
dao-map/lgt605d                   107x125  rand    1000       5     166    12.71     5.10     2.01     1.19    16.76     3.3    14.1
dao-map/lgt605d                   107x125  scen     220       6     204    12.49     5.24     2.97     1.53    19.74     3.8    12.9
dao-map/orz000d                    79x137  rand    1000       9     283    16.39     6.01     2.60     1.61    27.71     4.6    17.2
dao-map/orz000d                    79x137  scen     320      12     419    18.20     6.80     3.85     2.22    40.55     6.0    18.3
dao-map/orz100d                   412x395  rand    1000     704   25498   252.92   110.30   105.57    69.55  2642.70    24.0    38.0
dao-map/orz100d                   412x395  scen    2420     999   35138   286.09   133.67   133.70    95.02  3533.41    26.4    37.2
dao-map/orz101d                     48x95  rand    1000      10     167     9.58     5.61     2.54     1.70    16.77     3.0     9.8
dao-map/orz101d                     48x95  scen     210      11     196    10.55     6.12     3.52     2.36    19.91     3.3     8.5
dao-map/orz102d                     46x47  rand    1000       5      57     6.25     4.30     1.86     1.31     6.43     1.5     4.9
dao-map/orz102d                     46x47  scen     110       6      71     7.25     5.08     3.07     2.26     8.50     1.7     3.8
dao-map/orz103d                   463x456  rand    1000     590   15281   111.13    68.86    69.60    47.72  1392.51    20.2    29.2
dao-map/orz103d                   463x456  scen    3790     778   20125   131.54    81.79    88.67    61.45  1812.09    22.2    29.5
dao-map/orz105d                     47x60  rand    1000       5      54     6.28     4.04     1.73     1.27     6.03     1.5     4.7
dao-map/orz105d                     47x60  scen     120       6      71     7.16     4.67     2.75     2.03     8.14     1.7     4.0
dao-map/orz106d                     25x33  rand    1000       4      25     4.61     3.69     1.59     1.19     3.46     0.9     2.9
dao-map/orz106d                     25x33  scen      70       5      33     5.27     4.27     2.57     1.91     4.71     1.1     2.5
dao-map/orz107d                     34x48  rand    1000       5      56     6.33     4.35     1.72     1.24     6.22     1.4     5.0
dao-map/orz107d                     34x48  scen     100       5      64     6.46     4.53     2.50     1.62     7.26     1.6     4.5
dao-map/orz200d                   272x260  rand    1000      44     727    16.56     9.94     6.86     4.62    73.76     7.4    16.0
dao-map/orz200d                   272x260  scen     510      75    1273    20.70    12.73    10.32     6.92   125.25     9.8    18.1
dao-map/orz201d                     47x45  rand    1000       8      83     6.87     4.78     2.18     1.53     9.18     1.9     6.0
dao-map/orz201d                     47x45  scen     120       9     101     7.84     5.72     3.32     2.38    11.41     2.0     4.8
dao-map/orz203d                     19x35  rand    1000       3      20     4.22     3.55     1.48     1.11     2.71     0.8     2.4
dao-map/orz203d                     19x35  scen      60       3      27     5.15     3.95     2.53     1.49     4.03     1.0     2.7
dao-map/orz300d                   649x386  rand    1000     303   12110   119.03    52.72    45.18    29.88  1267.52    24.0    42.4
dao-map/orz300d                   649x386  scen    1560     429   16548   131.32    63.67    60.32    40.61  1733.34    27.2    42.7
dao-map/orz301d                   120x180  rand    1000      22     479    15.80     7.89     4.13     2.96    47.76     6.1    16.1
dao-map/orz301d                   120x180  scen     390      25     589    16.61     7.98     5.65     3.05    58.28     7.3    19.1
dao-map/orz302d                   146x145  rand    1000      18     695    16.69     7.94     4.06     2.33    67.53     8.5    29.0
dao-map/orz302d                   146x145  scen     490      27    1120    18.04     9.11     5.33     3.28   107.25    11.8    32.7
dao-map/orz303d                   390x267  rand    1000      93    3710    43.47    21.04    15.95     9.82   369.82    17.6    37.6
dao-map/orz303d                   390x267  scen    1140     132    5271    47.01    24.13    19.70    12.74   537.59    22.3    42.2
dao-map/orz304d                    75x155  rand    1000      21     521    22.37    10.17     6.13     3.40    70.49     6.9    20.7
dao-map/orz304d                    75x155  scen     380      24     681    18.99    12.77     5.32     4.90    76.76     6.0    15.7
dao-map/orz500d                   303x342  rand    1000      33    1234    36.33    11.52     7.52     4.38   148.93    12.9    34.0
dao-map/orz500d                   303x342  scen     860      57    2132    45.05    20.19    10.52     9.38   242.54    12.0    25.9
dao-map/orz601d                    107x47  rand    1000      11     214    12.87     6.27     4.14     2.05    23.98     3.8    11.7
dao-map/orz601d                    107x47  scen     240      12     287    10.03     9.16     3.43     3.52    40.10     4.4    11.4
dao-map/orz700d                 1104x1260  rand    1000     631   20770   182.43   103.79   112.02    74.52  2660.67    25.6    35.7
dao-map/orz700d                 1104x1260  scen    3880     923   29546   172.09   105.13   119.90    89.13  2970.41    28.3    33.3
dao-map/orz701d                   839x722  rand    1000     372   11602    79.07    45.93    47.66    33.58  1097.64    23.9    32.7
dao-map/orz701d                   839x722  scen    3040     517   16201    96.86    57.88    63.29    45.08  1527.07    26.4    33.9
dao-map/orz702d                   718x939  rand    1000     829   20150   180.41   100.72   108.35    78.22  1966.84    19.5    25.1
dao-map/orz702d                   718x939  scen    4130    1412   33436   254.53   153.40   179.41   130.83  3240.98    21.1    24.8
dao-map/orz703d                   652x502  rand    1000     116    9721    76.82    26.07    21.03    12.28   962.35    36.9    78.4
dao-map/orz703d                   652x502  scen    2240     206   16829    87.86    34.25    30.28    19.70  1685.16    49.2    85.5
dao-map/orz704d                     84x46  rand    1000       5     101     8.86     4.93     2.02     1.32    10.26     2.1     7.8
dao-map/orz704d                     84x46  scen     200       6     178     9.33     5.27     2.91     1.68    16.70     3.2     9.9
dao-map/orz800d                   868x844  rand    1000     147   11440    58.92    24.19    22.58    14.30  1098.33    45.4    76.8
dao-map/orz800d                   868x844  scen    3690     225   16253    66.45    29.58    28.27    19.22  1536.34    51.9    79.9
map                                  size   tag   pairs  JPSexp   A*exp      cC#       cC      wC#       wC     A*us   A*/cC   A*/wC
------------------------------------------------------------------------------------------------------------------------------------
dao-map/orz900d                  1491x656  rand    1000     885   35731   165.96   100.76   112.76    80.63  3278.14    32.5    40.7
dao-map/orz900d                  1491x656  scen    7070    1247   50061   207.26   132.32   153.44   111.28  4611.20    34.8    41.4
dao-map/orz901d                   601x678  rand    1000     490   15590   103.32    57.21    60.11    41.81  1436.09    25.1    34.3
dao-map/orz901d                   601x678  scen    4190     680   21701   125.53    71.87    78.76    55.19  1987.49    27.7    36.0
dao-map/orz999d                   632x698  rand    1000      78    6997    52.35    17.98    13.87     8.44   694.63    38.6    82.3
dao-map/orz999d                   632x698  scen    2430     118   10704    57.59    22.22    17.38    12.03  1061.31    47.8    88.3
dao-map/ost000a                   487x969  rand    1000    1038   20562   283.23   140.57   142.32   101.25  2109.51    15.0    20.8
dao-map/ost000a                   487x969  scen    2520    1322   25418   306.57   163.27   175.47   126.67  2601.37    15.9    20.5
dao-map/ost000t                   487x971  rand    1000     977   19696   271.36   131.07   135.75    96.55  2017.28    15.4    20.9
dao-map/ost000t                   487x971  scen    2620    1345   26646   300.72   161.82   181.22   129.84  2727.48    16.9    21.0
dao-map/ost001d                   194x194  rand    1000      64    1860    31.88    15.42     9.84     6.49   181.49    11.8    28.0
dao-map/ost001d                   194x194  scen     620      96    2780    38.03    19.60    13.63    10.10   273.88    14.0    27.1
dao-map/ost002d                   181x145  rand    1000      78    1423    35.96    17.66    11.67     7.88   138.17     7.8    17.5
dao-map/ost002d                   181x145  scen     610     128    2302    45.21    23.91    17.51    11.89   217.05     9.1    18.3
dao-map/ost003d                   194x194  rand    1000     103    3095    45.50    22.04    14.78     9.58   282.64    12.8    29.5
dao-map/ost003d                   194x194  scen     810     142    4256    49.81    25.47    18.98    12.41   375.49    14.7    30.3
dao-map/ost004d                     84x84  rand    1000       7     165    15.68     6.10     2.81     1.68    16.48     2.7     9.8
dao-map/ost004d                     84x84  scen     210       8     235    17.82     6.91     4.49     2.46    23.36     3.4     9.5
dao-map/ost100d                 1024x1025  rand    1000    1201   22498   280.63   156.58   165.07   123.35  2423.87    15.5    19.7
dao-map/ost100d                 1024x1025  scen    2930    2098   37626   402.32   247.15   280.54   213.09  4036.34    16.3    18.9
dao-map/ost101d                   768x704  rand    1000      11     325     8.91     4.77     2.90     1.98    32.72     6.9    16.5
dao-map/ost101d                   768x704  scen     290      14     449     9.16     4.91     3.73     2.37    44.92     9.1    18.9
dao-map/ost102d                     28x22  rand    1000       4      22     4.30     3.85     1.55     1.19     3.09     0.8     2.6
dao-map/ost102d                     28x22  scen      60       4      27     5.20     4.59     2.81     2.23     4.42     1.0     2.0
dao-map/oth000d                   384x384  rand    1000      78    4419    35.23    15.57    11.04     6.88   419.18    26.9    60.9
dao-map/oth000d                   384x384  scen    1750     123    7164    39.86    18.44    14.69     9.33   664.38    36.0    71.2
dao-map/oth001d                   384x382  rand    1000      14     217    11.66     6.14     3.99     2.61    22.34     3.6     8.6
dao-map/oth001d                   384x382  scen     310      23     419    13.25     7.36     6.46     4.02    41.94     5.7    10.4
dao-map/oth999d                     49x32  rand    1000       2      72     9.06     5.06     1.98     1.27     7.95     1.6     6.2
dao-map/oth999d                     49x32  scen     140       2     108     9.91     5.76     3.09     1.78    11.19     1.9     6.3
dao-map/rmtst                      182x50  rand    1000      15     478    15.75     7.92     3.71     2.38    45.79     5.8    19.2
dao-map/rmtst                      182x50  scen     440      20     703    18.84     9.45     5.53     3.30    68.53     7.3    20.7
dao-map/rmtst01                    182x50  rand    1000      15     493    17.30     8.40     4.23     2.88    48.07     5.7    16.7
dao-map/rmtst01                    182x50  scen     440      20     722    18.78     9.26     4.96     3.08    68.58     7.4    22.2
dao-map/rmtst03                    182x49  rand    1000      15     513    16.69     8.12     3.86     2.41    49.03     6.0    20.4
dao-map/rmtst03                    182x49  scen     450      19     707    18.33     9.20     5.07     2.98    66.25     7.2    22.2
mapf-map/Berlin_1_256             256x256  rand    1000     102    3489    67.04    25.33    15.91    10.39   367.69    14.5    35.4
mapf-map/Berlin_1_256             256x256  scen   24148     179    5794    92.46    36.08    22.23    15.80   628.88    17.4    39.8
mapf-map/Boston_0_256             256x256  rand    1000     128    3543    70.79    33.23    21.03    14.00   367.63    11.1    26.3
mapf-map/Boston_0_256             256x256  scen   23719     215    5540    99.15    46.97    29.70    21.56   580.01    12.3    26.9
mapf-map/brc202d                  530x481  rand    1000     423   11846   100.81    56.60    54.89    38.66  1136.23    20.1    29.4
mapf-map/brc202d                  530x481  scen   62029     562   15670   120.29    69.64    69.23    50.05  1485.28    21.3    29.7
mapf-map/den312d                    65x81  rand    1000      22     343    11.95     7.26     3.72     2.45    34.11     4.7    13.9
mapf-map/den312d                    65x81  scen    7082      29     488    14.55     8.68     4.36     2.85    48.99     5.6    17.2
mapf-map/den520d                  256x257  rand    1000      75    3381    56.57    20.60    12.99     8.04   343.15    16.7    42.7
mapf-map/den520d                  256x257  scen   21640     101    4608    66.16    24.62    14.50     9.88   472.72    19.2    47.8
mapf-map/empty-16-16                16x16  rand    1000       2      17     4.06     3.55     1.45     1.08     2.61     0.7     2.4
mapf-map/empty-16-16                16x16  scen    2992       2      18     4.16     3.62     1.36     1.06     2.60     0.7     2.5
mapf-map/empty-32-32                32x32  rand    1000       2      48     7.26     4.58     1.80     1.16     5.56     1.2     4.8
mapf-map/empty-32-32                32x32  scen   12736       2      48     7.23     4.60     1.65     1.21     5.53     1.2     4.6
map                                  size   tag   pairs  JPSexp   A*exp      cC#       cC      wC#       wC     A*us   A*/cC   A*/wC
------------------------------------------------------------------------------------------------------------------------------------
mapf-map/empty-48-48                48x48  rand    1000       2      95    16.10     6.62     2.97     1.69    10.86     1.6     6.4
mapf-map/empty-48-48                48x48  scen   28731       2      89    12.81     5.71     2.01     1.24     9.25     1.6     7.5
mapf-map/empty-8-8                    8x8  rand    1000       2       7     2.94     2.26     0.99     0.71     1.27     0.6     1.8
mapf-map/empty-8-8                    8x8  scen     585       2       6     2.75     2.31     1.36     0.77     1.32     0.6     1.7
mapf-map/ht_chantry               162x141  rand    1000      44    1230    24.26    12.54     7.77     5.13   119.02     9.5    23.2
mapf-map/ht_chantry               162x141  scen   11513      57    1571    28.50    14.87     8.72     5.74   153.90    10.4    26.8
mapf-map/ht_mansion_n             133x270  rand    1000      43    1252    23.03    11.69     7.25     4.73   123.78    10.6    26.2
mapf-map/ht_mansion_n             133x270  scen   14015      62    1928    28.65    14.58     8.90     5.90   188.62    12.9    32.0
mapf-map/lak303d                  194x194  rand    1000     163    3470    55.91    30.18    21.37    14.87   322.45    10.7    21.7
mapf-map/lak303d                  194x194  scen   25657     251    5121    73.58    40.38    31.12    21.08   456.57    11.3    21.7
mapf-map/lt_gallowstemplar_n      251x180  rand    1000      51    1352    25.85    13.00     8.64     5.74   133.03    10.2    23.2
mapf-map/lt_gallowstemplar_n      251x180  scen   15399      62    1672    28.75    14.22     9.10     6.34   166.45    11.7    26.3
mapf-map/maze-128-128-1           128x128  rand    1000     880    3228    99.58    73.51    78.16    53.50   203.61     2.8     3.8
mapf-map/maze-128-128-1           128x128  scen   48648     885    3241   101.60    75.38    79.33    54.89   206.18     2.7     3.8
mapf-map/maze-128-128-10          128x128  rand    1000      37    4683    42.52    19.33     8.08     4.42   431.79    22.3    97.6
mapf-map/maze-128-128-10          128x128  scen   27046      47    6269    49.83    22.51     8.81     4.95   572.30    25.4   115.7
mapf-map/maze-128-128-2           128x128  rand    1000     757    4929   102.38    74.82    69.53    48.14   370.22     4.9     7.7
mapf-map/maze-128-128-2           128x128  scen   64662     748    4869   100.81    73.22    68.13    48.12   366.44     5.0     7.6
mapf-map/maze-32-32-2               32x32  rand    1000      40     241     9.76     7.58     4.75     3.18    19.66     2.6     6.2
mapf-map/maze-32-32-2               32x32  scen    4613      40     244     9.76     7.46     4.71     3.22    19.86     2.7     6.2
mapf-map/maze-32-32-4               32x32  rand    1000      13     227     9.05     6.98     2.80     1.85    21.02     3.0    11.3
mapf-map/maze-32-32-4               32x32  scen    3273      15     281    10.32     7.46     3.26     2.26    25.18     3.4    11.1
mapf-map/orz900d                 1491x656  rand    1000     885   35731   164.17   101.99   112.94    81.05  3298.40    32.3    40.7
mapf-map/orz900d                 1491x656  scen  161069    1161   46684   201.38   126.09   143.54   104.18  4322.19    34.3    41.5
mapf-map/ost003d                  194x194  rand    1000     103    3095    45.63    22.34    14.75     9.79   284.10    12.7    29.0
mapf-map/ost003d                  194x194  scen   20476     142    4244    55.13    27.23    18.43    12.41   376.65    13.8    30.4
mapf-map/Paris_1_256              256x256  rand    1000     157    3762    78.27    34.87    22.77    15.54   401.33    11.5    25.8
mapf-map/Paris_1_256              256x256  scen   26387     377    8099   137.81    64.92    46.94    33.80   877.35    13.5    26.0
mapf-map/random-32-32-10            32x32  rand    1000      18      51     6.83     5.46     3.29     2.35     6.24     1.1     2.7
mapf-map/random-32-32-10            32x32  scen    2547      23      66     8.46     6.17     3.92     2.78     7.67     1.2     2.8
mapf-map/random-32-32-20            32x32  rand    1000      31      73     8.90     6.86     4.93     3.55     8.48     1.2     2.4
mapf-map/random-32-32-20            32x32  scen     971      50     119    11.97     9.37     7.17     5.43    13.26     1.4     2.4
mapf-map/random-64-64-10            64x64  rand    1000      50     153    14.24    10.48     7.90     6.11    17.51     1.7     2.9
mapf-map/random-64-64-10            64x64  scen    5155      72     214    19.50    13.66    10.51     7.88    23.71     1.7     3.0
mapf-map/random-64-64-20            64x64  rand    1000      95     229    21.35    16.30    13.75     9.88    25.68     1.6     2.6
mapf-map/random-64-64-20            64x64  scen    2483     187     436    37.94    28.56    24.63    18.45    48.19     1.7     2.6
mapf-map/room-32-32-4               32x32  rand    1000      28      93     9.15     7.32     4.81     3.36     9.86     1.3     2.9
mapf-map/room-32-32-4               32x32  scen    2998      36     118    10.19     8.10     5.63     3.92    12.25     1.5     3.1
mapf-map/room-64-64-16              64x64  rand    1000      29     857    22.41    12.29     5.81     3.61    81.99     6.7    22.7
mapf-map/room-64-64-16              64x64  scen    9942      40    1263    28.23    15.44     7.27     4.38   116.58     7.6    26.6
mapf-map/room-64-64-8               64x64  rand    1000      44     549    18.39    12.31     7.42     4.88    53.12     4.3    10.9
mapf-map/room-64-64-8               64x64  scen    7604      60     779    23.28    15.40     9.16     6.03    74.05     4.8    12.3
mapf-map/warehouse-10-20-10-2~     161x63  rand    1000      36     534    19.13     9.64     6.23     4.12    35.96     3.7     8.7
mapf-map/warehouse-10-20-10-2~     161x63  scen   11168      46     692    23.15    11.27     7.08     4.75    45.78     4.1     9.6
mapf-map/warehouse-10-20-10-2~     170x84  rand    1000     155     898    35.85    21.82    18.32    12.77    79.34     3.6     6.2
mapf-map/warehouse-10-20-10-2~     170x84  scen   12226     215    1208    45.91    27.70    23.40    16.65   106.54     3.8     6.4
mapf-map/warehouse-20-40-10-2~    321x123  rand    1000     129    2077    58.13    23.37    19.03    11.64   132.16     5.7    11.4
mapf-map/warehouse-20-40-10-2~    321x123  scen   22737     163    2705    65.54    27.61    20.94    14.12   173.54     6.3    12.3
mapf-map/warehouse-20-40-10-2~    340x164  rand    1000     616    3218   120.67    70.92    73.04    48.03   288.29     4.1     6.0
mapf-map/warehouse-20-40-10-2~    340x164  scen   24990     953    4783   169.11    99.81    99.71    70.27   423.87     4.2     6.0
map                                  size   tag   pairs  JPSexp   A*exp      cC#       cC      wC#       wC     A*us   A*/cC   A*/wC
------------------------------------------------------------------------------------------------------------------------------------
mapf-map/w_woundedcoast           642x578  rand    1000     191    7419    50.76    28.29    25.51    16.98   716.74    25.3    42.2
mapf-map/w_woundedcoast           642x578  scen   52517     237    9404    57.21    32.49    29.36    20.31   900.36    27.7    44.3
sc1-map/AcrosstheCape             768x768  rand    1000     466   43787   303.88    95.72    77.25    47.88  4807.97    50.2   100.4
sc1-map/AcrosstheCape             768x768  scen    3150     691   62575   316.69   112.71    98.53    67.33  6967.22    61.8   103.5
sc1-map/Aftershock                512x512  rand    1000     191   15715   169.88    50.07    36.60    20.66  1694.94    33.8    82.0
sc1-map/Aftershock                512x512  scen    1920     254   21459   174.88    55.10    40.77    25.75  2387.91    43.3    92.7
sc1-map/Archipelago               512x512  rand    1000     200   16320   130.07    48.08    34.38    21.22  1771.69    36.9    83.5
sc1-map/Archipelago               512x512  scen    2310     357   29061   155.07    63.30    51.70    34.81  3214.37    50.8    92.3
sc1-map/ArcticStation             768x768  rand    1000    1150   82382   385.84   161.70   157.79   106.19  8557.28    52.9    80.6
sc1-map/ArcticStation             768x768  scen    4300    1688  118252   450.31   210.81   217.07   156.53 12429.10    59.0    79.4
sc1-map/Aurora                   1024x768  rand    1000    1219   57023   368.65   175.81   155.56   111.18  6508.12    37.0    58.5
sc1-map/Aurora                   1024x768  scen    3250    1878   83584   435.38   231.65   227.70   169.80  9787.08    42.2    57.6
sc1-map/Backwoods                 768x512  rand    1000     867   29785   260.15   122.34   118.68    80.59  3075.48    25.1    38.2
sc1-map/Backwoods                 768x512  scen    2540     894   30700   241.26   117.32   117.23    81.72  3189.93    27.2    39.0
sc1-map/BigGameHunters            512x512  rand    1000     125   17638   144.00    39.47    29.26    14.46  1824.14    46.2   126.2
sc1-map/BigGameHunters            512x512  scen    1890     127   18897   131.84    36.86    25.97    13.88  1994.79    54.1   143.7
sc1-map/BlackLotus                768x768  rand    1000     830   63565   262.40   117.43   114.36    77.12  6826.62    58.1    88.5
sc1-map/BlackLotus                768x768  scen    4130    1234   89927   306.60   151.91   156.77   112.01  9666.47    63.6    86.3
sc1-map/BlastFurnace              768x768  rand    1000     620   45191   333.21   112.69    98.27    63.00  4949.15    43.9    78.6
sc1-map/BlastFurnace              768x768  scen    3390    1074   76509   387.04   156.50   150.21   106.29  8570.64    54.8    80.6
sc1-map/BrokenSteppes             768x768  rand    1000     294   31444   252.17    73.84    57.33    32.26  3563.08    48.3   110.5
sc1-map/BrokenSteppes             768x768  scen    3000     564   56689   294.52    99.51    84.74    56.85  6629.52    66.6   116.6
sc1-map/Brushfire                 512x512  rand    1000     354   20568   145.73    58.68    49.45    32.28  2122.55    36.2    65.8
sc1-map/Brushfire                 512x512  scen    2180     394   22396   142.24    59.81    51.99    35.11  2335.98    39.1    66.5
sc1-map/Caldera                   512x512  rand    1000      99   10682   137.85    35.66    25.10    12.27  1163.22    32.6    94.8
sc1-map/Caldera                   512x512  scen    1840     160   17122   151.08    42.47    29.65    17.55  1910.88    45.0   108.9
sc1-map/CatwalkAlley              512x512  rand    1000    1047   47516   268.14   132.40   125.60    85.72  4932.78    37.3    57.5
sc1-map/CatwalkAlley              512x512  scen    2720    1271   57558   282.31   145.67   144.17   101.42  6053.16    41.6    59.7
sc1-map/Cauldron                1024x1024  rand    1000    1069   66468   439.07   186.48   160.15   110.81  7700.40    41.3    69.5
sc1-map/Cauldron                1024x1024  scen    4050    1841  107414   535.08   262.04   255.00   189.20 12683.41    48.4    67.0
sc1-map/CrashSites                768x768  rand    1000     290   22824   161.06    56.13    48.00    29.96  2565.21    45.7    85.6
sc1-map/CrashSites                768x768  scen    2690     438   35709   186.84    69.75    63.90    43.85  4114.54    59.0    93.8
sc1-map/CrescentMoon              512x512  rand    1000     106   13745   124.04    33.50    22.88    12.51  1424.43    42.5   113.9
sc1-map/CrescentMoon              512x512  scen    1920     151   21009   128.83    37.40    26.52    16.10  2271.55    60.7   141.1
sc1-map/Crossroads                768x768  rand    1000     313   32912   311.47    81.74    64.41    36.59  3613.60    44.2    98.8
sc1-map/Crossroads                768x768  scen    2960     421   45430   328.75    92.67    70.85    46.84  5011.76    54.1   107.0
sc1-map/DarkContinent             512x768  rand    1000     375   36841   249.79    78.55    62.77    38.02  4042.38    51.5   106.3
sc1-map/DarkContinent             512x768  scen    2650     496   49046   255.38    88.19    71.89    48.21  5530.15    62.7   114.7
sc1-map/Desolation                512x512  rand    1000     154   12932   155.68    43.12    31.44    17.20  1382.10    32.1    80.3
sc1-map/Desolation                512x512  scen    1900     214   18314   168.01    48.62    35.07    22.40  1983.29    40.8    88.5
sc1-map/EbonLakes                 512x512  rand    1000     246   20253   157.15    54.54    40.93    24.60  2181.07    40.0    88.7
sc1-map/EbonLakes                 512x512  scen    2010     344   28209   166.00    62.53    49.80    32.83  3093.79    49.5    94.2
sc1-map/Elderlands                768x768  rand    1000     391   26031   296.00    88.82    73.94    43.65  2829.91    31.9    64.8
sc1-map/Elderlands                768x768  scen    2780     507   31683   297.23    97.73    82.73    55.54  3635.41    37.2    65.5
sc1-map/Enigma                    768x768  rand    1000     853   43751   211.81   109.28   107.32    74.79  4612.06    42.2    61.7
sc1-map/Enigma                    768x768  scen    3370    1019   50948   220.85   119.79   121.63    88.84  5365.93    44.8    60.4
sc1-map/Entanglement              512x512  rand    1000     197    9945   135.09    46.57    33.42    21.21  1087.65    23.4    51.3
sc1-map/Entanglement              512x512  scen    1820     365   17678   162.25    64.38    52.12    36.20  2017.81    31.3    55.7
sc1-map/Eruption                  512x512  rand    1000     255   18034   153.28    55.08    43.12    25.76  1908.86    34.7    74.1
sc1-map/Eruption                  512x512  scen    1920     329   22727   151.10    59.00    49.58    31.90  2487.27    42.2    78.0
map                                  size   tag   pairs  JPSexp   A*exp      cC#       cC      wC#       wC     A*us   A*/cC   A*/wC
------------------------------------------------------------------------------------------------------------------------------------
sc1-map/Expedition              1024x1024  rand    1000     690   34208   384.84   137.90   116.14    75.76  3882.63    28.2    51.2
sc1-map/Expedition              1024x1024  scen    3580    1414   58420   478.60   213.04   198.52   149.00  6946.61    32.6    46.6
sc1-map/FireWalker                512x384  rand    1000     328   27703   165.49    60.03    48.33    29.32  2754.03    45.9    93.9
sc1-map/FireWalker                512x384  scen    2550     392   33547   165.38    63.54    51.68    33.64  3371.37    53.1   100.2
sc1-map/FloodedPlains             768x768  rand    1000     437   32243   228.09    83.91    70.52    44.22  3737.15    44.5    84.5
sc1-map/FloodedPlains             768x768  scen    3050     768   53661   269.89   113.97   106.52    74.08  6388.67    56.1    86.2
sc1-map/GhostTown                 768x512  rand    1000     357   16815   249.02    73.69    56.61    34.45  1782.06    24.2    51.7
sc1-map/GhostTown                 768x512  scen    2510     973   39457   357.04   137.20   124.19    88.89  4386.71    32.0    49.3
sc1-map/GladiatorPits             768x512  rand    1000     367   34616   221.56    74.45    58.97    35.60  3736.71    50.2   105.0
sc1-map/GladiatorPits             768x512  scen    2710     544   49954   240.00    90.05    73.70    50.36  5610.75    62.3   111.4
sc1-map/GreenerPastures           768x512  rand    1000     177   24396   270.24    59.30    40.19    20.59  2585.20    43.6   125.5
sc1-map/GreenerPastures           768x512  scen    2700     343   46428   306.65    77.51    56.29    35.49  5113.37    66.0   144.1
sc1-map/Hellfire                  768x768  rand    1000     294   29469   216.59    67.32    52.92    30.71  3296.35    49.0   107.3
sc1-map/Hellfire                  768x768  scen    3030     462   45963   237.65    84.65    69.64    45.97  5410.25    63.9   117.7
sc1-map/HotZone                   512x512  rand    1000     126   12684   141.53    39.90    28.49    14.85  1390.67    34.9    93.6
sc1-map/HotZone                   512x512  scen    1850     166   17275   143.30    43.11    31.15    18.16  1938.42    45.0   106.7
sc1-map/IceFloes                  384x384  rand    1000     283   14620   121.65    51.03    40.40    25.78  1492.07    29.2    57.9
sc1-map/IceFloes                  384x384  scen    1680     417   21097   136.43    62.23    54.27    36.36  2176.60    35.0    59.9
sc1-map/IceMountain               512x512  rand    1000     934   43743   340.78   142.61   130.81    91.00  4430.67    31.1    48.7
sc1-map/IceMountain               512x512  scen    3580    1496   68454   413.65   197.39   200.83   142.03  6998.45    35.5    49.3
sc1-map/Inferno                   768x768  rand    1000    2114   99176   432.36   239.53   261.84   182.49 10213.23    42.6    56.0
sc1-map/Inferno                   768x768  scen    6010    2546  120055   478.04   272.74   307.93   216.81 12406.88    45.5    57.2
sc1-map/Isolation                 512x512  rand    1000     157   20916   198.70    51.00    35.28    18.25  2228.28    43.7   122.1
sc1-map/Isolation                 512x512  scen    2090     298   37515   221.10    66.41    48.30    30.38  3930.32    59.2   129.4
sc1-map/JungleSiege               768x768  rand    1000     867   67521   297.31   121.71   118.49    78.56  7148.57    58.7    91.0
sc1-map/JungleSiege               768x768  scen    3490    1074   83631   314.16   137.94   137.72    95.97  8957.64    64.9    93.3
sc1-map/Labyrinth                768x1024  rand    1000     804   69278   301.65   116.56   119.78    74.59  7713.89    66.2   103.4
sc1-map/Labyrinth                768x1024  scen    4440    1029   87711   312.28   134.25   136.96    93.71  9850.12    73.4   105.1
sc1-map/LakeShore                 768x768  rand    1000     938   76268   336.54   141.48   135.17    90.04  9818.21    69.4   109.0
sc1-map/LakeShore                 768x768  scen    3950    1449  114189   404.11   188.69   193.72   136.98 14636.43    77.6   106.9
sc1-map/Legacy                    512x512  rand    1000    1209   21650   331.76   166.55   163.21   116.65  2331.66    14.0    20.0
sc1-map/Legacy                    512x512  scen    2060    1831   29486   401.19   223.20   232.51   171.05  3225.52    14.5    18.9
sc1-map/Medusa                    768x768  rand    1000     803   48518   290.16   123.07   114.92    76.88  5383.41    43.7    70.0
sc1-map/Medusa                    768x768  scen    3360    1281   72374   340.94   166.57   172.52   120.42  8264.86    49.6    68.6
sc1-map/Nightshade               1024x768  rand    1000     484   44984   285.32   101.79    80.59    51.26  5074.43    49.9    99.0
sc1-map/Nightshade               1024x768  scen    3610     785   71077   321.28   130.29   110.81    78.30  8374.26    64.3   107.0
sc1-map/NovaStation               512x512  rand    1000     439   24560   136.88    62.03    57.07    37.62  2619.89    42.2    69.6
sc1-map/NovaStation               512x512  scen    2770     512   28806   141.92    67.73    63.13    43.17  3112.03    46.0    72.1
sc1-map/Octopus                 1024x1024  rand    1000     654   40735   264.89   116.71   110.25    69.08  4699.13    40.3    68.0
sc1-map/Octopus                 1024x1024  scen    3480     912   54283   274.98   133.00   127.06    92.01  6216.87    46.7    67.6
sc1-map/OrbitalGully              512x512  rand    1000     270   20823   176.51    58.20    45.61    27.02  2357.27    40.5    87.2
sc1-map/OrbitalGully              512x512  scen    2110     487   36472   202.02    78.73    65.45    43.78  4149.31    52.7    94.8
sc1-map/Predators                 512x512  rand    1000     131   10835   126.05    37.27    26.81    15.05  1165.79    31.3    77.5
sc1-map/Predators                 512x512  scen    1510     180   14889   129.76    39.97    30.35    18.37  1619.79    40.5    88.2
sc1-map/PrimevalIsles           1024x1024  rand    1000    1132   47466   393.47   185.14   168.70   119.61  5552.96    30.0    46.4
sc1-map/PrimevalIsles           1024x1024  scen    3870    1940   78305   507.51   268.27   268.02   201.62  9361.38    34.9    46.4
sc1-map/Ramparts                  512x512  rand    1000     729   35996   270.82   126.75   104.22    66.05  4746.30    37.4    71.9
sc1-map/Ramparts                  512x512  scen    2930     947   47192   243.30   114.99   109.89    76.63  4815.92    41.9    62.8
sc1-map/RedCanyons                512x512  rand    1000     132   13798   142.05    40.27    28.18    14.95  1495.67    37.1   100.0
sc1-map/RedCanyons                512x512  scen    1900     201   21273   152.43    47.32    33.61    20.45  2369.89    50.1   115.9
map                                  size   tag   pairs  JPSexp   A*exp      cC#       cC      wC#       wC     A*us   A*/cC   A*/wC
------------------------------------------------------------------------------------------------------------------------------------
sc1-map/RiverLethe                512x768  rand    1000     608   30598   297.19   106.04    90.45    60.14  3386.85    31.9    56.3
sc1-map/RiverLethe                512x768  scen    3110    1539   68830   443.05   204.99   209.47   151.75  8026.00    39.2    52.9
sc1-map/Rosewood                  512x512  rand    1000     361   13816   165.47    65.62    54.37    36.43  1477.12    22.5    40.6
sc1-map/Rosewood                  512x512  scen    2020     763   26726   227.73   107.16   103.93    74.03  2940.08    27.4    39.7
sc1-map/Sanctuary                 512x512  rand    1000     266   27042   178.30    59.90    48.56    27.85  2933.40    49.0   105.3
sc1-map/Sanctuary                 512x512  scen    2240     363   35499   183.87    65.53    56.92    35.57  3744.59    57.1   105.3
sc1-map/Sandstorm                 512x384  rand    1000     132   11402    83.10    30.06    22.22    13.20  1156.41    38.5    87.6
sc1-map/Sandstorm                 512x384  scen    1780     178   14775    84.95    33.19    25.04    16.26  1520.27    45.8    93.5
sc1-map/SapphireIsles             768x768  rand    1000     341   23369   177.80    64.67    53.19    35.29  2490.43    38.5    70.6
sc1-map/SapphireIsles             768x768  scen    3610     820   52094   249.84   113.51   110.29    79.05  5575.07    49.1    70.5
sc1-map/ShroudPlatform            512x512  rand    1000     483   29154   169.15    71.37    62.56    40.49  3028.97    42.4    74.8
sc1-map/ShroudPlatform            512x512  scen    2540     798   47405   206.32    96.48    90.84    63.23  5006.42    51.9    79.2
sc1-map/Sirocco                   768x512  rand    1000     642   61998   323.87   114.29    98.70    62.47  6710.90    58.7   107.4
sc1-map/Sirocco                   768x512  scen    3190     947   88196   347.25   142.37   129.39    89.87  9710.70    68.2   108.0
sc1-map/SpaceAtoll                512x512  rand    1000     670   36103   208.06    92.90    85.21    56.93  3734.02    40.2    65.6
sc1-map/SpaceAtoll                512x512  scen    2800     895   47751   227.68   109.01   106.91    73.95  5047.97    46.3    68.3
sc1-map/SpaceDebris               512x512  rand    1000     300   21946   151.92    54.61    44.55    27.35  2311.65    42.3    84.5
sc1-map/SpaceDebris               512x512  scen    2410     479   32886   173.92    69.81    60.94    40.79  3471.35    49.7    85.1
sc1-map/SpringThaw               1024x512  rand    1000     867   40359   405.69   152.49   132.67    89.70  4282.71    28.1    47.7
sc1-map/SpringThaw               1024x512  scen    3210    1347   60591   451.61   196.58   184.04   134.68  6647.75    33.8    49.4
sc1-map/SteppingStones            512x512  rand    1000     127   11558   150.07    40.78    26.79    14.93  1201.70    29.5    80.5
sc1-map/SteppingStones            512x512  scen    2450     402   31373   218.22    75.33    60.25    40.87  4488.23    59.6   109.8
sc1-map/TaleofTwoCities           768x512  rand    1000     380   22319   250.33    75.52    60.63    36.52  2337.88    31.0    64.0
sc1-map/TaleofTwoCities           768x512  scen    2510     661   37077   293.62   101.03    85.75    59.21  3999.94    39.6    67.6
sc1-map/TheatreofWar              768x768  rand    1000     389   36420   226.05    72.61    60.28    38.30  3871.35    53.3   101.1
sc1-map/TheatreofWar              768x768  scen    3430     563   50656   241.87    86.12    75.63    52.58  5379.64    62.5   102.3
sc1-map/TheFrozenSea            1024x1024  rand    1000    1395   76275   622.00   286.66   271.37   185.64 11792.91    41.1    63.5
sc1-map/TheFrozenSea            1024x1024  scen    4090    2098  111701   733.21   359.92   388.47   273.39 17870.21    49.7    65.4
sc1-map/TheHighway                768x512  rand    1000    1144   60137   355.38   157.31   154.32   104.47  6125.10    38.9    58.6
sc1-map/TheHighway                768x512  scen    4090    1871   96951   446.55   225.21   239.31   169.43  9735.19    43.2    57.5
sc1-map/ThinIce                   768x512  rand    1000     649   38541   203.42    98.73    88.66    58.74  4105.27    41.6    69.9
sc1-map/ThinIce                   768x512  scen    3040     953   54008   239.48   121.56   121.95    83.36  5828.69    47.9    69.9
sc1-map/Tribes                    768x768  rand    1000     133   18719   195.20    46.10    35.41    16.94  2050.47    44.5   121.0
sc1-map/Tribes                    768x768  scen    2570     242   33898   220.83    58.53    42.39    26.60  3914.60    66.9   147.2
sc1-map/Triskelion                512x512  rand    1000     441   29192   204.06    79.02    64.97    41.46  3096.54    39.2    74.7
sc1-map/Triskelion                512x512  scen    2250     597   38707   215.50    90.98    79.82    54.12  4177.20    45.9    77.2
sc1-map/Turbo                     768x768  rand    1000     331   41859   234.80    69.96    59.58    34.58  4453.72    63.7   128.8
sc1-map/Turbo                     768x768  scen    3650     629   77435   278.91   102.28    89.60    63.53  8431.57    82.4   132.7
sc1-map/Typhoon                   768x512  rand    1000     215   16332   137.87    43.77    35.98    21.39  1649.19    37.7    77.1
sc1-map/Typhoon                   768x512  scen    1910     212   16405   127.81    41.02    34.48    21.44  1733.24    42.3    80.8
sc1-map/ValleyofRe                768x768  rand    1000     779   48646   310.69   128.80   118.00    78.33  5726.36    44.5    73.1
sc1-map/ValleyofRe                768x768  scen    3920    1110   68102   321.88   147.17   147.05   105.66  7510.04    51.0    71.1
sc1-map/WarpGates                 512x512  rand    1000     233   14928   152.10    52.91    40.13    24.93  1703.43    32.2    68.3
sc1-map/WarpGates                 512x512  scen    2020     362   22674   172.05    65.66    53.13    36.14  2630.12    40.1    72.8
sc1-map/WatersEdge                512x512  rand    1000     201   21032   137.91    46.69    35.87    20.72  2204.23    47.2   106.4
sc1-map/WatersEdge                512x512  scen    2200     216   22161   132.71    44.95    34.94    21.44  2342.53    52.1   109.3
sc1-map/WaypointJunction          512x512  rand    1000     246   15535   152.04    51.51    39.74    23.49  1685.73    32.7    71.8
sc1-map/WaypointJunction          512x512  scen    1610     308   19739   146.83    53.91    43.53    27.79  2166.22    40.2    77.9
sc1-map/WheelofWar                768x768  rand    1000     402   50335   265.76    82.23    67.31    41.49  5612.62    68.3   135.3
sc1-map/WheelofWar                768x768  scen    3020     509   63219   261.71    87.91    73.83    50.46  7076.58    80.5   140.2
map                                  size   tag   pairs  JPSexp   A*exp      cC#       cC      wC#       wC     A*us   A*/cC   A*/wC
------------------------------------------------------------------------------------------------------------------------------------
sc1-map/WinterConquest            512x512  rand    1000     386   26543   186.80    70.67    58.61    38.21  2710.56    38.4    70.9
sc1-map/WinterConquest            512x512  scen    2210     456   30431   187.33    74.81    64.09    45.13  3154.85    42.2    69.9
wc3maps512-map/battleground       512x512  rand    1000      35    4509    79.07    20.73    12.35     6.05   463.46    22.4    76.5
wc3maps512-map/battleground       512x512  scen    1330      62    7966    87.93    24.65    15.68     8.66   865.18    35.1    99.9
wc3maps512-map/blastedlands       512x512  rand    1000      62    6904    99.01    27.91    17.49     9.01   737.26    26.4    81.8
wc3maps512-map/blastedlands       512x512  scen    1360      83    9210   102.92    30.13    19.18    10.91  1005.00    33.4    92.1
wc3maps512-map/bloodvenomfalls    512x512  rand    1000     103    9143   115.98    35.00    22.96    13.09   986.64    28.2    75.3
wc3maps512-map/bloodvenomfalls    512x512  scen    1570     197   16371   134.97    46.63    34.75    22.58  1816.16    38.9    80.4
wc3maps512-map/bootybay           512x512  rand    1000      82   12523    88.93    25.69    17.74     9.65  1282.79    49.9   132.9
wc3maps512-map/bootybay           512x512  scen    2210     179   27745   110.11    36.62    27.99    17.52  2855.57    78.0   163.0
wc3maps512-map/darkforest         512x512  rand    1000      45    5990    74.69    22.54    14.03     7.03   645.12    28.6    91.8
wc3maps512-map/darkforest         512x512  scen    1510      84   10854    81.66    26.62    18.76    10.75  1214.64    45.6   113.0
wc3maps512-map/deadwaterdrop      512x512  rand    1000      41    5281    79.37    21.42    13.50     6.61   568.11    26.5    86.0
wc3maps512-map/deadwaterdrop      512x512  scen    1120      59    7745    82.47    23.79    16.17     8.46   851.71    35.8   100.7
wc3maps512-map/divideandconqu~    512x512  rand    1000     125   11775   113.48    37.84    26.44    15.10  1291.54    34.1    85.5
wc3maps512-map/divideandconqu~    512x512  scen    1630     216   19798   132.98    49.30    38.84    23.97  2239.12    45.4    93.4
wc3maps512-map/dragonfire         512x512  rand    1000      65    7310    85.01    26.59    17.02     9.18   787.83    29.6    85.8
wc3maps512-map/dragonfire         512x512  scen    1460     112   12670    96.66    32.07    22.18    13.44  1409.44    43.9   104.8
wc3maps512-map/drywatergulch      512x512  rand    1000     174   21038   146.26    48.95    33.07    20.03  2238.54    45.7   111.7
wc3maps512-map/drywatergulch      512x512  scen    1980     315   36153   166.17    63.95    51.30    33.89  3889.67    60.8   114.8
wc3maps512-map/duskwood           512x512  rand    1000      39    7483    97.47    24.75    15.24     6.97   792.83    32.0   113.7
wc3maps512-map/duskwood           512x512  scen    1540      57   11163   103.49    27.41    16.38     8.74  1227.36    44.8   140.4
wc3maps512-map/dustwallowkeys     512x512  rand    1000      69   10727   156.13    36.88    21.43    10.32  1181.35    32.0   114.4
wc3maps512-map/dustwallowkeys     512x512  scen    1690     125   18508   168.79    46.02    26.67    15.89  2120.55    46.1   133.4
wc3maps512-map/frostsabre         512x512  rand    1000      41    5240    74.87    21.73    13.33     6.58   560.55    25.8    85.2
wc3maps512-map/frostsabre         512x512  scen    1310      64    8231    79.82    24.05    15.70     8.70   908.57    37.8   104.5
wc3maps512-map/gardenofwar        512x512  rand    1000      58    8218    97.59    27.94    17.48     8.67   895.02    32.0   103.2
wc3maps512-map/gardenofwar        512x512  scen    1440      73   10978    96.70    29.18    18.93    10.44  1222.48    41.9   117.1
wc3maps512-map/gnollwood          512x512  rand    1000      34    4467    77.57    20.39    12.72     5.92   455.97    22.4    77.1
wc3maps512-map/gnollwood          512x512  scen    1260      47    6202    82.44    22.44    13.93     7.17   649.31    28.9    90.6
wc3maps512-map/golemsinthemist    512x512  rand    1000      39    6371    88.98    23.12    13.73     6.49   677.58    29.3   104.5
wc3maps512-map/golemsinthemist    512x512  scen    1400      56    9355    94.97    25.62    15.45     8.00  1035.34    40.4   129.5
wc3maps512-map/harvestmoon        512x512  rand    1000      98   10709   102.46    32.77    21.65    12.38  1155.91    35.3    93.4
wc3maps512-map/harvestmoon        512x512  scen    1420     129   13768   102.38    35.94    25.03    15.19  1500.86    41.8    98.8
wc3maps512-map/heart2heart        512x512  rand    1000      70   17064   119.73    30.49    19.08     9.63  1697.58    55.7   176.2
wc3maps512-map/heart2heart        512x512  scen    2030     115   27153   128.61    35.12    22.28    13.17  2708.63    77.1   205.7
wc3maps512-map/hillsofglory       512x512  rand    1000      24    6838    83.06    20.33    11.76     5.40   724.87    35.7   134.2
wc3maps512-map/hillsofglory       512x512  scen    1350      40   12693    88.06    23.07    13.76     6.68  1401.43    60.7   209.8
wc3maps512-map/icecrown           512x512  rand    1000      41    6841   135.69    28.62    18.25     7.52   702.38    24.5    93.3
wc3maps512-map/icecrown           512x512  scen    1720     112   16961   183.21    44.16    25.02    14.46  1912.91    43.3   132.3
wc3maps512-map/isleofdread        512x512  rand    1000     120   12239   132.14    39.87    26.53    15.14  1318.07    33.1    87.1
wc3maps512-map/isleofdread        512x512  scen    1580     176   18528   138.64    46.30    33.08    20.74  2053.08    44.3    99.0
wc3maps512-map/losttemple         512x512  rand    1000      53    5391   121.65    24.09    15.64     8.20   700.60    29.1    85.4
wc3maps512-map/losttemple         512x512  scen    1390      90    8900   123.81    28.58    20.52    11.83  1245.78    43.6   105.3
wc3maps512-map/moonglade          512x512  rand    1000      43    6327   114.64    27.37    16.24     7.44   671.89    24.5    90.3
wc3maps512-map/moonglade          512x512  scen    1710     130   17382   155.64    41.59    28.13    18.26  2019.80    48.6   110.6
wc3maps512-map/mysticisles        512x512  rand    1000     107   14911   157.81    44.25    24.45    14.42  1969.54    44.5   136.6
wc3maps512-map/mysticisles        512x512  scen    2060     189   26017   173.53    47.86    41.84    27.46  3538.73    73.9   128.9
wc3maps512-map/nighthaven         512x512  rand    1000      33    9642   119.67    26.16    14.97     6.43  1027.25    39.3   159.7
wc3maps512-map/nighthaven         512x512  scen    1420      46   14062   123.64    28.82    16.40     8.01  1560.79    54.1   194.9
map                                  size   tag   pairs  JPSexp   A*exp      cC#       cC      wC#       wC     A*us   A*/cC   A*/wC
------------------------------------------------------------------------------------------------------------------------------------
wc3maps512-map/petrifiedforest    512x512  rand    1000      71    7841   100.82    29.63    17.74     9.79   842.25    28.4    86.0
wc3maps512-map/petrifiedforest    512x512  scen    1520     124   12940   116.56    37.32    23.51    15.01  1451.29    38.9    96.7
wc3maps512-map/plaguelands        512x512  rand    1000      74    7886    80.14    25.30    16.71     9.63   827.96    32.7    86.0
wc3maps512-map/plaguelands        512x512  scen    1600     140   15213    92.42    33.03    24.52    15.61  1645.02    49.8   105.4
wc3maps512-map/plainsofsnow       512x512  rand    1000      23    7091    89.96    20.36    12.00     4.70   737.79    36.2   157.1
wc3maps512-map/plainsofsnow       512x512  scen    1480      35   12595    93.37    21.94    12.64     5.73  1413.15    64.4   246.7
wc3maps512-map/plunderisle        512x512  rand    1000      59   12645   150.69    34.59    21.48     9.58  1352.00    39.1   141.1
wc3maps512-map/plunderisle        512x512  scen    1640      78   16443   148.02    35.77    22.18    11.49  1805.84    50.5   157.2
wc3maps512-map/riverrun           512x512  rand    1000     263   15970   151.88    58.60    44.21    28.73  1695.74    28.9    59.0
wc3maps512-map/riverrun           512x512  scen    2010     494   28283   190.71    83.40    74.99    51.57  2994.82    35.9    58.1
wc3maps512-map/scorchedbasin      512x512  rand    1000      28    4286    66.48    18.08    10.60     5.33   446.09    24.7    83.6
wc3maps512-map/scorchedbasin      512x512  scen    1270      54    8523    76.00    22.36    14.23     7.91   926.48    41.4   117.1
wc3maps512-map/stromguarde        512x512  rand    1000      60    3498    87.96    24.04    16.30     8.58   367.44    15.3    42.8
wc3maps512-map/stromguarde        512x512  scen    1090     162    8502   120.99    38.32    29.13    18.87   941.49    24.6    49.9
wc3maps512-map/swampofsorrows     512x512  rand    1000      74    6501    98.91    29.13    19.22    10.51   706.98    24.3    67.3
wc3maps512-map/swampofsorrows     512x512  scen    1310     118   10011   110.08    34.88    23.94    14.72  1114.38    31.9    75.7
wc3maps512-map/thecrucible        512x512  rand    1000      54    5827    64.44    22.63    14.04     7.45   622.75    27.5    83.6
wc3maps512-map/thecrucible        512x512  scen    1180      67    7493    66.35    22.39    15.76     8.61   824.53    36.8    95.8
wc3maps512-map/theglaive          512x512  rand    1000      32    6328    94.82    22.39    12.98     5.99   644.92    28.8   107.7
wc3maps512-map/theglaive          512x512  scen    1450      59   12557   104.63    27.49    16.26     8.89  1342.34    48.8   151.1
wc3maps512-map/timbermawhold      512x512  rand    1000      74    9655   151.49    36.85    21.75    10.97  1046.43    28.4    95.4
wc3maps512-map/timbermawhold      512x512  scen    2080     296   30583   227.15    70.54    53.63    35.64  3565.23    50.5   100.0
wc3maps512-map/tranquilpaths      512x512  rand    1000      69    6768    65.03    23.71    15.26     8.97   713.05    30.1    79.5
wc3maps512-map/tranquilpaths      512x512  scen    1340      96    9621    69.06    26.35    18.23    11.25  1043.66    39.6    92.8
------------------------------------------------------------------------------------------------------------------------------------
[rand] 562000 pairs: C# cold 41374ms / hot 12760ms; C cold 16042ms / hot 8131ms; A* 466681ms; A*/C cold 29.1x hot 57.4x; C#/C cold 2.58x hot 1.57x
[scen] 1414808 pairs: C# cold 180180ms / hot 87119ms; C cold 90516ms / hot 61261ms; A* 2884753ms; A*/C cold 31.9x hot 47.1x; C#/C cold 1.99x hot 1.42x
