# JPS(C#/C) cold/hot vs A* benchmark   2026-07-25 00:26:11
Host OS:  Microsoft Windows 10.0.26200 (X64)
Host CPU: AMD Ryzen 7 5800X3D 8-Core Processor; 16 logical cores
          AMD64 Family 25 Model 33 Stepping 2  [AuthenticAMD]
          topology=8core x 16thread  maxfreq=3401 MHz
          cache: L2=4096 KB  L3=98304 KB
Runtime:  .NET 10.0.10 (X64)
Build config: corner-cutting=off, concurrent-cache=on
Native: enabled (G:\GitHub\JPS\x64\Release\JPS.Native.dll)
Scope: movingai/; 1354 .scen / 562 maps; rand target 1000/map; scen dedup 1414808 from 1423420
Parallelism: 7 map workers pinned to CPUs [1,3,5,7,9,11,13] (default: half of logical CPUs, every other)
Timing mode: parallel throughput by map group. Rows are emitted in map dispatch order as results arrive.
cold = before each query flip a few cells in a small window then restore + Sync (invalidates the jump-point cache); hot = warm cache reuse.

Columns:
  map          map name (relative path)
  size         width x height
  tag          rand = random sampled pairs / scen = .scen cases
  pairs        start/goal pairs timed
  JPSexp/A*exp mean expanded nodes per query (JPS / A*)
  cC# / cC     C# / C JPS cold-path mean time (us/query)
  wC# / wC     C# / C JPS hot-path mean time (us/query)
  A*us         A* mean time per query (us/query)
  A*/cC A*/wC  A*us divided by C cold / hot time (higher = C JPS faster than A*)
  color: cC/wC vs same-language C# faster=green slower=red; any JPS time slower than A*=red; A*/cC or A*/wC < 1 = red

------------------------------------------------------------------------------------------------------------------------------------
map                                  size   tag   pairs  JPSexp   A*exp      cC#       cC      wC#       wC     A*us   A*/cC   A*/wC
------------------------------------------------------------------------------------------------------------------------------------
bg512-map/AR0011SR                512x512  rand    1000      68   17354   156.13    31.88    25.50    12.84  1933.67    60.7   150.6
bg512-map/AR0011SR                512x512  scen    2180     130   32823   169.93    39.47    32.23    20.87  3782.97    95.9   181.2
bg512-map/AR0012SR                512x512  rand    1000      44    7750   100.20    24.23    17.38     9.58  1105.16    45.6   115.4
bg512-map/AR0012SR                512x512  scen    1370      68   12709    95.61    27.78    22.15    13.41  1590.85    57.3   118.7
bg512-map/AR0013SR                512x512  rand    1000      38    4775    96.85    28.46    22.13    12.39   720.68    25.3    58.2
bg512-map/AR0013SR                512x512  scen    1260      66    8687    89.02    26.82    20.50    12.60  1108.17    41.3    88.0
bg512-map/AR0014SR                512x512  rand    1000      30    5156   124.62    29.69    21.46    11.46   767.79    25.9    67.0
bg512-map/AR0014SR                512x512  scen    1290      51    9243    84.94    24.98    18.06    11.52  1165.20    46.7   101.1
bg512-map/AR0015SR                512x512  rand    1000      13    4645    93.93    15.55    13.15     6.13   588.07    37.8    95.9
bg512-map/AR0015SR                512x512  scen    1310      21    9085    99.47    18.24    13.64     7.18  1043.39    57.2   145.4
bg512-map/AR0016SR                512x512  rand    1000      14    4797    82.91    18.82    13.28     6.39   627.73    33.4    98.3
bg512-map/AR0016SR                512x512  scen    1220      18    7158    84.88    17.78    13.22     7.18   825.72    46.4   115.0
bg512-map/AR0017SR                512x512  rand    1000      15    6734   126.91    21.29    15.30     7.45   888.96    41.8   119.2
bg512-map/AR0017SR                512x512  scen    1400      25   13525   105.54    19.59    15.72     8.10  1594.70    81.4   196.8
bg512-map/AR0018SR                512x512  rand    1000      21    5238    93.59    16.18    12.11     6.28   575.60    35.6    91.6
bg512-map/AR0018SR                512x512  scen    1490      59   16270   120.30    27.16    20.15    14.07  1867.51    68.8   132.7
bg512-map/AR0020SR                512x512  rand    1000       8    3172   113.62    12.72    12.45     4.20   333.65    26.2    79.4
bg512-map/AR0020SR                512x512  scen    1320      10    5557   133.31    16.41    15.95     6.40   617.41    37.6    96.4
bg512-map/AR0041SR                512x512  rand    1000       5    4231   183.71    14.53    13.98     4.29   446.39    30.7   104.1
bg512-map/AR0041SR                512x512  scen    1440       6    6223   197.01    17.10    13.29     5.33   699.34    40.9   131.2
bg512-map/AR0042SR                512x512  rand    1000       5    4736   307.35    17.46    27.41     5.78   493.29    28.3    85.3
bg512-map/AR0042SR                512x512  scen    1610       6    8105   306.56    18.11    20.74     5.67   847.03    46.8   149.3
bg512-map/AR0043SR                512x512  rand    1000       5    4129   194.82    13.69    18.68     4.93   403.04    29.4    81.7
bg512-map/AR0043SR                512x512  scen    1390       7    6852   201.50    14.66    15.61     4.62   666.62    45.5   144.3
bg512-map/AR0044SR                512x512  rand    1000       7    5930   363.19    18.70    33.53     5.07   597.98    32.0   117.9
bg512-map/AR0044SR                512x512  scen    1670       9    8068   379.51    19.76    26.01     6.23   786.83    39.8   126.3
bg512-map/AR0045SR                512x512  rand    1000       6    4223   159.63    13.90    14.41     4.62   432.30    31.1    93.6
bg512-map/AR0045SR                512x512  scen    1500      10   10292   166.44    16.68    14.18     6.10  1073.22    64.4   175.8
bg512-map/AR0046SR                512x512  rand    1000       8    5021   180.32    16.17    17.33     5.47   537.88    33.3    98.3
bg512-map/AR0046SR                512x512  scen    1580      10    7487   185.92    17.45    17.86     6.79   798.50    45.7   117.6
bg512-map/AR0070SR                512x512  rand    1000      56   21206   108.51    28.60    22.24    13.75  2270.82    79.4   165.1
bg512-map/AR0070SR                512x512  scen    2720      72   28231   114.59    31.74    24.25    16.56  2923.07    92.1   176.5
bg512-map/AR0071SR                512x512  rand    1000      63   14673    82.33    28.87    20.74    13.53  1644.71    57.0   121.6
bg512-map/AR0071SR                512x512  scen    1850      73   17510    84.54    28.47    21.54    14.88  1921.97    67.5   129.2
bg512-map/AR0072SR                512x512  rand    1000      33   11783    88.50    18.18    13.72     7.51  1260.83    69.4   167.9
bg512-map/AR0072SR                512x512  scen    2060      47   18117    96.63    19.91    15.18     9.66  1954.93    98.2   202.4
bg512-map/AR0201SR                512x512  rand    1000      16    2874    28.79     9.91     7.42     4.79   304.52    30.7    63.6
bg512-map/AR0201SR                512x512  scen    1380      25    4875    31.64    11.99     9.31     6.39   504.51    42.1    78.9
bg512-map/AR0202SR                512x512  rand    1000     213   17343   101.67    46.06    41.49    28.68  1817.11    39.4    63.3
bg512-map/AR0202SR                512x512  scen    3170     295   23648   112.88    54.40    51.88    38.68  2407.18    44.2    62.2
bg512-map/AR0203SR                512x512  rand    1000       8    4538   155.38    14.82    16.13     4.51   486.06    32.8   107.9
bg512-map/AR0203SR                512x512  scen    1360      12    8200   167.68    18.50    15.97     7.66   900.11    48.6   117.5
bg512-map/AR0204SR                512x512  rand    1000     125   12241    89.09    33.36    26.80    19.18  1307.80    39.2    68.2
bg512-map/AR0204SR                512x512  scen    2210     177   16643    93.06    36.57    32.47    23.19  1749.97    47.9    75.4
bg512-map/AR0205SR                512x512  rand    1000     108    9859    99.28    32.85    23.82    16.70  1177.75    35.9    70.5
bg512-map/AR0205SR                512x512  scen    1900     216   18210   115.40    43.99    38.34    27.10  2133.31    48.5    78.7
bg512-map/AR0206SR                512x512  rand    1000      15    4094    75.22    12.66    10.65     4.71   445.40    35.2    94.6
bg512-map/AR0206SR                512x512  scen    1150      24    7291    78.67    15.02    13.00     6.57   810.60    54.0   123.4
bg512-map/AR0300SR                512x512  rand    1000     170   11320   101.93    38.55    32.16    21.55  1251.37    32.5    58.1
bg512-map/AR0300SR                512x512  scen    1910     279   17707   117.30    48.55    44.64    32.06  1936.53    39.9    60.4
------------------------------------------------------------------------------------------------------------------------------------
map                                  size   tag   pairs  JPSexp   A*exp      cC#       cC      wC#       wC     A*us   A*/cC   A*/wC
------------------------------------------------------------------------------------------------------------------------------------
bg512-map/AR0301SR                512x512  rand    1000      17    6260    80.59    16.09    13.03     6.25   717.89    44.6   114.9
bg512-map/AR0301SR                512x512  scen    1480      28   12009    86.33    19.70    15.75     8.99  1391.50    70.6   154.8
bg512-map/AR0302SR                512x512  rand    1000      18    5999    80.92    15.97    12.14     6.07   661.99    41.5   109.1
bg512-map/AR0302SR                512x512  scen    1300      24    9077    80.43    16.92    13.94     7.16  1020.03    60.3   142.5
bg512-map/AR0303SR                512x512  rand    1000      14    5358    86.99    15.02    12.31     5.45   584.71    38.9   107.3
bg512-map/AR0303SR                512x512  scen    1340      20    8995    87.61    16.85    13.94     7.11   996.09    59.1   140.1
bg512-map/AR0304SR                512x512  rand    1000      21    6884    76.07    17.38    13.76     7.06   783.33    45.1   111.0
bg512-map/AR0304SR                512x512  scen    1340      28    9696    73.65    18.54    14.72     8.58  1120.90    60.4   130.6
bg512-map/AR0305SR                512x512  rand    1000      26    6355    81.48    17.27    13.20     6.96   700.26    40.5   100.6
bg512-map/AR0305SR                512x512  scen    1430      41   11362    83.49    19.76    16.05     9.22  1261.13    63.8   136.8
bg512-map/AR0306SR                512x512  rand    1000      19    7301    75.38    15.39    12.09     5.97   797.90    51.9   133.7
bg512-map/AR0306SR                512x512  scen    1290      27   11185    78.23    17.15    13.50     7.42  1227.70    71.6   165.4
bg512-map/AR0307SR                512x512  rand    1000     359   14099   113.94    60.80    58.00    42.24  1409.83    23.2    33.4
bg512-map/AR0307SR                512x512  scen    3380     507   19945   134.10    76.39    78.02    57.89  1942.14    25.4    33.5
bg512-map/AR0308SR                512x512  rand    1000      46    8038   127.06    22.64    18.74     9.42   872.07    38.5    92.6
bg512-map/AR0308SR                512x512  scen    1600     109   18354   142.38    31.93    27.32    17.51  1982.81    62.1   113.2
bg512-map/AR0309SR                512x512  rand    1000      43    7826    79.08    21.58    15.62     9.20   874.30    40.5    95.0
bg512-map/AR0309SR                512x512  scen    1620      84   15312    91.13    28.10    22.40    14.50  1716.25    61.1   118.3
bg512-map/AR0310SR                512x512  rand    1000       6    2738   112.40    11.03    10.46     3.37   271.87    24.6    80.7
bg512-map/AR0310SR                512x512  scen    1070       8    4430   123.73    12.50    12.17     4.27   429.89    34.4   100.6
bg512-map/AR0314SR                512x512  rand    1000      10    3482    87.03    12.74    11.46     4.50   367.51    28.8    81.7
bg512-map/AR0314SR                512x512  scen    1170      16    6746    93.69    14.88    13.47     6.20   723.13    48.6   116.7
bg512-map/AR0316SR                512x512  rand    1000      12    3330    78.88    12.77    10.02     4.54   339.39    26.6    74.8
bg512-map/AR0316SR                512x512  scen    1230      21    7509    86.86    15.34    12.81     6.45   776.33    50.6   120.3
bg512-map/AR0317SR                512x512  rand    1000      10    3498    91.18    12.66    12.05     4.69   358.83    28.3    76.5
bg512-map/AR0317SR                512x512  scen    1230      16    7213    97.12    15.31    14.31     6.56   788.25    51.5   120.2
bg512-map/AR0331SR                512x512  rand    1000      14    5724    61.11    14.17     9.79     5.55   619.33    43.7   111.5
bg512-map/AR0331SR                512x512  scen    1290      19    8446    61.36    15.23    11.38     6.67   905.57    59.5   135.8
bg512-map/AR0400SR                512x512  rand    1000     142   21381   146.81    41.32    34.17    21.59  2356.22    57.0   109.1
bg512-map/AR0400SR                512x512  scen    2890     247   35184   168.78    53.82    48.01    32.53  3712.42    69.0   114.1
bg512-map/AR0404SR                512x512  rand    1000     106   11390    75.65    29.90    24.26    16.04  1214.37    40.6    75.7
bg512-map/AR0404SR                512x512  scen    1900     131   14324    76.64    31.42    27.13    18.48  1515.11    48.2    82.0
bg512-map/AR0405SR                512x512  rand    1000      67   16750   107.32    28.05    22.87    13.12  1869.10    66.6   142.4
bg512-map/AR0405SR                512x512  scen    1990      93   24331   111.87    31.86    25.93    16.49  2679.70    84.1   162.6
bg512-map/AR0406SR                512x512  rand    1000     201   13021   102.89    45.21    38.65    27.60  1427.68    31.6    51.7
bg512-map/AR0406SR                512x512  scen    2240     293   18781   116.64    55.36    51.69    37.86  2045.13    36.9    54.0
bg512-map/AR0410SR                512x512  rand    1000       8    2974    82.72    11.73     8.85     3.77   300.51    25.6    79.6
bg512-map/AR0410SR                512x512  scen    1160      11    5130    80.45    11.93    10.25     4.67   511.29    42.9   109.5
bg512-map/AR0411SR                512x512  rand    1000     126   14481    83.02    31.78    26.60    17.85  1495.67    47.1    83.8
bg512-map/AR0411SR                512x512  scen    2430     154   17463    84.98    34.04    29.38    20.75  1792.49    52.7    86.4
bg512-map/AR0412SR                512x512  rand    1000      27    6171    98.48    16.93    14.41     6.77   653.47    38.6    96.6
bg512-map/AR0412SR                512x512  scen    1500      50   11202   102.41    20.21    17.28     9.82  1140.43    56.4   116.1
bg512-map/AR0413SR                512x512  rand    1000      23    3665    29.31    10.91     7.78     5.29   382.78    35.1    72.3
bg512-map/AR0413SR                512x512  scen    1530      34    5912    32.44    12.43     9.52     6.39   614.93    49.5    96.3
bg512-map/AR0414SR                512x512  rand    1000      49    5079    81.47    18.50    14.47     8.26   558.84    30.2    67.6
bg512-map/AR0414SR                512x512  scen    1250     135   11977   104.41    29.80    26.46    17.72  1352.83    45.4    76.3
bg512-map/AR0418SR                512x512  rand    1000       3    1628   114.84     9.64    10.62     2.67   157.43    16.3    59.0
bg512-map/AR0418SR                512x512  scen     850       3    2853   107.79     9.65    13.10     2.85   268.08    27.8    94.2
bg512-map/AR0500SR                512x512  rand    1000     116   11041    94.44    30.86    25.15    16.42  1220.15    39.5    74.3
bg512-map/AR0500SR                512x512  scen    2140     200   18590   108.50    40.75    35.26    24.96  2034.17    49.9    81.5
------------------------------------------------------------------------------------------------------------------------------------
map                                  size   tag   pairs  JPSexp   A*exp      cC#       cC      wC#       wC     A*us   A*/cC   A*/wC
------------------------------------------------------------------------------------------------------------------------------------
bg512-map/AR0502SR                512x512  rand    1000      11    4591    90.35    14.55    12.10     5.11   496.33    34.1    97.1
bg512-map/AR0502SR                512x512  scen    1240      15    7681    90.71    15.47    12.25     6.23   846.05    54.7   135.8
bg512-map/AR0503SR                512x512  rand    1000      12    3129    47.60    11.17     8.22     4.50   333.57    29.9    74.1
bg512-map/AR0503SR                512x512  scen    1140      18    5515    48.67    12.92     9.69     5.64   598.17    46.3   106.0
bg512-map/AR0504SR                512x512  rand    1000      52    6916    99.33    23.79    18.50    10.49   778.81    32.7    74.2
bg512-map/AR0504SR                512x512  scen    1330      81   10754   102.93    26.81    22.42    13.83  1240.41    46.3    89.7
bg512-map/AR0505SR                512x512  rand    1000      46    8083   109.01    23.16    17.81     9.48   906.80    39.1    95.7
bg512-map/AR0505SR                512x512  scen    1610     116   19873   135.52    35.29    29.88    19.42  2299.28    65.2   118.4
bg512-map/AR0506SR                512x512  rand    1000      12    4648    83.77    14.68    11.25     5.05   511.07    34.8   101.2
bg512-map/AR0506SR                512x512  scen    1040      14    6187    77.97    14.52    11.30     5.52   688.95    47.5   124.8
bg512-map/AR0509SR                512x512  rand    1000      18    5690    79.74    15.77    12.05     6.12   639.13    40.5   104.4
bg512-map/AR0509SR                512x512  scen    1380      32   11590    89.81    19.55    15.26     8.80  1352.06    69.2   153.6
bg512-map/AR0510SR                512x512  rand    1000      46    6485    94.02    22.04    16.90     9.76   739.82    33.6    75.8
bg512-map/AR0510SR                512x512  scen    1440      69   10419   105.43    26.55    21.05    13.28  1214.40    45.7    91.4
bg512-map/AR0511SR                512x512  rand    1000      24    6476    84.46    18.82    13.74     7.31   730.10    38.8    99.8
bg512-map/AR0511SR                512x512  scen    1370      34    9753    89.81    21.09    16.35     9.78  1128.17    53.5   115.3
bg512-map/AR0513SR                512x512  rand    1000      13    5552   109.33    20.81    16.92     8.94   613.83    29.5    68.7
bg512-map/AR0513SR                512x512  scen    1430      21   12097   117.62    19.90    15.94     8.34  1363.76    68.5   163.5
bg512-map/AR0516SR                512x512  rand    1000      37    5291    52.24    16.90    12.74     8.14   568.52    33.6    69.8
bg512-map/AR0516SR                512x512  scen    1470      54    8119    54.59    19.05    15.01    10.04   892.91    46.9    88.9
bg512-map/AR0517SR                512x512  rand    1000       3    2065   115.85    10.18    10.98     3.05   196.00    19.3    64.3
bg512-map/AR0517SR                512x512  scen     990       4    3644   107.43     9.84    11.82     3.15   342.38    34.8   108.5
bg512-map/AR0526SR                512x512  rand    1000      14    5724    60.35    14.19    10.28     6.03   616.76    43.5   102.3
bg512-map/AR0526SR                512x512  scen    1270      19    8117    61.18    15.67    12.00     7.17   865.99    55.3   120.7
bg512-map/AR0600SR                512x512  rand    1000      34    3194    32.38    12.72     9.02     6.50   333.94    26.2    51.4
bg512-map/AR0600SR                512x512  scen    1470      44    4551    32.69    13.70    10.22     7.60   471.91    34.4    62.1
bg512-map/AR0601SR                512x512  rand    1000      28    4479    45.77    14.66    11.21     7.42   458.88    31.3    61.8
bg512-map/AR0601SR                512x512  scen    1680      42    6968    46.69    16.69    13.11     9.30   691.16    41.4    74.3
bg512-map/AR0602SR                512x512  rand    1000     285   15115   126.10    57.40    51.01    35.06  1609.19    28.0    45.9
bg512-map/AR0602SR                512x512  scen    2460     375   19847   136.66    65.44    62.85    44.00  2074.58    31.7    47.2
bg512-map/AR0603SR                512x512  rand    1000     124   12863    82.07    34.03    27.80    19.32  1348.36    39.6    69.8
bg512-map/AR0603SR                512x512  scen    2930     205   20394    95.61    43.87    38.40    28.25  2082.63    47.5    73.7
bg512-map/AR0604SR                512x512  rand    1000      30   12912   116.39    21.60    17.75     8.97  1398.03    64.7   155.9
bg512-map/AR0604SR                512x512  scen    2310      54   24985   125.35    26.27    20.64    12.86  2621.67    99.8   203.8
bg512-map/AR0605SR                512x512  rand    1000       9    4856   186.06    16.49    20.73     5.31   495.55    30.1    93.4
bg512-map/AR0605SR                512x512  scen    1260      11    6353   190.65    16.89    17.69     5.72   629.66    37.3   110.1
bg512-map/AR0700SR                512x512  rand    1000     236   13195   165.36    56.91    45.69    30.06  1547.05    27.2    51.5
bg512-map/AR0700SR                512x512  scen    1930     423   21893   201.08    76.73    71.60    49.16  2617.54    34.1    53.2
bg512-map/AR0701SR                512x512  rand    1000     108    7417   100.18    33.93    26.46    16.81   873.63    25.7    52.0
bg512-map/AR0701SR                512x512  scen    1680     178   11719   113.57    42.42    36.30    24.73  1415.97    33.4    57.3
bg512-map/AR0702SR                512x512  rand    1000      26    5190    73.51    17.99    13.51     7.25   584.19    32.5    80.6
bg512-map/AR0702SR                512x512  scen    1290      35    7960    74.82    19.26    14.58     8.62   912.80    47.4   105.9
bg512-map/AR0704SR                512x512  rand    1000      30    7227    81.59    19.08    14.69     7.81   816.44    42.8   104.6
bg512-map/AR0704SR                512x512  scen    1530      61   15853    96.34    25.27    20.05    12.40  1844.07    73.0   148.7
bg512-map/AR0705SR                512x512  rand    1000      98   18008    93.02    31.67    25.67    17.21  1890.88    59.7   109.9
bg512-map/AR0705SR                512x512  scen    2800     148   27059   100.98    37.83    31.87    22.47  2824.46    74.7   125.7
bg512-map/AR0709SR                512x512  rand    1000      15    4966   102.78    16.16    13.27     5.74   539.77    33.4    94.0
bg512-map/AR0709SR                512x512  scen    1260      20    7554   110.05    17.48    13.79     7.12   813.16    46.5   114.3
bg512-map/AR0711SR                512x512  rand    1000      40    5869    48.47    15.33    11.79     7.98   625.73    40.8    78.4
bg512-map/AR0711SR                512x512  scen    1900      60    9356    51.10    17.45    13.96     9.93  1013.30    58.1   102.1
------------------------------------------------------------------------------------------------------------------------------------
map                                  size   tag   pairs  JPSexp   A*exp      cC#       cC      wC#       wC     A*us   A*/cC   A*/wC
------------------------------------------------------------------------------------------------------------------------------------
bgmaps-map/AR0011SR               216x224  rand    1000      53    3231    55.52    19.00    11.38     7.46   348.59    18.3    46.8
bgmaps-map/AR0011SR               216x224  scen     930     101    5909    68.78    25.89    18.71    12.09   660.33    25.5    54.6
bgmaps-map/AR0012SR               148x139  rand    1000      37     665    21.74    12.11     7.11     4.84    72.31     6.0    14.9
bgmaps-map/AR0012SR               148x139  scen     380      54    1019    26.14    14.62     9.87     6.76   111.54     7.6    16.5
bgmaps-map/AR0013SR               148x144  rand    1000      39     474    19.23    11.53     7.26     5.04    52.76     4.6    10.5
bgmaps-map/AR0013SR               148x144  scen     360      61     756    23.88    14.76    10.55     7.28    84.68     5.7    11.6
bgmaps-map/AR0014SR               148x144  rand    1000      28     475    18.70    10.66     6.55     4.36    54.91     5.2    12.6
bgmaps-map/AR0014SR               148x144  scen     350      40     685    22.54    14.44     8.90     6.24    79.05     5.5    12.7
bgmaps-map/AR0015SR                 88x86  rand    1000      12     169    10.69     6.13     3.18     2.27    19.13     3.1     8.4
bgmaps-map/AR0015SR                 88x86  scen     200      15     224    11.84     6.71     4.08     2.84    24.99     3.7     8.8
bgmaps-map/AR0016SR                 88x86  rand    1000      14     184    10.96     6.60     3.33     2.33    20.67     3.1     8.9
bgmaps-map/AR0016SR                 88x86  scen     220      18     280    13.03     8.14     4.62     3.30    31.43     3.9     9.5
bgmaps-map/AR0017SR                 88x86  rand    1000      15     250    13.80     7.67     3.60     2.91    29.71     3.9    10.2
bgmaps-map/AR0017SR                 88x86  scen     220      20     368    15.66     8.64     5.84     3.91    42.08     4.9    10.8
bgmaps-map/AR0018SR                100x96  rand    1000      17     240    12.67     7.21     3.78     2.59    26.41     3.7    10.2
bgmaps-map/AR0018SR                100x96  scen     250      28     449    16.60     9.65     6.00     3.98    47.43     4.9    11.9
bgmaps-map/AR0020SR                 80x80  rand    1000       8     113    10.77     5.85     2.70     1.95    13.53     2.3     7.0
bgmaps-map/AR0020SR                 80x80  scen     190      10     172    12.26     6.95     3.59     2.62    19.49     2.8     7.5
bgmaps-map/AR0021SR                 60x64  rand    1000      12     126     8.49     5.80     2.76     1.95    14.27     2.5     7.3
bgmaps-map/AR0021SR                 60x64  scen     170      19     209    10.56     7.06     3.93     2.79    22.97     3.3     8.2
bgmaps-map/AR0022SR                 64x64  rand    1000       9     113     9.32     5.97     3.20     2.09    13.74     2.3     6.6
bgmaps-map/AR0022SR                 64x64  scen     150      11     157    10.47     7.03     3.98     3.04    19.22     2.7     6.3
bgmaps-map/AR0041SR                 80x80  rand    1000       5     149    13.45     5.33     2.09     1.32    16.16     3.0    12.3
bgmaps-map/AR0041SR                 80x80  scen     230       6     229    15.57     6.28     3.18     1.76    24.68     3.9    14.0
bgmaps-map/AR0042SR                 80x80  rand    1000       5     157    20.97     6.63     2.97     1.77    18.29     2.8    10.3
bgmaps-map/AR0042SR                 80x80  scen     240       5     252    23.09     7.48     4.27     2.62    27.05     3.6    10.3
bgmaps-map/AR0043SR                 80x80  rand    1000       5     129    14.02     5.24     2.28     1.33    14.12     2.7    10.6
bgmaps-map/AR0043SR                 80x80  scen     210       6     215    14.54     6.12     3.79     1.94    22.46     3.7    11.6
bgmaps-map/AR0044SR                 80x80  rand    1000       6     197    22.58     6.96     3.58     2.34    23.43     3.4    10.0
bgmaps-map/AR0044SR                 80x80  scen     250       8     255    26.99     8.05     5.68     2.86    28.70     3.6    10.0
bgmaps-map/AR0045SR                 80x80  rand    1000       6     151    12.60     5.47     2.36     1.53    16.55     3.0    10.8
bgmaps-map/AR0045SR                 80x80  scen     210       7     235    14.38     6.34     3.46     2.12    25.57     4.0    12.1
bgmaps-map/AR0046SR                 80x80  rand    1000       8     169    13.53     5.95     2.77     1.79    18.46     3.1    10.3
bgmaps-map/AR0046SR                 80x80  scen     240       9     235    16.09     6.99     3.76     2.41    25.23     3.6    10.5
bgmaps-map/AR0069SR               100x112  rand    1000      15     237    12.70     7.06     3.82     2.66    26.29     3.7     9.9
bgmaps-map/AR0069SR               100x112  scen     220      22     391    15.12     8.65     5.59     3.69    43.15     5.0    11.7
bgmaps-map/AR0070SR               124x134  rand    1000      46    1425    28.91    15.34     8.82     5.76   144.18     9.4    25.0
bgmaps-map/AR0070SR               124x134  scen     680      57    1795    31.96    17.08     9.62     6.75   186.75    10.9    27.7
bgmaps-map/AR0071SR               140x150  rand    1000      43    1177    23.04    13.58     7.60     5.27   119.27     8.8    22.6
bgmaps-map/AR0071SR               140x150  scen     510      48    1331    23.51    13.95     8.58     5.86   134.87     9.7    23.0
bgmaps-map/AR0072SR               160x160  rand    1000      31    1195    23.02    10.25     5.72     3.92   117.08    11.4    29.9
bgmaps-map/AR0072SR               160x160  scen     630      42    1775    26.48    12.19     7.16     5.04   170.62    14.0    33.9
bgmaps-map/AR0082SR                 52x54  rand    1000       5      21     3.97     3.39     1.61     1.31     3.15     0.9     2.4
bgmaps-map/AR0082SR                 52x54  scen      60       6      26     4.83     4.11     2.65     1.99     4.25     1.0     2.1
bgmaps-map/AR0201SR               140x166  rand    1000      14     283     9.47     6.10     3.35     2.49    30.14     4.9    12.1
bgmaps-map/AR0201SR               140x166  scen     380      20     411    10.38     6.69     4.17     3.19    42.74     6.4    13.4
bgmaps-map/AR0202SR               244x208  rand    1000     152    3443    48.43    28.97    22.61    15.99   333.72    11.5    20.9
bgmaps-map/AR0202SR               244x208  scen    1450     216    4746    56.95    35.10    29.82    21.32   448.87    12.8    21.1
bgmaps-map/AR0203SR                 76x75  rand    1000       8     133    12.64     5.65     2.48     1.84    15.97     2.8     8.7
bgmaps-map/AR0203SR                 76x75  scen     190      11     208    13.33     6.67     4.27     2.47    23.41     3.5     9.5
------------------------------------------------------------------------------------------------------------------------------------
map                                  size   tag   pairs  JPSexp   A*exp      cC#       cC      wC#       wC     A*us   A*/cC   A*/wC
------------------------------------------------------------------------------------------------------------------------------------
bgmaps-map/AR0204SR               260x294  rand    1000     100    3581    48.57    22.83    16.79    11.40   372.38    16.3    32.7
bgmaps-map/AR0204SR               260x294  scen    1160     136    4799    52.24    26.24    21.58    15.04   488.68    18.6    32.5
bgmaps-map/AR0205SR               212x214  rand    1000      96    1702    41.52    22.06    15.20    11.03   191.39     8.7    17.4
bgmaps-map/AR0205SR               212x214  scen     740     171    2857    54.51    29.27    23.56    17.37   326.33    11.1    18.8
bgmaps-map/AR0206SR               104x128  rand    1000      12     244    13.41     6.51     3.28     2.27    26.86     4.1    11.8
bgmaps-map/AR0206SR               104x128  scen     260      19     410    16.01     8.20     4.72     3.13    44.15     5.4    14.1
bgmaps-map/AR0300SR               320x320  rand    1000     157    4431    67.34    31.79    25.20    17.19   490.72    15.4    28.6
bgmaps-map/AR0300SR               320x320  scen    1200     259    6973    82.37    46.58    37.51    27.18   778.50    16.7    28.6
bgmaps-map/AR0301SR                 92x86  rand    1000      15     228    11.57     7.42     3.75     2.89    25.92     3.5     9.0
bgmaps-map/AR0301SR                 92x86  scen     220      20     312    13.22     8.36     5.34     3.86    34.59     4.1     9.0
bgmaps-map/AR0302SR                 80x86  rand    1000      15     184    10.80     6.84     3.70     2.49    21.31     3.1     8.6
bgmaps-map/AR0302SR                 80x86  scen     190      17     228    11.81     7.58     4.43     3.09    25.90     3.4     8.4
bgmaps-map/AR0303SR                 80x86  rand    1000      12     165    10.50     6.41     3.45     2.52    19.18     3.0     7.6
bgmaps-map/AR0303SR                 80x86  scen     180      14     209    11.38     7.24     4.49     3.03    24.02     3.3     7.9
bgmaps-map/AR0304SR                 80x86  rand    1000      16     206    10.79     7.34     4.10     3.11    22.96     3.1     7.4
bgmaps-map/AR0304SR                 80x86  scen     200      17     236    11.23     7.28     4.44     3.11    26.11     3.6     8.4
bgmaps-map/AR0305SR                104x91  rand    1000      23     293    13.94     8.55     4.65     3.46    31.58     3.7     9.1
bgmaps-map/AR0305SR                104x91  scen     250      29     379    14.71     9.38     6.10     4.37    40.53     4.3     9.3
bgmaps-map/AR0306SR                 84x91  rand    1000      16     230    11.29     7.08     3.63     2.84    25.68     3.6     9.1
bgmaps-map/AR0306SR                 84x91  scen     220      24     353    14.19     8.83     5.21     4.12    37.90     4.3     9.2
bgmaps-map/AR0307SR               320x267  rand    1000     291    4615    71.34    44.85    40.11    29.41   448.08    10.0    15.2
bgmaps-map/AR0307SR               320x267  scen    1650     356    5629    78.97    50.54    47.79    34.29   543.59    10.8    15.9
bgmaps-map/AR0308SR               112x118  rand    1000      30     417    20.16    10.33     6.08     4.50    45.43     4.4    10.1
bgmaps-map/AR0308SR               112x118  scen     340      64     917    30.43    16.02    10.81     7.65    96.17     6.0    12.6
bgmaps-map/AR0309SR               120x118  rand    1000      40     477    18.78    11.69     7.31     5.39    51.78     4.4     9.6
bgmaps-map/AR0309SR               120x118  scen     350      64     753    23.16    14.69    10.58     7.54    80.35     5.5    10.7
bgmaps-map/AR0310SR                 80x80  rand    1000       6      92    10.24     5.31     2.44     1.73    11.40     2.1     6.6
bgmaps-map/AR0310SR                 80x80  scen     160       7     146    11.34     5.90     4.02     2.43    16.47     2.8     6.8
bgmaps-map/AR0311SR                 52x54  rand    1000       6      35     5.82     4.43     2.07     1.59     5.18     1.2     3.3
bgmaps-map/AR0311SR                 52x54  scen      90       7      47     6.86     5.02     3.12     2.25     6.68     1.3     3.0
bgmaps-map/AR0312SR                 52x54  rand    1000       6      47     6.22     4.53     2.24     1.63     6.17     1.4     3.8
bgmaps-map/AR0312SR                 52x54  scen     100       7      57     6.82     5.02     2.66     1.77     7.26     1.4     4.1
bgmaps-map/AR0313SR                 60x64  rand    1000      12     126     8.84     5.84     3.25     2.30    14.73     2.5     6.4
bgmaps-map/AR0313SR                 60x64  scen     160      16     188    10.65     7.19     4.43     2.72    21.66     3.0     8.0
bgmaps-map/AR0314SR                 64x70  rand    1000       9      79     8.32     5.65     2.92     2.13    10.29     1.8     4.8
bgmaps-map/AR0314SR                 64x70  scen     140      11     121     9.63     6.81     4.48     3.15    14.90     2.2     4.7
bgmaps-map/AR0315SR                 52x54  rand    1000       5      49     6.14     4.69     2.27     1.84     6.53     1.4     3.6
bgmaps-map/AR0315SR                 52x54  scen     100       6      70     6.46     5.07     2.62     1.88     8.81     1.7     4.7
bgmaps-map/AR0316SR                 64x70  rand    1000      10      76     8.00     5.48     2.90     2.27     9.80     1.8     4.3
bgmaps-map/AR0316SR                 64x70  scen     130      12      93     9.27     6.96     4.59     3.31    12.36     1.8     3.7
bgmaps-map/AR0317SR                 64x70  rand    1000       9      82     8.53     5.75     2.94     2.34    10.37     1.8     4.4
bgmaps-map/AR0317SR                 64x70  scen     140      11     109     9.44     6.74     3.94     3.26    13.23     2.0     4.1
bgmaps-map/AR0318SR                 60x64  rand    1000      14     209    10.57     6.75     3.39     2.61    22.00     3.3     8.4
bgmaps-map/AR0318SR                 60x64  scen     220      21     323    13.02     8.26     4.58     3.46    31.63     3.8     9.2
bgmaps-map/AR0319SR                 52x54  rand    1000       7      56     7.52     5.07     2.61     1.71     7.30     1.4     4.3
bgmaps-map/AR0319SR                 52x54  scen     120      10      89     9.62     6.24     3.96     2.92    11.72     1.9     4.0
bgmaps-map/AR0325SR                 52x54  rand    1000       5      57     6.99     4.75     2.06     1.44     7.27     1.5     5.1
bgmaps-map/AR0325SR                 52x54  scen     110       6      79     8.63     6.08     3.41     2.33     9.79     1.6     4.2
bgmaps-map/AR0330SR                 56x54  rand    1000       8      70     7.01     5.05     2.52     2.08     8.77     1.7     4.2
bgmaps-map/AR0330SR                 56x54  scen     110       9      84     8.40     5.93     3.98     3.03    11.41     1.9     3.8
------------------------------------------------------------------------------------------------------------------------------------
map                                  size   tag   pairs  JPSexp   A*exp      cC#       cC      wC#       wC     A*us   A*/cC   A*/wC
------------------------------------------------------------------------------------------------------------------------------------
bgmaps-map/AR0331SR                 72x80  rand    1000       9     154     8.31     5.92     2.69     2.00    16.84     2.8     8.4
bgmaps-map/AR0331SR                 72x80  scen     160      10     161     8.91     6.21     3.34     2.37    17.53     2.8     7.4
bgmaps-map/AR0332SR                 56x59  rand    1000       6      63     7.49     4.90     2.50     1.87     7.91     1.6     4.2
bgmaps-map/AR0332SR                 56x59  scen     130       8     102     8.81     6.23     3.74     2.78    13.09     2.1     4.7
bgmaps-map/AR0334SR                 60x64  rand    1000       7      71     7.90     5.09     2.45     1.70     8.76     1.7     5.2
bgmaps-map/AR0334SR                 60x64  scen     130       8      90     8.95     6.76     3.68     2.81    11.64     1.7     4.1
bgmaps-map/AR0335SR                 52x54  rand    1000       6      47     6.39     4.87     2.34     1.86     6.29     1.3     3.4
bgmaps-map/AR0335SR                 52x54  scen      90       6      53     6.83     4.99     2.86     2.02     7.44     1.5     3.7
bgmaps-map/AR0400SR               240x256  rand    1000     118    4838    66.13    27.79    19.99    13.65   509.11    18.3    37.3
bgmaps-map/AR0400SR               240x256  scen    1350     205    8010    80.76    37.04    29.49    20.79   829.63    22.4    39.9
bgmaps-map/AR0401SR                 52x59  rand    1000      11     179     9.80     6.40     2.82     2.27    19.03     3.0     8.4
bgmaps-map/AR0401SR                 52x59  scen     150      12     206    10.55     6.77     3.90     2.80    22.08     3.3     7.9
bgmaps-map/AR0402SR                 56x59  rand    1000      11     109     8.41     5.72     3.03     1.99    13.25     2.3     6.7
bgmaps-map/AR0402SR                 56x59  scen     150      13     138     9.48     6.56     4.07     3.12    16.65     2.5     5.3
bgmaps-map/AR0403SR                 56x59  rand    1000      10     104     8.79     5.91     3.00     2.11    12.66     2.1     6.0
bgmaps-map/AR0403SR                 56x59  scen     140      11     124     9.08     6.14     4.17     2.74    15.54     2.5     5.7
bgmaps-map/AR0404SR               204x251  rand    1000      59    2208    35.03    18.25    12.29     8.31   222.33    12.2    26.7
bgmaps-map/AR0404SR               204x251  scen     830      72    2763    36.07    18.46    14.00     9.51   273.39    14.8    28.8
bgmaps-map/AR0405SR               176x176  rand    1000      64    2141    35.36    18.03    11.40     7.71   220.42    12.2    28.6
bgmaps-map/AR0405SR               176x176  scen     680      82    2867    37.79    19.68    13.30     8.91   288.95    14.7    32.4
bgmaps-map/AR0406SR               244x192  rand    1000     119    2131    41.12    24.96    18.07    12.66   219.69     8.8    17.4
bgmaps-map/AR0406SR               244x192  scen     890     178    3152    49.22    30.29    24.75    17.38   321.17    10.6    18.5
bgmaps-map/AR0407SR                 52x54  rand    1000       6      37     5.54     4.24     1.99     1.34     4.94     1.2     3.7
bgmaps-map/AR0407SR                 52x54  scen      80       6      40     6.08     4.55     2.96     2.03     5.75     1.3     2.8
bgmaps-map/AR0408SR                 50x50  rand    1000       6      31     5.07     4.00     1.69     1.19     4.45     1.1     3.7
bgmaps-map/AR0408SR                 50x50  scen      80       7      45     5.72     4.27     2.46     1.70     5.89     1.4     3.5
bgmaps-map/AR0409SR                 52x54  rand    1000       6      37     5.55     4.14     1.87     1.33     4.81     1.2     3.6
bgmaps-map/AR0409SR                 52x54  scen      80       6      41     5.86     4.31     2.96     1.88     5.57     1.3     3.0
bgmaps-map/AR0410SR                 92x96  rand    1000       8     135    26.24     5.22     2.83     1.59    15.06     2.9     9.5
bgmaps-map/AR0410SR                 92x96  scen     190       9     176    11.23     5.82     3.15     1.99    19.21     3.3     9.6
bgmaps-map/AR0411SR               232x272  rand    1000     120    3623    47.47    24.86    18.43    13.00   364.97    14.7    28.1
bgmaps-map/AR0411SR               232x272  scen    1150     136    4075    47.47    25.54    20.11    14.47   410.19    16.1    28.4
bgmaps-map/AR0412SR               160x160  rand    1000      24     632    23.63     9.58     5.53     3.57    66.86     7.0    18.7
bgmaps-map/AR0412SR               160x160  scen     460      42    1108    28.16    12.03     8.18     5.39   111.51     9.3    20.7
bgmaps-map/AR0413SR               108x118  rand    1000      23     208     9.16     6.65     3.99     2.72    22.58     3.4     8.3
bgmaps-map/AR0413SR               108x118  scen     300      27     263    11.53     7.73     5.72     3.60    30.40     3.9     8.5
bgmaps-map/AR0414SR               280x320  rand    1000      48    1951    45.38    14.82    10.42     6.86   212.17    14.3    30.9
bgmaps-map/AR0414SR               280x320  scen     730      99    3689    58.22    21.18    17.39    11.54   410.44    19.4    35.6
bgmaps-map/AR0415SR                 52x54  rand    1000       6      35     5.62     4.25     1.83     1.46     4.84     1.1     3.3
bgmaps-map/AR0415SR                 52x54  scen      90       7      48     6.36     4.71     2.68     1.94     6.34     1.3     3.3
bgmaps-map/AR0416SR                 52x54  rand    1000       6      50     6.08     4.26     1.91     1.31     6.25     1.5     4.8
bgmaps-map/AR0416SR                 52x54  scen     100       6      59     6.43     4.50     2.41     1.76     7.46     1.7     4.2
bgmaps-map/AR0417SR                 52x54  rand    1000       8      63     8.04     5.53     2.90     2.09     9.16     1.7     4.4
bgmaps-map/AR0417SR                 52x54  scen     100       8      64     7.22     5.48     4.21     2.61     9.24     1.7     3.5
bgmaps-map/AR0418SR                 84x75  rand    1000       3      64     9.40     4.50     1.85     1.27     7.43     1.7     5.9
bgmaps-map/AR0418SR                 84x75  scen     120       3      88     9.69     4.82     3.01     1.77    10.33     2.1     5.8
bgmaps-map/AR0420SR                 60x64  rand    1000       4      44     6.85     4.44     2.09     1.64     6.08     1.4     3.7
bgmaps-map/AR0420SR                 60x64  scen      90       5      51     7.08     4.35     3.34     1.74     6.71     1.5     3.9
bgmaps-map/AR0500SR               320x320  rand    1000      97    4179    54.71    23.39    17.69    11.91   451.41    19.3    37.9
bgmaps-map/AR0500SR               320x320  scen    1320     171    7188    67.55    31.24    26.19    18.38   767.10    24.6    41.7
------------------------------------------------------------------------------------------------------------------------------------
map                                  size   tag   pairs  JPSexp   A*exp      cC#       cC      wC#       wC     A*us   A*/cC   A*/wC
------------------------------------------------------------------------------------------------------------------------------------
bgmaps-map/AR0501SR                 56x54  rand    1000       8      70     7.20     5.13     2.54     1.73     8.80     1.7     5.1
bgmaps-map/AR0501SR                 56x54  scen     100       7      66     6.82     5.02     2.97     2.08     8.73     1.7     4.2
bgmaps-map/AR0502SR                 56x70  rand    1000       9      92     8.41     5.81     2.99     1.92    11.76     2.0     6.1
bgmaps-map/AR0502SR                 56x70  scen     140      12     121     9.57     6.60     3.62     3.08    14.90     2.3     4.8
bgmaps-map/AR0503SR                 68x75  rand    1000      12      87     7.56     5.39     3.10     2.42    10.72     2.0     4.4
bgmaps-map/AR0503SR                 68x75  scen     150      16     124     8.37     6.52     4.05     3.33    14.65     2.2     4.4
bgmaps-map/AR0504SR               160x160  rand    1000      46     741    26.97    13.95     8.65     6.34    82.40     5.9    13.0
bgmaps-map/AR0504SR               160x160  scen     400      62    1018    30.11    15.61    10.94     7.47   116.70     7.5    15.6
bgmaps-map/AR0505SR               160x160  rand    1000      45     942    30.23    13.92     8.70     5.84   106.77     7.7    18.3
bgmaps-map/AR0505SR               160x160  scen     490      89    1879    42.23    20.37    14.61     9.73   211.92    10.4    21.8
bgmaps-map/AR0506SR                 68x70  rand    1000      11     104     8.64     5.81     3.07     1.94    12.28     2.1     6.3
bgmaps-map/AR0506SR                 68x70  scen     140      14     146    10.47     6.85     4.85     3.30    18.25     2.7     5.5
bgmaps-map/AR0507SR                 52x54  rand    1000       5      57     7.35     5.08     2.23     1.30     7.20     1.4     5.5
bgmaps-map/AR0507SR                 52x54  scen      90       5      53     6.94     5.02     2.64     2.19     7.14     1.4     3.3
bgmaps-map/AR0508SR                 52x54  rand    1000       6      50     6.64     4.70     2.18     1.35     6.81     1.4     5.1
bgmaps-map/AR0508SR                 52x54  scen     100       7      68     7.70     5.69     3.01     2.20     9.53     1.7     4.3
bgmaps-map/AR0509SR                 72x75  rand    1000      18     153    10.44     6.95     3.99     2.85    17.89     2.6     6.3
bgmaps-map/AR0509SR                 72x75  scen     170      23     198    13.93     8.51     5.24     3.41    24.46     2.9     7.2
bgmaps-map/AR0510SR               128x118  rand    1000      39     427    21.53    12.23     7.74     5.39    48.88     4.0     9.1
bgmaps-map/AR0510SR               128x118  scen     360      58     689    25.62    14.59    10.32     7.45    77.49     5.3    10.4
bgmaps-map/AR0511SR               108x112  rand    1000      20     323    14.55     8.41     4.62     3.28    35.74     4.2    10.9
bgmaps-map/AR0511SR               108x112  scen     290      26     446    16.62     9.58     5.91     4.02    49.26     5.1    12.3
bgmaps-map/AR0512SR                 56x54  rand    1000       5      48     7.00     4.55     1.84     1.41     6.22     1.4     4.4
bgmaps-map/AR0512SR                 56x54  scen      90       5      52     7.46     5.21     3.69     1.89     6.89     1.3     3.6
bgmaps-map/AR0513SR                 80x80  rand    1000      11     165    12.23     7.05     3.88     2.75    20.91     3.0     7.6
bgmaps-map/AR0513SR                 80x80  scen     200      15     249    13.78     8.65     4.99     3.48    29.16     3.4     8.4
bgmaps-map/AR0514SR                 64x64  rand    1000      10     119     8.29     5.69     2.69     1.85    14.06     2.5     7.6
bgmaps-map/AR0514SR                 64x64  scen     140      11     127     8.47     6.11     3.89     2.49    15.16     2.5     6.1
bgmaps-map/AR0515SR                 64x64  rand    1000      10     118     8.82     6.09     2.67     1.98    13.73     2.3     6.9
bgmaps-map/AR0515SR                 64x64  scen     140      11     136     9.02     6.24     3.40     2.57    16.25     2.6     6.3
bgmaps-map/AR0516SR               244x187  rand    1000      36     991    20.46    11.33     7.16     5.14   104.90     9.3    20.4
bgmaps-map/AR0516SR               244x187  scen     650      53    1561    23.12    13.09     9.31     6.47   165.19    12.6    25.5
bgmaps-map/AR0517SR                 52x80  rand    1000       3      53     8.83     4.84     2.12     1.32     7.00     1.4     5.3
bgmaps-map/AR0517SR                 52x80  scen      90       3      50     8.56     5.23     2.57     1.98     7.14     1.4     3.6
bgmaps-map/AR0526SR                 72x80  rand    1000       9     154     8.35     5.82     2.69     1.74    17.17     2.9     9.8
bgmaps-map/AR0526SR                 72x80  scen     160      10     157     8.23     5.73     3.07     2.12    17.02     3.0     8.0
bgmaps-map/AR0527SR                 52x54  rand    1000       5      49     6.71     4.67     2.43     1.73     6.91     1.5     4.0
bgmaps-map/AR0527SR                 52x54  scen      90       6      55     6.81     4.75     3.37     2.03     7.80     1.6     3.8
bgmaps-map/AR0528SR                 52x54  rand    1000       6      47     7.01     5.14     2.52     1.74     6.70     1.3     3.8
bgmaps-map/AR0528SR                 52x54  scen     100       7      60     7.36     5.45     2.89     2.24     8.85     1.6     4.0
bgmaps-map/AR0529SR                 60x64  rand    1000      10     101     7.84     5.45     2.51     1.95    11.90     2.2     6.1
bgmaps-map/AR0529SR                 60x64  scen     150      13     152     9.08     6.33     3.42     2.42    17.91     2.8     7.4
bgmaps-map/AR0530SR                 60x64  rand    1000      14     209    12.37     7.12     3.68     2.59    24.65     3.5     9.5
bgmaps-map/AR0530SR                 60x64  scen     200      19     284    12.83     7.95     4.25     2.86    29.34     3.7    10.2
bgmaps-map/AR0531SR                 52x54  rand    1000       5      50     6.88     4.63     1.94     1.25     6.32     1.4     5.0
bgmaps-map/AR0531SR                 52x54  scen     110       6      70     8.00     5.85     3.07     2.18     9.80     1.7     4.5
bgmaps-map/AR0600SR               192x214  rand    1000      32     551    13.94     8.27     5.19     3.81    58.14     7.0    15.2
bgmaps-map/AR0600SR               192x214  scen     590      43     747    14.69     9.30     6.13     4.67    76.92     8.3    16.5
bgmaps-map/AR0601SR               160x160  rand    1000      24     457    14.21     8.29     4.91     3.73    48.24     5.8    12.9
bgmaps-map/AR0601SR               160x160  scen     490      34     646    14.85     9.57     6.16     4.67    65.99     6.9    14.1
------------------------------------------------------------------------------------------------------------------------------------
map                                  size   tag   pairs  JPSexp   A*exp      cC#       cC      wC#       wC     A*us   A*/cC   A*/wC
------------------------------------------------------------------------------------------------------------------------------------
bgmaps-map/AR0602SR               308x299  rand    1000     236    5359    92.41    46.54    39.82    27.40   590.36    12.7    21.5
bgmaps-map/AR0602SR               308x299  scen    1370     285    6404    85.40    48.28    42.83    30.08   667.29    13.8    22.2
bgmaps-map/AR0603SR               236x267  rand    1000     100    3202    44.40    23.61    16.93    11.92   322.68    13.7    27.1
bgmaps-map/AR0603SR               236x267  scen    1400     149    4614    51.31    28.33    22.41    16.08   458.59    16.2    28.5
bgmaps-map/AR0604SR                92x102  rand    1000      25     486    17.24     9.57     5.02     3.52    52.32     5.5    14.8
bgmaps-map/AR0604SR                92x102  scen     410      41     856    21.31    11.86     6.70     4.91    86.56     7.3    17.6
bgmaps-map/AR0605SR                 80x86  rand    1000       8     157    14.61     6.44     3.66     2.34    18.18     2.8     7.8
bgmaps-map/AR0605SR                 80x86  scen     190       9     197    16.93     6.98     4.88     2.66    23.92     3.4     9.0
bgmaps-map/AR0606SR                 56x59  rand    1000       3      60    10.02     4.85     1.94     1.16     7.27     1.5     6.3
bgmaps-map/AR0606SR                 56x59  scen     110       4      70    10.46     5.37     3.81     2.01     8.73     1.6     4.3
bgmaps-map/AR0607SR                 60x54  rand    1000      11      85     8.11     5.49     2.88     2.08    10.21     1.9     4.9
bgmaps-map/AR0607SR                 60x54  scen     130      13      97     9.20     6.07     4.33     2.86    11.90     2.0     4.2
bgmaps-map/AR0700SR               320x320  rand    1000     193    4925   100.31    42.77    32.21    22.13   578.40    13.5    26.1
bgmaps-map/AR0700SR               320x320  scen    1300     427    9832   142.30    68.06    63.98    43.02  1140.65    16.8    26.5
bgmaps-map/AR0701SR               204x235  rand    1000      80    1382    40.15    20.64    14.44    10.01   156.88     7.6    15.7
bgmaps-map/AR0701SR               204x235  scen     700     125    2128    49.87    26.32    20.50    14.30   243.86     9.3    17.1
bgmaps-map/AR0702SR                 80x86  rand    1000      24     173    11.22     7.54     4.46     3.18    19.42     2.6     6.1
bgmaps-map/AR0702SR                 80x86  scen     190      27     195    11.99     7.96     5.23     3.67    22.19     2.8     6.1
bgmaps-map/AR0703SR                 50x50  rand    1000       6      31     5.24     3.88     1.74     1.19     4.30     1.1     3.6
bgmaps-map/AR0703SR                 50x50  scen      80       8      48     5.90     4.50     2.45     1.77     6.42     1.4     3.6
bgmaps-map/AR0704SR                 80x80  rand    1000      26     217    12.00     8.02     4.72     3.23    24.26     3.0     7.5
bgmaps-map/AR0704SR                 80x80  scen     240      48     416    18.35    11.86     7.88     5.33    45.98     3.9     8.6
bgmaps-map/AR0705SR                100x86  rand    1000      73     580    21.04    14.54     9.71     7.15    57.51     4.0     8.0
bgmaps-map/AR0705SR                100x86  scen     460      98     786    24.82    17.42    11.99     8.79    76.78     4.4     8.7
bgmaps-map/AR0706SR                 60x64  rand    1000       7      71     7.70     4.70     2.08     1.59     8.41     1.8     5.3
bgmaps-map/AR0706SR                 60x64  scen     140       9     102     8.92     5.59     3.20     2.15    11.86     2.1     5.5
bgmaps-map/AR0707SR                 56x59  rand    1000       7      63     7.53     4.84     2.04     1.54     7.90     1.6     5.1
bgmaps-map/AR0707SR                 56x59  scen     120       8      80     8.42     5.35     3.52     2.10     9.91     1.9     4.7
bgmaps-map/AR0708SR                 52x54  rand    1000       5      50     6.88     4.40     1.87     1.17     6.28     1.4     5.4
bgmaps-map/AR0708SR                 52x54  scen     100       5      56     7.15     4.44     2.63     1.50     7.00     1.6     4.7
bgmaps-map/AR0709SR                 80x80  rand    1000      14     167    10.96     6.58     3.39     2.35    18.77     2.9     8.0
bgmaps-map/AR0709SR                 80x80  scen     190      17     203    12.11     7.06     4.30     2.93    22.53     3.2     7.7
bgmaps-map/AR0710SR                 52x54  rand    1000       5      46     5.91     4.34     1.78     1.35     5.92     1.4     4.4
bgmaps-map/AR0710SR                 52x54  scen     100       6      61     6.26     4.67     2.52     1.71     7.63     1.6     4.5
bgmaps-map/AR0711SR               200x118  rand    1000      34     578    14.46     9.17     5.79     4.30    60.74     6.6    14.1
bgmaps-map/AR0711SR               200x118  scen     580      46     813    16.09    10.23     7.20     5.02    83.62     8.2    16.7
bgmaps-map/AR0712SR                 64x64  rand    1000       9     113     8.42     5.46     2.37     1.86    12.95     2.4     7.0
bgmaps-map/AR0712SR                 64x64  scen     150      11     149     9.83     6.49     3.63     2.43    17.10     2.6     7.0
bgmaps-map/AR0713SR                 60x64  rand    1000      10     101     7.56     5.31     2.52     1.70    11.75     2.2     6.9
bgmaps-map/AR0713SR                 60x64  scen     140      12     137     8.79     5.87     3.56     2.59    15.65     2.7     6.0
da2-map/ca_cave                   183x277  rand    1000      26     831    20.41     8.92     5.55     3.80    92.07    10.3    24.2
da2-map/ca_cave                   183x277  scen     580      40    1370    25.13    10.95     7.66     5.18   158.44    14.5    30.6
da2-map/ca_cavern1_haunted        324x597  rand    1000     198    5757    53.45    30.87    27.55    20.08   584.22    18.9    29.1
da2-map/ca_cavern1_haunted        324x597  scen    2180     266    7803    61.60    37.22    35.35    26.18   795.92    21.4    30.4
da2-map/ca_caverns1               324x596  rand    1000     200    5849    53.97    31.15    27.64    20.21   593.34    19.0    29.4
da2-map/ca_caverns1               324x596  scen    2200     269    7906    62.73    37.83    35.87    26.57   809.67    21.4    30.5
da2-map/ca_caverns1_mines         324x597  rand    1000     201    5856    54.62    31.53    28.91    20.55   601.86    19.1    29.3
da2-map/ca_caverns1_mines         324x597  scen    2190     266    7827    62.46    37.16    36.03    26.16   801.90    21.6    30.6
da2-map/ca_caverns2               389x467  rand    1000     149    3317    39.80    23.59    21.16    15.01   359.19    15.2    23.9
da2-map/ca_caverns2               389x467  scen    1450     207    4725    48.20    29.37    28.29    20.30   517.94    17.6    25.5
------------------------------------------------------------------------------------------------------------------------------------
map                                  size   tag   pairs  JPSexp   A*exp      cC#       cC      wC#       wC     A*us   A*/cC   A*/wC
------------------------------------------------------------------------------------------------------------------------------------
da2-map/ca_caverns2prc            389x467  rand    1000     108    3218    35.12    20.93    17.07    12.00   355.15    17.0    29.6
da2-map/ca_caverns2prc            389x467  scen    1470     156    4604    41.92    24.04    22.33    16.12   507.29    21.1    31.5
da2-map/dr_0_deeproads            560x733  rand    1000     260   16997    83.48    42.52    41.75    29.84  1689.78    39.7    56.6
da2-map/dr_0_deeproads            560x733  scen    3590     351   23137    97.44    51.76    52.08    38.43  2276.77    44.0    59.2
da2-map/dr_dungeon                314x261  rand    1000      51    2321    34.61    15.31    10.83     7.09   251.02    16.4    35.4
da2-map/dr_dungeon                314x261  scen     960      75    3494    38.64    17.76    14.14     9.57   381.92    21.5    39.9
da2-map/dr_primevalentrance       315x221  rand    1000      39    1496    23.17    11.24     7.82     5.40   160.52    14.3    29.7
da2-map/dr_primevalentrance       315x221  scen     860      59    2356    25.94    13.35    10.15     6.98   251.90    18.9    36.1
da2-map/dr_primevaltomb           722x657  rand    1000     132    5842    41.18    23.14    21.94    15.34   614.04    26.5    40.0
da2-map/dr_primevaltomb           722x657  scen    2290     184    8083    47.33    27.86    27.90    20.07   847.54    30.4    42.2
da2-map/dr_slavers                315x260  rand    1000      54    2338    36.11    15.76    11.28     7.46   258.25    16.4    34.6
da2-map/dr_slavers                315x260  scen     910      71    3232    38.19    17.61    13.37     9.18   362.95    20.6    39.5
da2-map/ht_0_hightown             514x514  rand    1000     142    5835    68.87    28.67    26.01    17.73   628.60    21.9    35.5
da2-map/ht_0_hightown             514x514  scen    1400     212    8862    78.13    35.57    34.89    24.20   961.14    27.0    39.7
da2-map/ht_0_hightown_a2          514x514  rand    1000     143    5928    69.41    28.83    25.91    17.70   638.74    22.2    36.1
da2-map/ht_0_hightown_a2          514x514  scen    1370     206    8606    77.16    34.84    34.09    23.69   932.30    26.8    39.4
da2-map/ht_0_hightown_a3          514x514  rand    1000     145    5939    71.11    29.33    26.56    18.14   642.11    21.9    35.4
da2-map/ht_0_hightown_a3          514x514  scen    1360     206    8524    79.22    35.44    34.18    23.84   928.65    26.2    39.0
da2-map/ht_0_hightown_n           514x514  rand    1000     142    5958    70.82    28.53    25.76    17.53   646.80    22.7    36.9
da2-map/ht_0_hightown_n           514x514  scen    1400     207    8828    78.30    35.11    34.37    23.92   963.54    27.4    40.3
da2-map/ht_bartrand_n             133x270  rand    1000      46    1225    27.00    13.25     8.63     6.01   133.56    10.1    22.2
da2-map/ht_bartrand_n             133x270  scen     570      72    1972    31.12    16.25    11.78     8.16   211.20    13.0    25.9
da2-map/ht_brothel_n              133x270  rand    1000      58    1139    27.35    14.77    10.31     6.68   121.87     8.2    18.2
da2-map/ht_brothel_n              133x270  scen     530      76    1558    29.69    16.47    12.59     8.35   161.54     9.8    19.3
da2-map/ht_chantry                162x141  rand    1000      44    1233    28.30    13.74     8.54     5.99   129.61     9.4    21.6
da2-map/ht_chantry                162x141  scen     460      56    1559    29.69    14.79    11.00     7.00   164.11    11.1    23.4
da2-map/ht_chantry_n              162x141  rand    1000      43    1214    27.84    13.54     8.47     5.70   128.62     9.5    22.6
da2-map/ht_chantry_n              162x141  scen     450      54    1504    28.77    14.28    10.46     7.10   157.01    11.0    22.1
da2-map/ht_keep                   281x357  rand    1000      39    1841    28.33    12.53     8.97     5.98   205.20    16.4    34.3
da2-map/ht_keep                   281x357  scen     770      50    2454    28.90    13.69    10.33     7.29   274.59    20.1    37.7
da2-map/ht_keep_n                 281x357  rand    1000      39    1828    27.34    12.39     8.62     6.01   204.75    16.5    34.1
da2-map/ht_keep_n                 281x357  scen     800      53    2664    29.12    13.83    10.99     7.25   302.46    21.9    41.7
da2-map/ht_mansion2               358x308  rand    1000     132    3243    45.14    24.71    20.76    14.68   347.45    14.1    23.7
da2-map/ht_mansion2               358x308  scen    1040     179    4390    50.86    28.54    26.13    18.84   479.33    16.8    25.4
da2-map/ht_mansion2b              358x308  rand    1000     136    3582    47.73    25.40    21.28    14.87   381.21    15.0    25.6
da2-map/ht_mansion2b              358x308  scen    1030     164    4430    50.42    27.77    24.82    17.39   470.64    16.9    27.1
da2-map/ht_mansion_n              133x270  rand    1000      43    1255    27.37    13.13     8.45     5.92   134.13    10.2    22.6
da2-map/ht_mansion_n              133x270  scen     580      65    2002    30.87    15.94    11.48     7.48   210.11    13.2    28.1
da2-map/ht_playershouse_n          185x68  rand    1000      24     585    15.11     8.69     5.08     3.64    60.34     6.9    16.6
da2-map/ht_playershouse_n          185x68  scen     360      28     725    15.64     9.38     5.73     4.01    74.92     8.0    18.7
da2-map/ht_store                    37x37  rand    1000       4      34     5.83     4.15     1.96     1.26     4.79     1.2     3.8
da2-map/ht_store                    37x37  scen      80       4      47     6.54     4.77     2.76     1.99     6.98     1.5     3.5
da2-map/lt_0_lowtown              514x514  rand    1000      66    3628    37.69    17.24    13.59     9.41   406.16    23.6    43.2
da2-map/lt_0_lowtown              514x514  scen    1180      95    5379    52.16    23.12    21.25    16.58   789.27    34.1    47.6
da2-map/lt_0_lowtown_a2           514x514  rand    1000      66    3615    38.36    17.98    14.27     9.75   426.12    23.7    43.7
da2-map/lt_0_lowtown_a2           514x514  scen    1250     101    5881    44.76    21.32    18.74    12.60   686.87    32.2    54.5
da2-map/lt_0_lowtown_a2_n         514x514  rand    1000      74    3631    39.72    18.33    14.69    10.39   418.06    22.8    40.2
da2-map/lt_0_lowtown_a2_n         514x514  scen    1230     119    5741    60.70    28.99    26.82    17.49   709.27    24.5    40.6
da2-map/lt_0_lowtown_a2_n_c       514x514  rand    1000      87    4886    45.81    21.60    17.14    11.39   555.77    25.7    48.8
da2-map/lt_0_lowtown_a2_n_c       514x514  scen    1280     116    6714    49.65    23.28    20.88    14.33   753.74    32.4    52.6
------------------------------------------------------------------------------------------------------------------------------------
map                                  size   tag   pairs  JPSexp   A*exp      cC#       cC      wC#       wC     A*us   A*/cC   A*/wC
------------------------------------------------------------------------------------------------------------------------------------
da2-map/lt_0_lowtown_a3_n_c       514x514  rand    1000      85    4587    54.18    23.86    23.15    12.87   591.00    24.8    45.9
da2-map/lt_0_lowtown_a3_n_c       514x514  scen    1300     117    6791    47.22    22.77    20.27    13.99   756.38    33.2    54.1
da2-map/lt_0_lowtown_docks        514x386  rand    1000      60    2941    36.81    16.36    13.06    10.59   342.67    20.9    32.4
da2-map/lt_0_lowtown_docks        514x386  scen    1030      75    3713    39.30    18.01    15.64    10.97   403.61    22.4    36.8
da2-map/lt_0_lowtown_docks_a3     514x386  rand    1000      50    2522    32.12    14.06    11.14     7.71   271.31    19.3    35.2
da2-map/lt_0_lowtown_docks_a3     514x386  scen    1040      68    3572    33.32    15.59    13.29     9.41   388.16    24.9    41.3
da2-map/lt_0_lowtown_docks_a3~    514x386  rand    1000      50    2522    31.04    13.76    11.06     7.51   269.91    19.6    35.9
da2-map/lt_0_lowtown_docks_a3~    514x386  scen    1050      70    3653    33.49    15.69    13.50     9.21   395.85    25.2    43.0
da2-map/lt_0_lowtown_docks_n      514x386  rand    1000      60    2941    34.37    16.15    12.37     8.34   318.64    19.7    38.2
da2-map/lt_0_lowtown_docks_n      514x386  scen    1030      75    3710    37.52    17.19    14.26     9.71   406.20    23.6    41.9
da2-map/lt_0_lowtown_n            514x514  rand    1000      65    3690    38.45    17.20    13.66     9.25   424.34    24.7    45.9
da2-map/lt_0_lowtown_n            514x514  scen    1200      93    5488    41.65    19.91    16.95    11.73   642.02    32.2    54.7
da2-map/lt_backalley_g            130x130  rand    1000      17     779    21.94     9.10     5.09     3.59    86.20     9.5    24.0
da2-map/lt_backalley_g            130x130  scen     420      23    1088    24.00    10.57     6.56     4.50   119.84    11.3    26.6
da2-map/lt_backalley_n            130x130  rand    1000      17     779    21.45     9.48     5.07     3.16    85.78     9.0    27.1
da2-map/lt_backalley_n            130x130  scen     420      23    1103    23.82    10.57     6.36     3.98   122.40    11.6    30.7
da2-map/lt_darktown               251x292  rand    1000      57    2109    31.37    15.01    10.78     7.43   220.57    14.7    29.7
da2-map/lt_darktown               251x292  scen     880      86    3147    35.48    17.77    14.35     9.89   328.73    18.5    33.2
da2-map/lt_foundry_n               109x92  rand    1000      28    1177    23.83    11.90     5.94     4.15   115.45     9.7    27.8
da2-map/lt_foundry_n               109x92  scen     510      33    1470    25.61    12.90     6.96     4.72   143.00    11.1    30.3
da2-map/lt_gallowscourtyard       514x642  rand    1000      60    2324    31.99    13.81    11.85     8.37   248.45    18.0    29.7
da2-map/lt_gallowscourtyard       514x642  scen    1030      98    3980    37.31    17.34    16.67    11.72   409.69    23.6    34.9
da2-map/lt_gallowscourtyard_n     514x642  rand    1000      18     762    16.48     7.15     5.25     3.63    80.35    11.2    22.1
da2-map/lt_gallowscourtyard_n     514x642  scen     730      26    1349    18.08     8.21     6.79     4.69   143.01    17.4    30.5
da2-map/lt_gallowsprison_n        116x242  rand    1000       6     182    14.20     5.05     2.69     1.67    20.17     4.0    12.1
da2-map/lt_gallowsprison_n        116x242  scen     320       8     318    15.13     5.83     3.54     2.73    33.79     5.8    12.4
da2-map/lt_gallowstemplar         251x180  rand    1000      51    1346    29.56    13.87     9.65     6.81   151.95    11.0    22.3
da2-map/lt_gallowstemplar         251x180  scen     610      59    1643    29.58    14.36    10.82     7.62   186.65    13.0    24.5
da2-map/lt_gallowstemplar_f       251x180  rand    1000      49    1276    28.94    13.75     9.31     6.69   140.40    10.2    21.0
da2-map/lt_gallowstemplar_f       251x180  scen     600      61    1619    28.97    14.48    10.96     7.53   177.37    12.3    23.6
da2-map/lt_gallowstemplar_n       251x180  rand    1000      51    1356    28.98    13.62     9.81     6.72   147.15    10.8    21.9
da2-map/lt_gallowstemplar_n       251x180  scen     620      64    1728    30.51    15.18    11.59     7.89   188.85    12.4    23.9
da2-map/lt_gamlenshouse_n         156x102  rand    1000       6      84     7.31     4.68     2.39     1.84    10.35     2.2     5.6
da2-map/lt_gamlenshouse_n         156x102  scen     130       6     100     7.42     5.06     3.64     2.31    12.54     2.5     5.4
da2-map/lt_hangedman              129x135  rand    1000      43     865    21.35    12.04     7.77     5.58    92.00     7.6    16.5
da2-map/lt_hangedman              129x135  scen     520      67    1345    27.49    14.92    10.59     7.28   139.14     9.3    19.1
da2-map/lt_hangedman_n            129x135  rand    1000      43     865    21.70    12.09     7.92     5.54    93.18     7.7    16.8
da2-map/lt_hangedman_n            129x135  scen     500      62    1254    25.43    14.44     9.71     6.80   131.38     9.1    19.3
da2-map/lt_house                    54x53  rand    1000       8      94     8.17     5.44     2.42     1.81    11.23     2.1     6.2
da2-map/lt_house                    54x53  scen      20       2       7     7.56     6.21    10.18     4.88     4.88     0.8     1.0
da2-map/lt_ruinedhouse_n          156x102  rand    1000       6      85     7.19     4.65     2.17     1.60    10.47     2.3     6.5
da2-map/lt_ruinedhouse_n          156x102  scen     130       7      97     7.52     5.34     3.24     3.12    12.28     2.3     3.9
da2-map/lt_shop                   156x102  rand    1000       7      88     6.68     4.71     2.63     2.11    10.55     2.2     5.0
da2-map/lt_shop                   156x102  scen     130       9     117     7.46     4.98     4.05     2.39    14.41     2.9     6.0
da2-map/lt_undercitydungeon       184x177  rand    1000      86    2888    42.33    19.99    14.11     9.53   287.44    14.4    30.2
da2-map/lt_undercitydungeon       184x177  scen     930     111    3729    46.29    22.98    16.61    11.63   366.58    16.0    31.5
da2-map/lt_undercityencounter     128x283  rand    1000      44    2102    35.16    14.18     9.00     6.29   218.92    15.4    34.8
da2-map/lt_undercityencounter     128x283  scen     750      53    2635    37.77    15.05    10.40     6.93   272.95    18.1    39.4
da2-map/lt_undercityserialkil~    184x177  rand    1000     102    2756    44.51    21.81    15.54    10.74   276.27    12.7    25.7
da2-map/lt_undercityserialkil~    184x177  scen     910     139    3760    50.24    25.47    19.62    13.85   370.86    14.6    26.8
------------------------------------------------------------------------------------------------------------------------------------
map                                  size   tag   pairs  JPSexp   A*exp      cC#       cC      wC#       wC     A*us   A*/cC   A*/wC
------------------------------------------------------------------------------------------------------------------------------------
da2-map/lt_warehouse              194x130  rand    1000      28     959    20.40    10.25     6.04     4.05   100.67     9.8    24.8
da2-map/lt_warehouse              194x130  scen     450      36    1342    22.44    11.34     7.70     5.21   137.13    12.1    26.3
da2-map/lt_warehouse_n            194x130  rand    1000      26     891    20.79    10.21     5.90     4.00    93.07     9.1    23.3
da2-map/lt_warehouse_n            194x130  scen     450      36    1298    21.47    11.44     7.48     5.00   130.93    11.4    26.2
da2-map/w_blightlands             514x514  rand    1000     115    4628    35.74    21.54    17.96    14.20   454.78    21.1    32.0
da2-map/w_blightlands             514x514  scen    2150     174    6757    43.65    27.42    24.73    19.82   661.15    24.1    33.4
da2-map/w_bonepit                 514x450  rand    1000      55    2961    31.34    13.08    10.33     6.84   315.69    24.1    46.2
da2-map/w_bonepit                 514x450  scen    1120      92    5105    36.42    16.35    14.23     9.86   535.75    32.8    54.3
da2-map/w_bonepitdestroyed_a3     514x450  rand    1000      70    6891    49.41    17.62    14.24     9.41   706.08    40.1    75.0
da2-map/w_bonepitdestroyed_a3     514x450  scen    1720      99   10010    54.01    20.50    17.20    11.96  1006.93    49.1    84.2
da2-map/w_bonepitmining_a2        514x450  rand    1000      55    2893    31.03    13.50    10.63     7.23   301.43    22.3    41.7
da2-map/w_bonepitmining_a2        514x450  scen    1140      91    4905    35.09    16.63    14.66    10.31   503.54    30.3    48.9
da2-map/w_encounter1              258x514  rand    1000      17     647    16.88     7.68     4.76     3.45    70.43     9.2    20.4
da2-map/w_encounter1              258x514  scen     520      25     972    17.79     8.22     6.32     4.18   105.58    12.8    25.2
da2-map/w_encounter2              514x514  rand    1000      29    3316    37.67    13.02     9.35     5.93   358.53    27.5    60.5
da2-map/w_encounter2              514x514  scen    1150      43    5499    39.28    15.13    12.21     7.96   606.34    40.1    76.2
da2-map/w_encounter2_camp         514x514  rand    1000      37    3816    38.79    14.26    10.41     6.85   408.07    28.6    59.5
da2-map/w_encounter2_camp         514x514  scen    1190      51    5894    40.88    15.95    12.76     8.62   635.55    39.8    73.8
da2-map/w_encounter3              386x642  rand    1000      28    1055    16.28     8.53     6.02     4.52   116.82    13.7    25.8
da2-map/w_encounter3              386x642  scen     850      48    1847    19.04    10.44     8.43     6.20   206.30    19.8    33.3
da2-map/w_sundermount             770x770  rand    1000     103    5548    49.42    23.27    20.44    14.42   589.22    25.3    40.9
da2-map/w_sundermount             770x770  scen    1730     155    8188    55.55    28.29    26.71    19.35   885.66    31.3    45.8
da2-map/w_woundedcoast            642x578  rand    1000     191    7427    57.47    33.04    29.43    21.65   793.81    24.0    36.7
da2-map/w_woundedcoast            642x578  scen    2100     235    9363    63.23    36.94    36.41    26.13  1023.96    27.7    39.2
dao-map/arena                       49x49  rand    1000       6      83    11.02     5.54     2.90     1.87    10.10     1.8     5.4
dao-map/arena                       49x49  scen     130       6      86    11.78     6.20     4.39     2.75    11.11     1.8     4.0
dao-map/arena2                    281x209  rand    1000      48    2929    50.89    17.62    11.92     7.07   316.82    18.0    44.8
dao-map/arena2                    281x209  scen     910      87    5536    62.26    23.69    17.95    11.15   627.26    26.5    56.3
dao-map/brc000d                   257x261  rand    1000     103    2019    60.91    24.25    18.98    12.69   215.53     8.9    17.0
dao-map/brc000d                   257x261  scen     850     258    4665    93.79    40.75    38.47    26.36   509.03    12.5    19.3
dao-map/brc100d                   512x492  rand    1000     204    6204    73.63    35.65    31.71    22.30   684.40    19.2    30.7
dao-map/brc100d                   512x492  scen    1360     317    9271    86.75    45.41    45.49    32.74  1003.64    22.1    30.7
dao-map/brc101d                   384x639  rand    1000     122    5309    63.75    26.74    22.47    15.76   673.19    25.2    42.7
dao-map/brc101d                   384x639  scen    1570     173    7475    67.10    30.27    28.04    19.84   866.34    28.6    43.7
dao-map/brc200d                   528x209  rand    1000      92    2740    36.87    19.55    15.17    10.44   306.18    15.7    29.3
dao-map/brc200d                   528x209  scen    1280     174    5224    48.81    26.86    24.44    17.00   591.81    22.0    34.8
dao-map/brc201d                   391x388  rand    1000     164    5727    63.58    30.97    26.46    19.06   597.73    19.3    31.4
dao-map/brc201d                   391x388  scen    2090     245    8508    70.57    36.98    34.60    25.07   840.77    22.7    33.5
dao-map/brc202d                   530x481  rand    1000     423   11855   110.55    58.89    58.50    41.22  1249.30    21.2    30.3
dao-map/brc202d                   530x481  scen    2550     581   16229   128.48    72.61    76.75    54.90  1681.98    23.2    30.6
dao-map/brc203d                   274x391  rand    1000     120    3500    49.75    23.59    19.21    13.15   390.53    16.6    29.7
dao-map/brc203d                   274x391  scen    1290     183    5452    58.84    30.08    26.55    18.63   614.17    20.4    33.0
dao-map/brc204d                   431x429  rand    1000     123    3729    46.60    22.49    19.03    13.12   402.40    17.9    30.7
dao-map/brc204d                   431x429  scen    1460     182    5577    54.43    27.26    25.22    17.80   599.18    22.0    33.7
dao-map/brc300d                   359x252  rand    1000      69    1600    20.61    13.13     9.85     7.58   157.92    12.0    20.8
dao-map/brc300d                   359x252  scen    1120      95    2259    23.44    15.35    12.32     9.39   220.71    14.4    23.5
dao-map/brc501d                   225x288  rand    1000     429    9515   220.84    75.04    65.85    44.18  1089.41    14.5    24.7
dao-map/brc501d                   225x288  scen    1410     779   16112   280.83   108.27   112.25    77.17  1713.69    15.8    22.2
dao-map/brc502d                   486x254  rand    1000      15     411    13.36     6.52     4.05     2.76    43.41     6.7    15.7
dao-map/brc502d                   486x254  scen     460      31     944    16.14     8.53     6.68     4.66    99.99    11.7    21.4
------------------------------------------------------------------------------------------------------------------------------------
map                                  size   tag   pairs  JPSexp   A*exp      cC#       cC      wC#       wC     A*us   A*/cC   A*/wC
------------------------------------------------------------------------------------------------------------------------------------
dao-map/brc503d                   320x257  rand    1000     494   11778   217.95    81.20    72.62    49.72  1299.78    16.0    26.1
dao-map/brc503d                   320x257  scen    1570     852   19394   271.55   116.14   120.35    82.43  2013.80    17.3    24.4
dao-map/brc504d                   260x256  rand    1000     623   11689   220.30    98.66    92.36    62.22  1295.72    13.1    20.8
dao-map/brc504d                   260x256  scen    1610     863   15645   234.69   118.27   122.76    83.07  1670.17    14.1    20.1
dao-map/brc505d                   261x193  rand    1000     496    7117   173.43    80.16    69.44    48.15   760.79     9.5    15.8
dao-map/brc505d                   261x193  scen    1510    1061   15006   270.61   137.77   141.15    98.03  1545.09    11.2    15.8
dao-map/brc997d                   256x256  rand    1000      36    1032    37.73    12.35     8.99     5.79   108.56     8.8    18.7
dao-map/brc997d                   256x256  scen     660      62    1941    44.94    16.10    12.37     8.39   203.62    12.6    24.3
dao-map/brc999d                   518x512  rand    1000      11     460    20.72     6.33     4.14     2.79    48.35     7.6    17.3
dao-map/brc999d                   518x512  scen     450      17     920    23.50     7.58     7.22     3.98    91.90    12.1    23.1
dao-map/combat                    177x193  rand    1000       5    1085    88.54     9.38     7.09     2.20   111.44    11.9    50.6
dao-map/combat                    177x193  scen     680       7    2185   105.27    11.92     9.52     3.42   253.25    21.2    74.1
dao-map/combat2                   177x193  rand    1000       5    1056    87.10     9.26     6.87     2.13   109.15    11.8    51.2
dao-map/combat2                   177x193  scen     680       7    2239   116.41    12.22    11.95     4.14   270.06    22.1    65.2
dao-map/den000d                   503x351  rand    1000     103    6909    89.42    28.77    22.35    14.10   803.46    27.9    57.0
dao-map/den000d                   503x351  scen    1310     171   11324   100.86    35.98    31.72    21.01  1373.49    38.2    65.4
dao-map/den001d                    211x80  rand    1000      21     889    37.58    11.98     6.26     4.90   113.58     9.5    23.2
dao-map/den001d                    211x80  scen     480      21     955    22.30     9.41     5.68     3.50    97.90    10.4    28.0
dao-map/den005d                   241x328  rand    1000     156    4599    52.36    27.39    22.09    15.20   488.89    17.9    32.2
dao-map/den005d                   241x328  scen    1500     246    7165    64.28    34.90    31.78    22.00   756.44    21.7    34.4
dao-map/den009d                     50x34  rand    1000       9     173    10.80     6.24     2.24     1.52    17.91     2.9    11.8
dao-map/den009d                     50x34  scen     170      11     240    12.11     7.24     3.30     2.07    24.05     3.3    11.6
dao-map/den011d                   247x167  rand    1000      80    2138    38.73    19.69    13.38     9.16   224.88    11.4    24.6
dao-map/den011d                   247x167  scen     750     105    2838    42.00    21.81    16.84    11.21   297.65    13.6    26.5
dao-map/den012d                   310x350  rand    1000     120    4342    59.07    24.13    19.18    12.99   454.61    18.8    35.0
dao-map/den012d                   310x350  scen    1180     174    6391    65.24    28.98    25.70    17.54   665.72    23.0    37.9
dao-map/den020d                    89x118  rand    1000      24     516    16.46     8.51     4.72     3.23    54.40     6.4    16.8
dao-map/den020d                    89x118  scen     380      33     737    17.67     9.58     5.66     3.97    76.89     8.0    19.4
dao-map/den101d                     73x41  rand    1000      14     211    10.31     6.75     3.02     2.12    22.79     3.4    10.8
dao-map/den101d                     73x41  scen     210      18     292    11.56     7.82     4.17     2.98    31.02     4.0    10.4
dao-map/den200d                   320x455  rand    1000      79    2363    37.14    16.93    13.51     9.45   270.18    16.0    28.6
dao-map/den200d                   320x455  scen    1030     126    3952    46.60    23.99    21.22    15.06   461.72    19.2    30.7
dao-map/den200n                   320x455  rand    1000      85    2308    38.22    18.19    14.47    10.11   256.71    14.1    25.4
dao-map/den200n                   320x455  scen     990     137    3806    46.20    22.90    21.02    14.64   428.89    18.7    29.3
dao-map/den201d                     37x37  rand    1000       5      43     6.90     4.63     2.01     1.28     6.02     1.3     4.7
dao-map/den201d                     37x37  scen     100       6      61     7.30     5.59     2.76     1.96     7.89     1.4     4.0
dao-map/den202d                     39x40  rand    1000       5      50     6.51     4.83     2.02     1.36     6.46     1.3     4.8
dao-map/den202d                     39x40  scen     110       7      98     9.06     6.15     3.00     2.13    11.67     1.9     5.5
dao-map/den203d                     93x77  rand    1000      28     504    16.77     9.57     5.11     3.67    55.60     5.8    15.2
dao-map/den203d                     93x77  scen     330      35     663    20.81    13.63     7.44     5.22    78.74     5.8    15.1
dao-map/den204d                     66x66  rand    1000      13     182    15.18     8.52     4.05     2.94    23.18     2.7     7.9
dao-map/den204d                     66x66  scen     200      19     303    18.59    10.34     5.92     4.10    37.35     3.6     9.1
dao-map/den206d                    50x190  rand    1000      32    1033    24.82    13.69     7.73     4.99   125.26     9.1    25.1
dao-map/den206d                    50x190  scen     580      39    1259    30.08    15.10     8.65     6.14   149.09     9.9    24.3
dao-map/den207d                     38x50  rand    1000       7      84     8.71     6.59     2.96     2.21    11.34     1.7     5.1
dao-map/den207d                     38x50  scen     140       9     123    10.99     7.11     3.55     2.23    18.04     2.5     8.1
dao-map/den308d                    100x88  rand    1000      16     358    17.21     9.20     4.36     3.77    47.42     5.2    12.6
dao-map/den308d                    100x88  scen     290      23     549    18.21     9.50     5.40     3.45    64.77     6.8    18.8
dao-map/den312d                     65x81  rand    1000      22     343    14.41     8.28     4.70     3.16    37.88     4.6    12.0
dao-map/den312d                     65x81  scen     290      28     477    16.06     9.40     5.37     3.95    51.40     5.5    13.0
------------------------------------------------------------------------------------------------------------------------------------
map                                  size   tag   pairs  JPSexp   A*exp      cC#       cC      wC#       wC     A*us   A*/cC   A*/wC
------------------------------------------------------------------------------------------------------------------------------------
dao-map/den400d                   259x268  rand    1000      61    1996    61.15    18.64    13.61     8.75   217.01    11.6    24.8
dao-map/den400d                   259x268  scen     810     114    3786    76.23    25.48    21.38    13.77   419.92    16.5    30.5
dao-map/den401d                   259x113  rand    1000      70    1862    40.46    19.85    13.97     9.38   215.19    10.8    22.9
dao-map/den401d                   259x113  scen     730      85    2253    37.63    20.55    14.46     9.71   262.35    12.8    27.0
dao-map/den403d                     74x49  rand    1000      13     246    13.52     7.05     3.42     2.59    27.22     3.9    10.5
dao-map/den403d                     74x49  scen     200      13     291    14.03     7.88     4.22     2.79    32.25     4.1    11.6
dao-map/den404d                     28x34  rand    1000       6      64     6.88     5.03     2.02     1.63     8.03     1.6     4.9
dao-map/den404d                     28x34  scen     100       7      76     6.66     5.06     2.49     1.88     9.03     1.8     4.8
dao-map/den405d                     74x42  rand    1000       8      93     8.15     5.65     2.84     2.26    11.68     2.1     5.2
dao-map/den405d                     74x42  scen     140       9     111     8.90     6.75     4.23     3.42    14.72     2.2     4.3
dao-map/den407d                     33x57  rand    1000       6      69     7.98     5.12     2.56     2.10     8.70     1.7     4.1
dao-map/den407d                     33x57  scen     140       7      96     9.28     6.29     3.51     2.48    12.03     1.9     4.8
dao-map/den408d                     34x50  rand    1000       6      48     7.35     5.33     2.62     2.01     6.76     1.3     3.4
dao-map/den408d                     34x50  scen     120       8      75     8.65     6.39     4.15     2.98    11.20     1.8     3.8
dao-map/den500d                   288x417  rand    1000     125    6129    65.29    27.04    21.41    14.03   649.00    24.0    46.3
dao-map/den500d                   288x417  scen    1600     177    8564    72.47    30.74    26.83    18.02   887.33    28.9    49.2
dao-map/den501d                   320x338  rand    1000     161    4725    67.63    31.04    25.64    18.68   508.02    16.4    27.2
dao-map/den501d                   320x338  scen    1170     200    6014    67.05    32.70    30.01    20.55   640.05    19.6    31.1
dao-map/den502d                   211x251  rand    1000      13    1533    63.07    10.75     7.41     3.48   179.77    16.7    51.7
dao-map/den502d                   211x251  scen     680      18    2627    57.57    11.36     9.24     4.26   274.55    24.2    64.4
dao-map/den504d                   158x227  rand    1000      51    1748    40.57    15.49     9.73     6.68   193.13    12.5    28.9
dao-map/den504d                   158x227  scen     630      58    2153    39.78    15.81    11.07     7.17   237.16    15.0    33.1
dao-map/den505d                   288x432  rand    1000     116    5904    62.45    25.60    20.23    13.31   631.58    24.7    47.5
dao-map/den505d                   288x432  scen    1600     175    8666    69.37    30.90    26.66    18.19   901.94    29.2    49.6
dao-map/den510d                   385x467  rand    1000     314   11149   133.26    55.90    50.31    35.37  1323.69    23.7    37.4
dao-map/den510d                   385x467  scen    1940     650   20853   186.10    88.11    92.63    64.80  2449.09    27.8    37.8
dao-map/den520d                   256x257  rand    1000      75    3418    61.37    20.14    14.87     9.58   369.79    18.4    38.6
dao-map/den520d                   256x257  scen     870     104    4742    65.48    24.19    19.10    12.38   555.58    23.0    44.9
dao-map/den600d                   354x169  rand    1000     117    3905    45.05    23.68    18.17    12.36   427.96    18.1    34.6
dao-map/den600d                   354x169  scen    1390     177    5895    55.37    30.22    25.08    17.12   653.70    21.6    38.2
dao-map/den601d                   374x187  rand    1000     150    5032    55.25    28.61    23.01    15.72   530.34    18.5    33.7
dao-map/den601d                   374x187  scen    1450     235    7725    69.65    38.19    33.69    23.27   817.58    21.4    35.1
dao-map/den602d                   710x402  rand    1000     370    9491    88.32    52.10    52.47    37.31  1034.76    19.9    27.7
dao-map/den602d                   710x402  scen    2660     593   14782   124.97    74.34    81.09    57.81  1623.36    21.8    28.1
dao-map/den900d                   128x128  rand    1000      13     395    19.26     7.32     3.85     2.50    43.36     5.9    17.4
dao-map/den900d                   128x128  scen     360      15     545    20.05     8.16     5.17     3.22    58.88     7.2    18.3
dao-map/den901d                   129x128  rand    1000      14     565    27.87     8.30     4.49     2.75    60.99     7.3    22.2
dao-map/den901d                   129x128  scen     440      27    1268    34.75    11.08     7.32     4.32   137.04    12.4    31.7
dao-map/den998d                     62x86  rand    1000      17     207    11.60     6.73     3.55     2.59    23.11     3.4     8.9
dao-map/den998d                     62x86  scen     230      21     282    13.28     8.09     4.85     3.25    31.55     3.9     9.7
dao-map/hrt000d                   408x876  rand    1000     289   12507   181.08    52.37    50.43    33.62  1465.20    28.0    43.6
dao-map/hrt000d                   408x876  scen    2260     584   24337   242.07    86.05    88.66    64.08  2917.84    33.9    45.5
dao-map/hrt001d                   104x112  rand    1000      15     343    14.38     6.90     3.71     2.48    37.84     5.5    15.3
dao-map/hrt001d                   104x112  scen     320      23     578    18.89     9.10     5.40     3.66    69.10     7.6    18.9
dao-map/hrt002d                     49x50  rand    1000      13     118     8.64     5.91     2.95     1.98    14.14     2.4     7.1
dao-map/hrt002d                     49x50  scen     170      20     209    10.85     7.24     3.94     2.88    23.85     3.3     8.3
dao-map/hrt201d                   297x272  rand    1000     119    3106    49.51    24.73    18.74    12.90   336.45    13.6    26.1
dao-map/hrt201d                   297x272  scen    1100     212    5404    62.71    34.22    29.53    20.82   590.74    17.3    28.4
dao-map/hrt201n                   294x305  rand    1000     162    4329    57.80    30.29    24.44    16.84   465.54    15.4    27.7
dao-map/hrt201n                   294x305  scen    1180     213    5687    62.63    33.85    29.86    21.12   599.04    17.7    28.4
------------------------------------------------------------------------------------------------------------------------------------
map                                  size   tag   pairs  JPSexp   A*exp      cC#       cC      wC#       wC     A*us   A*/cC   A*/wC
------------------------------------------------------------------------------------------------------------------------------------
dao-map/isound1                     55x63  rand    1000       5     290    18.75     6.98     2.62     1.40    30.79     4.4    22.0
dao-map/isound1                     55x63  scen     200       5     352    19.14     7.15     3.58     1.60    36.10     5.0    22.5
dao-map/lak100c                   538x793  rand    1000     240    8805    71.51    36.12    35.30    25.28   917.77    25.4    36.3
dao-map/lak100c                   538x793  scen    1920     353   12884    84.97    46.54    48.70    35.30  1361.65    29.3    38.6
dao-map/lak100d                   538x792  rand    1000     286    9245    81.01    42.23    41.26    29.82   973.81    23.1    32.7
dao-map/lak100d                   538x792  scen    2040     469   14572   106.08    59.86    63.37    46.51  1543.43    25.8    33.2
dao-map/lak100n                   538x793  rand    1000     282    8525    77.06    40.52    40.07    28.71   894.16    22.1    31.1
dao-map/lak100n                   538x793  scen    1910     416   12455    93.53    52.66    55.95    40.59  1318.55    25.0    32.5
dao-map/lak101d                     30x31  rand    1000       3      26     4.96     3.91     1.60     0.95     3.65     0.9     3.8
dao-map/lak101d                     30x31  scen      60       3      29     6.34     5.38     3.39     2.70     5.85     1.1     2.2
dao-map/lak102d                     38x30  rand    1000       7      61     6.69     4.86     2.25     1.48     7.63     1.6     5.2
dao-map/lak102d                     38x30  scen     100       8      74     6.75     4.95     2.59     1.75     9.48     1.9     5.4
dao-map/lak103d                     49x49  rand    1000      15     191     9.37     6.34     2.97     2.18    20.95     3.3     9.6
dao-map/lak103d                     49x49  scen     230      20     279    11.18     7.58     3.89     2.85    29.60     3.9    10.4
dao-map/lak104d                     41x41  rand    1000       7      67     7.39     4.96     2.07     1.54     8.22     1.7     5.4
dao-map/lak104d                     41x41  scen     120       8      90     8.17     5.77     3.13     2.15    11.11     1.9     5.2
dao-map/lak105d                     31x25  rand    1000       8      58     6.43     5.08     2.15     1.55     7.39     1.5     4.8
dao-map/lak105d                     31x25  scen      90       9      71     7.42     5.37     3.08     2.09     9.43     1.8     4.5
dao-map/lak106d                    97x113  rand    1000       7     160    11.29     5.05     2.39     1.63    17.96     3.6    11.0
dao-map/lak106d                    97x113  scen     230      11     295    12.65     6.18     3.64     2.41    32.98     5.3    13.7
dao-map/lak107d                     36x26  rand    1000       4      47     5.72     4.35     1.83     1.08     6.14     1.4     5.7
dao-map/lak107d                     36x26  scen     100       6      79     7.61     5.33     2.56     1.58     9.34     1.8     5.9
dao-map/lak108d                     27x26  rand    1000       4      27     5.00     3.92     1.75     1.05     4.08     1.0     3.9
dao-map/lak108d                     27x26  scen      60       5      28     5.20     4.37     2.43     1.82     4.60     1.1     2.5
dao-map/lak109d                     33x42  rand    1000       7      48     5.59     4.20     1.79     1.25     6.00     1.4     4.8
dao-map/lak109d                     33x42  scen     100       8      57     5.70     4.39     2.24     1.66     7.09     1.6     4.3
dao-map/lak110d                     30x21  rand    1000       4      19     3.95     3.45     1.32     0.94     2.84     0.8     3.0
dao-map/lak110d                     30x21  scen      50       4      19     4.65     4.15     2.29     1.81     3.47     0.8     1.9
dao-map/lak200d                   352x261  rand    1000      20     966    23.40     8.10     5.36     3.55   102.36    12.6    28.9
dao-map/lak200d                   352x261  scen     560      32    1736    21.16     9.10     6.67     4.43   178.04    19.6    40.2
dao-map/lak201d                   252x163  rand    1000      72    2288    41.10    19.92    12.39     9.69   272.99    13.7    28.2
dao-map/lak201d                   252x163  scen     790      85    2692    34.46    18.79    13.21     9.27   279.12    14.9    30.1
dao-map/lak202d                   159x182  rand    1000      44    1403    23.95    12.13     7.49     5.24   145.89    12.0    27.8
dao-map/lak202d                   159x182  scen     670      60    1963    27.17    14.03     9.35     6.46   203.66    14.5    31.5
dao-map/lak203d                   112x146  rand    1000      14     243    10.12     5.95     3.35     2.37    27.33     4.6    11.5
dao-map/lak203d                   112x146  scen     320      24     455    12.50     7.53     5.04     3.44    51.11     6.8    14.9
dao-map/lak250d                   257x257  rand    1000      10     164    10.51     5.66     3.25     2.18    18.72     3.3     8.6
dao-map/lak250d                   257x257  scen     270      21     359    12.78     7.16     5.81     3.67    39.60     5.5    10.8
dao-map/lak300d                   384x528  rand    1000      24     993    24.05     8.55     6.28     4.05   105.65    12.4    26.1
dao-map/lak300d                   384x528  scen     730      40    1789    27.38    10.47     8.84     5.83   190.41    18.2    32.6
dao-map/lak302d                   193x289  rand    1000      88    3421    41.65    20.05    14.11     9.79   361.17    18.0    36.9
dao-map/lak302d                   193x289  scen    1000     115    4528    44.91    22.07    17.12    11.96   479.33    21.7    40.1
dao-map/lak303d                   194x194  rand    1000     163    3472    61.69    31.09    23.25    15.97   345.86    11.1    21.7
dao-map/lak303d                   194x194  scen    1040     250    5140    73.67    39.89    33.24    22.89   492.61    12.3    21.5
dao-map/lak304d                   193x194  rand    1000     104    2725    48.87    24.12    16.60    11.22   291.70    12.1    26.0
dao-map/lak304d                   193x194  scen     750     156    3851    56.27    29.60    22.90    15.86   414.40    14.0    26.1
dao-map/lak307d                     84x84  rand    1000       6     179    18.63     5.72     2.78     1.63    19.03     3.3    11.7
dao-map/lak307d                     84x84  scen     200       6     211    18.91     6.00     4.25     2.01    22.58     3.8    11.2
dao-map/lak308d                   298x324  rand    1000     106    2596    34.59    19.30    15.11    11.00   274.26    14.2    24.9
dao-map/lak308d                   298x324  scen    1240     148    3595    39.72    22.74    19.75    14.36   380.13    16.7    26.5
------------------------------------------------------------------------------------------------------------------------------------
map                                  size   tag   pairs  JPSexp   A*exp      cC#       cC      wC#       wC     A*us   A*/cC   A*/wC
------------------------------------------------------------------------------------------------------------------------------------
dao-map/lak400d                 1057x1057  rand    1000     143    5294    57.09    27.02    26.30    18.43   613.20    22.7    33.3
dao-map/lak400d                 1057x1057  scen    1320     202    7467    65.21    32.79    34.72    24.14   876.91    26.7    36.3
dao-map/lak401d                   401x593  rand    1000     270    9429    95.01    43.65    40.30    27.66  1002.65    23.0    36.2
dao-map/lak401d                   401x593  scen    2180     392   13411   105.71    54.23    54.69    38.53  1428.21    26.3    37.1
dao-map/lak403d                   403x649  rand    1000      31    1444    41.14    11.62     8.47     5.54   154.37    13.3    27.9
dao-map/lak403d                   403x649  scen    1090      34    2301    39.48    11.46     9.21     6.20   245.68    21.4    39.6
dao-map/lak404d                    528x70  rand    1000      52    2217    34.17    15.38    10.14     6.60   247.62    16.1    37.5
dao-map/lak404d                    528x70  scen    1330      81    3509    43.37    20.12    13.49     9.27   396.03    19.7    42.7
dao-map/lak405d                  833x1006  rand    1000     402   12131    92.79    57.70    58.39    42.83  1321.35    22.9    30.9
dao-map/lak405d                  833x1006  scen    4040     519   15860   107.06    66.50    71.76    53.60  1704.70    25.6    31.8
dao-map/lak503d                   194x194  rand    1000     175    4717    72.50    34.83    25.88    17.94   488.54    14.0    27.2
dao-map/lak503d                   194x194  scen    1220     265    7032    90.77    44.50    37.33    25.09   690.50    15.5    27.5
dao-map/lak504d                   193x194  rand    1000      98    2617    46.38    22.92    15.59    10.71   276.82    12.1    25.9
dao-map/lak504d                   193x194  scen     720     138    3612    59.36    31.06    22.27    20.04   430.79    13.9    21.5
dao-map/lak505d                   194x195  rand    1000     191    3804    78.36    37.23    28.43    19.25   385.88    10.4    20.0
dao-map/lak505d                   194x195  scen     920     279    5549    89.76    44.90    38.10    26.25   535.92    11.9    20.4
dao-map/lak506d                   194x205  rand    1000     201    4063    64.28    35.00    27.61    19.18   400.31    11.4    20.9
dao-map/lak506d                   194x205  scen    1110     255    5149    70.33    39.58    33.35    23.23   499.93    12.6    21.5
dao-map/lak507d                     84x84  rand    1000       4     163    18.63     5.48     2.58     1.56    17.81     3.3    11.4
dao-map/lak507d                     84x84  scen     210       5     231    19.56     6.96     4.32     1.89    25.89     3.7    13.7
dao-map/lak510d                   287x253  rand    1000      15     565    17.84     7.91     4.58     3.35    61.87     7.8    18.5
dao-map/lak510d                   287x253  scen     420      18     734    17.55     7.47     5.29     3.32    75.58    10.1    22.8
dao-map/lak511d                   207x533  rand    1000      66    2385    46.62    17.48    12.89     8.38   266.82    15.3    31.8
dao-map/lak511d                   207x533  scen    1050     111    4381    54.58    22.19    18.91    12.29   501.07    22.6    40.8
dao-map/lak512d                   297x658  rand    1000     205    6748    74.42    33.68    30.86    21.75   749.84    22.3    34.5
dao-map/lak512d                   297x658  scen    2100     288    9623    86.88    41.99    40.51    29.09  1077.98    25.7    37.1
dao-map/lak513d                   389x637  rand    1000      59    2444    42.22    16.45    12.87     8.13   263.97    16.0    32.5
dao-map/lak513d                   389x637  scen     880      65    2926    41.01    17.61    14.35     9.66   331.02    18.8    34.3
dao-map/lak514d                   409x339  rand    1000      11     403    19.96     7.32     4.93     2.67    43.53     5.9    16.3
dao-map/lak514d                   409x339  scen     420      17     938    19.14     8.08     7.93     3.85   100.31    12.4    26.0
dao-map/lak515d                   114x112  rand    1000       6      86     9.71     4.49     2.04     1.37     9.92     2.2     7.2
dao-map/lak515d                   114x112  scen     180       8     155    11.21     5.35     3.66     2.05    16.79     3.1     8.2
dao-map/lak519d                   168x145  rand    1000      27     888    34.53    11.39     6.85     4.25    95.55     8.4    22.5
dao-map/lak519d                   168x145  scen     480      39    1487    40.79    13.91     9.26     5.69   162.44    11.7    28.5
dao-map/lak526d                   129x124  rand    1000      10     129     7.67     5.19     2.95     2.16    14.70     2.8     6.8
dao-map/lak526d                   129x124  scen     210      14     202     8.34     5.99     3.94     2.96    21.39     3.6     7.2
dao-map/lgt101d                     44x28  rand    1000      10      57     6.47     4.97     2.81     2.17     7.30     1.5     3.4
dao-map/lgt101d                     44x28  scen     110      14      83     8.42     6.37     4.20     3.12    10.49     1.6     3.4
dao-map/lgt300d                   531x747  rand    1000     183    5745    72.85    31.74    29.93    21.13   626.46    19.7    29.6
dao-map/lgt300d                   531x747  scen    1730     317    9339    94.77    44.52    46.79    33.83  1040.16    23.4    30.7
dao-map/lgt600d                   643x645  rand    1000      18    1497    27.02     8.35     5.99     4.09   160.20    19.2    39.1
dao-map/lgt600d                   643x645  scen     940      41    4137    33.40    12.97    10.49     7.28   465.92    35.9    64.0
dao-map/lgt601d                   258x258  rand    1000      30    1566    50.62    13.36     8.89     5.43   169.84    12.7    31.3
dao-map/lgt601d                   258x258  scen     800      40    2475    60.02    16.65    12.17     8.04   270.11    16.2    33.6
dao-map/lgt602d                   266x277  rand    1000     110    4751    73.56    26.56    19.12    12.55   515.32    19.4    41.0
dao-map/lgt602d                   266x277  scen     980     147    6401    78.26    29.50    23.52    15.81   695.40    23.6    44.0
dao-map/lgt603d                   261x262  rand    1000     184    7067    76.51    33.06    25.86    18.00   725.15    21.9    40.3
dao-map/lgt603d                   261x262  scen    1480     248    9575    86.51    38.99    33.12    22.94   983.16    25.2    42.9
dao-map/lgt604d                   258x252  rand    1000      24    1284    27.31    10.05     6.35     4.49   137.57    13.7    30.6
dao-map/lgt604d                   258x252  scen     770      42    2278    31.07    12.57     8.62     6.00   237.53    18.9    39.6
------------------------------------------------------------------------------------------------------------------------------------
map                                  size   tag   pairs  JPSexp   A*exp      cC#       cC      wC#       wC     A*us   A*/cC   A*/wC
------------------------------------------------------------------------------------------------------------------------------------
dao-map/lgt605d                   107x125  rand    1000       5     169    13.75     5.69     2.77     1.94    18.47     3.2     9.5
dao-map/lgt605d                   107x125  scen     220       6     216    13.81     6.09     4.01     2.61    23.44     3.8     9.0
dao-map/orz000d                    79x137  rand    1000       9     286    18.22     6.53     3.47     2.51    31.48     4.8    12.6
dao-map/orz000d                    79x137  scen     320      12     430    21.06     7.38     4.78     2.91    45.91     6.2    15.8
dao-map/orz100d                   412x395  rand    1000     704   25526   276.02   109.49   108.60    71.13  2803.02    25.6    39.4
dao-map/orz100d                   412x395  scen    2420     999   35185   312.62   135.77   143.40    99.75  3848.62    28.3    38.6
dao-map/orz101d                     48x95  rand    1000      10     168    10.86     5.94     2.79     1.92    18.53     3.1     9.6
dao-map/orz101d                     48x95  scen     210      11     195    11.65     6.47     3.57     2.41    21.91     3.4     9.1
dao-map/orz102d                     46x47  rand    1000       5      57     6.74     4.47     1.77     1.26     7.09     1.6     5.6
dao-map/orz102d                     46x47  scen     110       6      72     7.63     5.24     3.00     2.19     9.16     1.7     4.2
dao-map/orz103d                   463x456  rand    1000     590   15283   124.78    73.89    75.52    53.75  1499.78    20.3    27.9
dao-map/orz103d                   463x456  scen    3790     778   20130   145.82    89.95    96.30    69.68  1965.53    21.9    28.2
dao-map/orz105d                     47x60  rand    1000       5      55     6.84     4.10     1.63     1.14     6.66     1.6     5.8
dao-map/orz105d                     47x60  scen     120       6      73     7.55     4.71     2.52     1.81     9.00     1.9     5.0
dao-map/orz106d                     25x33  rand    1000       4      25     4.93     3.67     1.54     1.05     3.60     1.0     3.4
dao-map/orz106d                     25x33  scen      70       5      34     5.56     4.26     2.39     1.65     4.86     1.1     2.9
dao-map/orz107d                     34x48  rand    1000       5      56     6.88     4.44     1.74     1.21     7.00     1.6     5.8
dao-map/orz107d                     34x48  scen     100       5      63     7.30     4.57     2.44     1.63     7.74     1.7     4.8
dao-map/orz200d                   272x260  rand    1000      44     730    19.01    10.80     7.69     5.46    79.90     7.4    14.6
dao-map/orz200d                   272x260  scen     510      75    1277    23.38    13.89    11.80     8.13   133.78     9.6    16.5
dao-map/orz201d                     47x45  rand    1000       8      83     7.62     5.14     2.16     1.54    10.03     1.9     6.5
dao-map/orz201d                     47x45  scen     120       9     101     8.58     5.78     3.29     2.22    12.42     2.2     5.6
dao-map/orz203d                     19x35  rand    1000       3      20     4.46     3.61     1.41     0.97     2.89     0.8     3.0
dao-map/orz203d                     19x35  scen      60       3      27     5.17     4.11     2.23     1.58     4.12     1.0     2.6
dao-map/orz300d                   649x386  rand    1000     303   12155   133.55    54.31    49.07    32.52  1377.69    25.4    42.4
dao-map/orz300d                   649x386  scen    1560     429   16604   142.68    63.79    64.55    43.75  1892.27    29.7    43.2
dao-map/orz301d                   120x180  rand    1000      22     479    16.97     8.04     4.78     3.25    52.77     6.6    16.2
dao-map/orz301d                   120x180  scen     390      25     593    18.02     8.44     5.60     3.74    65.05     7.7    17.4
dao-map/orz302d                   146x145  rand    1000      18     699    18.51     8.61     4.53     3.14    73.80     8.6    23.5
dao-map/orz302d                   146x145  scen     490      27    1125    21.01    10.20     6.15     4.06   117.26    11.5    28.9
dao-map/orz303d                   390x267  rand    1000      93    3716    48.21    22.30    17.13    11.69   399.17    17.9    34.2
dao-map/orz303d                   390x267  scen    1140     132    5275    53.12    26.02    22.22    15.26   581.94    22.4    38.1
dao-map/orz304d                    75x155  rand    1000      21     523    19.01     8.64     4.56     3.14    58.20     6.7    18.5
dao-map/orz304d                    75x155  scen     380      24     679    19.98     9.08     5.62     3.65    75.76     8.3    20.8
dao-map/orz500d                   303x342  rand    1000      33    1238    32.86    12.21     9.47     6.19   148.20    12.1    23.9
dao-map/orz500d                   303x342  scen     860      57    2144    46.91    16.98    16.46     8.81   302.67    17.8    34.4
dao-map/orz601d                    107x47  rand    1000      11     216    10.37     6.53     3.32     2.80    26.71     4.1     9.5
dao-map/orz601d                    107x47  scen     240      12     289    16.18     7.33     4.26     2.65    35.87     4.9    13.5
dao-map/orz700d                 1104x1260  rand    1000     631   20796   156.72    85.63    95.12    69.88  2333.29    27.2    33.4
dao-map/orz700d                 1104x1260  scen    3880     923   29577   193.04   113.97   131.40    97.85  3251.38    28.5    33.2
dao-map/orz701d                   839x722  rand    1000     372   11609    88.08    50.93    53.48    38.40  1205.03    23.7    31.4
dao-map/orz701d                   839x722  scen    3040     517   16210   106.59    64.01    69.84    51.22  1680.30    26.3    32.8
dao-map/orz702d                   718x939  rand    1000     829   20168   196.12   103.85   115.97    84.48  2128.85    20.5    25.2
dao-map/orz702d                   718x939  scen    4130    1412   33465   274.57   160.63   191.57   139.87  3506.15    21.8    25.1
dao-map/orz703d                   652x502  rand    1000     116    9776    83.01    26.34    23.54    15.02  1053.56    40.0    70.1
dao-map/orz703d                   652x502  scen    2240     206   16898    95.44    35.00    33.18    22.96  1838.70    52.5    80.1
dao-map/orz704d                     84x46  rand    1000       5     103     9.60     4.92     2.01     1.29    11.50     2.3     8.9
dao-map/orz704d                     84x46  scen     200       6     188    10.17     5.47     3.04     1.68    19.63     3.6    11.7
dao-map/orz800d                   868x844  rand    1000     147   11472    66.03    27.66    26.81    18.48  1216.09    44.0    65.8
dao-map/orz800d                   868x844  scen    3690     224   16337    77.58    34.28    34.14    25.06  1723.09    50.3    68.8
------------------------------------------------------------------------------------------------------------------------------------
map                                  size   tag   pairs  JPSexp   A*exp      cC#       cC      wC#       wC     A*us   A*/cC   A*/wC
------------------------------------------------------------------------------------------------------------------------------------
dao-map/orz900d                  1491x656  rand    1000     885   35777   183.32   109.29   123.90    90.26  3591.10    32.9    39.8
dao-map/orz900d                  1491x656  scen    7070    1247   50101   231.46   145.64   169.91   125.75  5042.98    34.6    40.1
dao-map/orz901d                   601x678  rand    1000     490   15618   115.44    62.29    65.91    47.81  1567.37    25.2    32.8
dao-map/orz901d                   601x678  scen    4190     679   21746   139.77    79.76    86.82    64.31  2156.88    27.0    33.5
dao-map/orz999d                   632x698  rand    1000      78    7036    57.84    18.90    16.52    11.01   749.33    39.7    68.1
dao-map/orz999d                   632x698  scen    2430     118   10767    64.06    23.02    20.54    14.95  1146.92    49.8    76.7
dao-map/ost000a                   487x969  rand    1000    1038   20594   308.85   140.65   150.98   104.93  2294.76    16.3    21.9
dao-map/ost000a                   487x969  scen    2520    1322   25443   331.93   164.63   185.35   131.35  2821.97    17.1    21.5
dao-map/ost000t                   487x971  rand    1000     977   19726   285.23   129.22   141.28    99.36  2195.75    17.0    22.1
dao-map/ost000t                   487x971  scen    2620    1345   26692   330.99   166.42   192.45   136.54  2966.46    17.8    21.7
dao-map/ost001d                   194x194  rand    1000      64    1863    35.92    16.01    10.76     7.19   197.94    12.4    27.5
dao-map/ost001d                   194x194  scen     620      96    2779    40.69    19.52    14.81     9.86   292.42    15.0    29.7
dao-map/ost002d                   181x145  rand    1000      78    1433    40.18    18.42    12.85     8.83   151.20     8.2    17.1
dao-map/ost002d                   181x145  scen     610     128    2310    49.90    24.67    19.00    13.24   234.31     9.5    17.7
dao-map/ost003d                   194x194  rand    1000     103    3096    51.18    23.11    16.15    10.98   305.12    13.2    27.8
dao-map/ost003d                   194x194  scen     810     142    4258    55.38    26.31    20.76    13.98   403.26    15.3    28.9
dao-map/ost004d                     84x84  rand    1000       7     177    16.95     5.71     2.69     1.57    19.02     3.3    12.1
dao-map/ost004d                     84x84  scen     210       8     252    18.99     6.77     4.65     2.27    26.88     4.0    11.8
dao-map/ost100d                 1024x1025  rand    1000    1203   22571   303.23   153.53   174.53   126.52  2626.29    17.1    20.8
dao-map/ost100d                 1024x1025  scen    2930    2099   37682   429.15   244.99   297.70   216.84  4342.33    17.7    20.0
dao-map/ost101d                   768x704  rand    1000      11     330     9.66     5.25     3.25     2.22    35.92     6.8    16.2
dao-map/ost101d                   768x704  scen     290      14     456     9.99     6.43     4.13     2.76    50.99     7.9    18.4
dao-map/ost102d                     28x22  rand    1000       4      22     5.09     4.65     1.44     0.98     3.27     0.7     3.3
dao-map/ost102d                     28x22  scen      60       4      29     5.32     4.33     2.40     1.61     4.43     1.0     2.7
dao-map/oth000d                   384x384  rand    1000      78    4435    42.22    19.10    14.16    10.11   495.52    25.9    49.0
dao-map/oth000d                   384x384  scen    1750     123    7173    46.52    22.36    18.38    13.40   741.12    33.1    55.3
dao-map/oth001d                   384x382  rand    1000      14     221    12.85     6.38     4.28     2.88    24.91     3.9     8.6
dao-map/oth001d                   384x382  scen     310      23     422    14.81     7.89     7.24     4.42    46.40     5.9    10.5
dao-map/oth999d                     49x32  rand    1000       2      70     9.99     4.91     1.73     0.92     8.24     1.7     8.9
dao-map/oth999d                     49x32  scen     140       2     113    10.95     5.68     2.61     1.25    12.72     2.2    10.2
dao-map/rmtst                      182x50  rand    1000      15     483    17.73     7.88     4.07     2.62    51.37     6.5    19.6
dao-map/rmtst                      182x50  scen     440      20     705    20.72     9.36     5.34     3.38    74.61     8.0    22.1
dao-map/rmtst01                    182x50  rand    1000      15     497    18.36     8.11     4.37     2.66    53.24     6.6    20.0
dao-map/rmtst01                    182x50  scen     440      20     723    20.70     9.46     5.14     3.26    76.72     8.1    23.5
dao-map/rmtst03                    182x49  rand    1000      15     521    18.97     8.27     4.08     2.76    55.55     6.7    20.1
dao-map/rmtst03                    182x49  scen     450      20     718    20.84     9.27     5.18     3.31    75.22     8.1    22.7
mapf-map/Berlin_1_256             256x256  rand    1000     102    3511    77.53    25.56    18.33    11.93   405.75    15.9    34.0
mapf-map/Berlin_1_256             256x256  scen   24148     179    5805   106.33    37.30    25.19    18.38   688.72    18.5    37.5
mapf-map/Boston_0_256             256x256  rand    1000     128    3562    79.97    34.24    23.38    15.42   400.47    11.7    26.0
mapf-map/Boston_0_256             256x256  scen   23719     215    5553   112.13    48.40    32.87    23.05   631.84    13.1    27.4
mapf-map/brc202d                  530x481  rand    1000     423   11855   110.82    59.80    58.71    41.66  1240.11    20.7    29.8
mapf-map/brc202d                  530x481  scen   62029     562   15685   133.46    74.22    74.28    53.93  1630.69    22.0    30.2
mapf-map/den312d                    65x81  rand    1000      22     343    13.83     8.04     4.36     3.15    37.38     4.6    11.9
mapf-map/den312d                    65x81  scen    7082      29     490    16.36     9.38     4.93     3.60    52.68     5.6    14.6
mapf-map/den520d                  256x257  rand    1000      75    3418    62.62    20.81    14.96     9.64   371.01    17.8    38.5
mapf-map/den520d                  256x257  scen   21640     101    4637    73.54    24.82    16.62    11.81   500.99    20.2    42.4
mapf-map/empty-16-16                16x16  rand    1000       2      17     4.40     3.73     1.28     0.86     2.51     0.7     2.9
mapf-map/empty-16-16                16x16  scen    2992       2      17     4.36     3.78     1.16     1.03     2.75     0.7     2.7
mapf-map/empty-32-32                32x32  rand    1000       2      47     7.99     4.69     1.62     1.13     5.90     1.3     5.2
mapf-map/empty-32-32                32x32  scen   12736       2      47     8.05     4.79     1.54     1.05     6.18     1.3     5.9
------------------------------------------------------------------------------------------------------------------------------------
map                                  size   tag   pairs  JPSexp   A*exp      cC#       cC      wC#       wC     A*us   A*/cC   A*/wC
------------------------------------------------------------------------------------------------------------------------------------
mapf-map/empty-48-48                48x48  rand    1000       2      94    14.85     5.75     2.06     1.07    10.87     1.9    10.1
mapf-map/empty-48-48                48x48  scen   28731       2      89    14.57     5.61     1.78     1.17    10.81     1.9     9.2
mapf-map/empty-8-8                    8x8  rand    1000       2       7     3.01     2.56     1.03     0.87     1.43     0.6     1.6
mapf-map/empty-8-8                    8x8  scen     585       2       6     2.75     2.50     1.08     0.79     1.41     0.6     1.8
mapf-map/ht_chantry               162x141  rand    1000      44    1233    28.28    13.72     8.73     5.66   131.53     9.6    23.2
mapf-map/ht_chantry               162x141  scen   11513      56    1572    32.78    15.73     9.87     6.75   167.56    10.7    24.8
mapf-map/ht_mansion_n             133x270  rand    1000      43    1255    27.25    13.16     8.37     5.84   137.08    10.4    23.5
mapf-map/ht_mansion_n             133x270  scen   14015      62    1928    34.11    16.50    10.47     7.37   208.99    12.7    28.3
mapf-map/lak303d                  194x194  rand    1000     163    3472    64.23    32.71    24.32    16.78   355.67    10.9    21.2
mapf-map/lak303d                  194x194  scen   25657     251    5121    84.57    44.03    34.13    24.01   506.95    11.5    21.1
mapf-map/lt_gallowstemplar_n      251x180  rand    1000      51    1356    28.90    13.69     9.44     6.43   148.20    10.8    23.0
mapf-map/lt_gallowstemplar_n      251x180  scen   15399      62    1676    32.32    15.13    10.13     7.31   184.54    12.2    25.2
mapf-map/maze-128-128-1           128x128  rand    1000     880    3228   107.00    79.80    84.41    59.42   216.01     2.7     3.6
mapf-map/maze-128-128-1           128x128  scen   48648     885    3241   108.59    79.63    83.61    59.68   217.59     2.7     3.6
mapf-map/maze-128-128-10          128x128  rand    1000      37    4687    48.78    20.61     9.59     5.90   464.56    22.5    78.8
mapf-map/maze-128-128-10          128x128  scen   27046      47    6274    57.34    23.71    10.00     6.52   608.70    25.7    93.3
mapf-map/maze-128-128-2           128x128  rand    1000     757    4929   115.49    79.93    75.43    54.14   396.37     5.0     7.3
mapf-map/maze-128-128-2           128x128  scen   64662     748    4869   114.43    79.25    74.57    53.03   392.04     4.9     7.4
mapf-map/maze-32-32-2               32x32  rand    1000      40     241    10.68     7.97     5.01     3.49    21.64     2.7     6.2
mapf-map/maze-32-32-2               32x32  scen    4613      40     244    10.79     7.95     5.06     3.48    22.06     2.8     6.3
mapf-map/maze-32-32-4               32x32  rand    1000      13     227    10.15     7.17     2.77     1.95    22.43     3.1    11.5
mapf-map/maze-32-32-4               32x32  scen    3273      15     281    11.00     7.78     2.94     2.04    27.25     3.5    13.4
mapf-map/orz900d                 1491x656  rand    1000     885   35777   186.84   112.94   126.86    92.71  3649.74    32.3    39.4
mapf-map/orz900d                 1491x656  scen  161069    1161   46719   229.13   143.19   166.74   122.77  4950.64    34.6    40.3
mapf-map/ost003d                  194x194  rand    1000     103    3096    53.97    24.43    17.03    11.65   315.11    12.9    27.0
mapf-map/ost003d                  194x194  scen   20476     142    4245    63.80    29.41    20.78    14.35   416.66    14.2    29.0
mapf-map/Paris_1_256              256x256  rand    1000     157    3776    88.76    35.47    25.41    17.21   434.75    12.3    25.3
mapf-map/Paris_1_256              256x256  scen   26387     377    8108   153.36    65.54    50.45    36.19   943.76    14.4    26.1
mapf-map/random-32-32-10            32x32  rand    1000      17      51     7.63     5.61     3.47     2.49     6.72     1.2     2.7
mapf-map/random-32-32-10            32x32  scen    2547      23      65     8.96     6.58     4.20     2.94     8.48     1.3     2.9
mapf-map/random-32-32-20            32x32  rand    1000      31      72     9.72     7.33     5.24     3.75     9.32     1.3     2.5
mapf-map/random-32-32-20            32x32  scen     971      50     118    13.48     9.92     7.80     5.58    14.32     1.4     2.6
mapf-map/random-64-64-10            64x64  rand    1000      50     153    15.77    10.79     8.23     5.95    18.15     1.7     3.0
mapf-map/random-64-64-10            64x64  scen    5155      72     216    21.03    14.10    10.71     7.99    25.14     1.8     3.1
mapf-map/random-64-64-20            64x64  rand    1000      95     228    23.77    16.99    14.00    10.25    26.95     1.6     2.6
mapf-map/random-64-64-20            64x64  scen    2483     186     436    41.68    29.33    25.19    18.68    50.14     1.7     2.7
mapf-map/room-32-32-4               32x32  rand    1000      28      93     9.79     7.42     4.68     3.27    10.36     1.4     3.2
mapf-map/room-32-32-4               32x32  scen    2998      36     118    11.06     8.32     5.56     3.83    12.72     1.5     3.3
mapf-map/room-64-64-16              64x64  rand    1000      29     858    24.76    13.04     6.31     4.04    86.70     6.6    21.4
mapf-map/room-64-64-16              64x64  scen    9942      40    1264    31.33    16.15     7.66     5.03   123.17     7.6    24.5
mapf-map/room-64-64-8               64x64  rand    1000      44     548    21.21    13.05     7.70     5.05    56.31     4.3    11.1
mapf-map/room-64-64-8               64x64  scen    7604      60     779    26.41    16.33     9.50     6.27    78.76     4.8    12.6
mapf-map/warehouse-10-20-10-2~     161x63  rand    1000      35     534    21.60     9.41     6.53     4.08    39.66     4.2     9.7
mapf-map/warehouse-10-20-10-2~     161x63  scen   11168      45     696    25.45    10.94     7.26     4.87    50.26     4.6    10.3
mapf-map/warehouse-10-20-10-2~     170x84  rand    1000     154     899    42.32    22.66    19.49    13.33    88.68     3.9     6.7
mapf-map/warehouse-10-20-10-2~     170x84  scen   12226     214    1211    53.02    28.82    24.64    17.40   116.80     4.1     6.7
mapf-map/warehouse-20-40-10-2~    321x123  rand    1000     128    2073    63.56    22.03    20.41    12.24   147.24     6.7    12.0
mapf-map/warehouse-20-40-10-2~    321x123  scen   22737     162    2707    73.82    26.43    22.29    14.92   192.35     7.3    12.9
mapf-map/warehouse-20-40-10-2~    340x164  rand    1000     616    3225   132.17    66.29    69.06    46.23   302.12     4.6     6.5
mapf-map/warehouse-20-40-10-2~    340x164  scen   24990     951    4801   180.83    94.33    98.06    67.93   440.42     4.7     6.5
------------------------------------------------------------------------------------------------------------------------------------
map                                  size   tag   pairs  JPSexp   A*exp      cC#       cC      wC#       wC     A*us   A*/cC   A*/wC
------------------------------------------------------------------------------------------------------------------------------------
mapf-map/w_woundedcoast           642x578  rand    1000     191    7427    59.27    33.20    30.29    22.14   799.83    24.1    36.1
mapf-map/w_woundedcoast           642x578  scen   52517     237    9411    69.35    39.13    35.99    26.89  1013.05    25.9    37.7
sc1-map/AcrosstheCape             768x768  rand    1000     466   43972   341.27    89.92    87.89    54.52  5196.17    57.8    95.3
sc1-map/AcrosstheCape             768x768  scen    3150     691   62790   355.49   112.19   111.96    77.97  7617.94    67.9    97.7
sc1-map/Aftershock                512x512  rand    1000     191   15771   187.52    45.66    41.57    25.10  1814.78    39.7    72.3
sc1-map/Aftershock                512x512  scen    1920     254   21571   195.19    52.01    47.60    31.63  2530.03    48.6    80.0
sc1-map/Archipelago               512x512  rand    1000     200   16391   147.64    47.61    40.46    25.89  1925.37    40.4    74.4
sc1-map/Archipelago               512x512  scen    2310     357   29112   175.40    64.78    58.96    41.18  3473.54    53.6    84.3
sc1-map/ArcticStation             768x768  rand    1000    1150   82589   422.01   163.49   175.06   118.93  9271.81    56.7    78.0
sc1-map/ArcticStation             768x768  scen    4300    1688  118487   477.95   211.96   230.83   167.56 13399.73    63.2    80.0
sc1-map/Aurora                   1024x768  rand    1000    1218   57069   410.30   176.11   170.46   120.26  7008.80    39.8    58.3
sc1-map/Aurora                   1024x768  scen    3250    1878   83627   477.86   232.58   246.69   182.18 10474.66    45.0    57.5
sc1-map/Backwoods                 768x512  rand    1000     868   29851   287.00   126.63   127.99    88.21  3334.72    26.3    37.8
sc1-map/Backwoods                 768x512  scen    2540     895   30743   265.96   120.75   126.16    89.33  3468.71    28.7    38.8
sc1-map/BigGameHunters            512x512  rand    1000     125   17727   164.33    38.00    34.92    18.66  1998.59    52.6   107.1
sc1-map/BigGameHunters            512x512  scen    1890     127   18992   149.27    35.44    30.98    18.55  2188.23    61.7   118.0
sc1-map/BlackLotus                768x768  rand    1000     830   63633   292.75   124.97   125.62    86.20  7437.93    59.5    86.3
sc1-map/BlackLotus                768x768  scen    4130    1234   90019   335.65   158.00   170.86   123.39 10459.96    66.2    84.8
sc1-map/BlastFurnace              768x768  rand    1000     620   45348   369.32   106.60   107.25    68.93  5345.90    50.2    77.6
sc1-map/BlastFurnace              768x768  scen    3390    1075   76841   421.40   151.66   161.89   113.06  9176.69    60.5    81.2
sc1-map/BrokenSteppes             768x768  rand    1000     294   31546   288.29    70.48    66.16    38.52  3905.45    55.4   101.4
sc1-map/BrokenSteppes             768x768  scen    3000     564   56807   332.59   101.37    96.68    66.71  7252.10    71.5   108.7
sc1-map/Brushfire                 512x512  rand    1000     354   20629   167.16    61.76    57.67    39.61  2291.41    37.1    57.9
sc1-map/Brushfire                 512x512  scen    2180     394   22451   161.65    62.93    59.38    43.38  2520.30    40.0    58.1
sc1-map/Caldera                   512x512  rand    1000      99   10763   153.84    31.63    29.65    15.33  1226.66    38.8    80.0
sc1-map/Caldera                   512x512  scen    1840     160   17228   170.62    39.63    35.30    22.32  2026.90    51.1    90.8
sc1-map/CatwalkAlley              512x512  rand    1000    1047   47588   316.60   158.60   155.23   115.94  5384.55    34.0    46.4
sc1-map/CatwalkAlley              512x512  scen    2720    1272   57628   331.89   173.94   175.15   134.62  6597.95    37.9    49.0
sc1-map/Cauldron                1024x1024  rand    1000    1070   66557   481.80   172.40   173.30   117.91  8271.23    48.0    70.1
sc1-map/Cauldron                1024x1024  scen    4050    1841  107521   584.59   250.84   269.91   197.13 13728.72    54.7    69.6
sc1-map/CrashSites                768x768  rand    1000     290   22924   177.53    54.84    54.91    36.10  2681.41    48.9    74.3
sc1-map/CrashSites                768x768  scen    2690     438   35872   203.77    72.06    72.59    52.74  4270.72    59.3    81.0
sc1-map/CrescentMoon              512x512  rand    1000     106   13827   150.80    32.22    28.89    16.42  1594.50    49.5    97.1
sc1-map/CrescentMoon              512x512  scen    1920     151   21161   147.38    36.08    32.74    20.98  2497.93    69.2   119.1
sc1-map/Crossroads                768x768  rand    1000     313   33122   346.21    70.61    73.12    41.12  3884.32    55.0    94.5
sc1-map/Crossroads                768x768  scen    2960     421   45637   364.44    82.78    81.04    53.97  5368.59    64.9    99.5
sc1-map/DarkContinent             512x768  rand    1000     375   36956   283.19    76.08    75.02    45.54  4436.73    58.3    97.4
sc1-map/DarkContinent             512x768  scen    2650     496   49154   291.86    86.32    82.56    57.14  6092.75    70.6   106.6
sc1-map/Desolation                512x512  rand    1000     155   13081   171.97    38.41    35.11    20.39  1474.09    38.4    72.3
sc1-map/Desolation                512x512  scen    1900     214   18543   179.81    44.60    39.48    26.16  2108.77    47.3    80.6
sc1-map/EbonLakes                 512x512  rand    1000     246   20297   175.87    53.14    46.55    28.82  2361.77    44.4    81.9
sc1-map/EbonLakes                 512x512  scen    2010     344   28249   187.10    61.84    56.11    37.81  3337.04    54.0    88.2
sc1-map/Elderlands                768x768  rand    1000     390   26209   323.58    82.01    81.01    50.15  2981.74    36.4    59.5
sc1-map/Elderlands                768x768  scen    2780     507   31812   322.99    94.49    92.17    64.10  3869.16    40.9    60.4
sc1-map/Enigma                    768x768  rand    1000     853   43803   236.63   115.08   119.56    83.92  4951.44    43.0    59.0
sc1-map/Enigma                    768x768  scen    3370    1019   50993   246.77   127.36   134.70    98.07  5838.31    45.8    59.5
sc1-map/Entanglement              512x512  rand    1000     197    9999   150.98    45.67    38.72    24.34  1169.21    25.6    48.0
sc1-map/Entanglement              512x512  scen    1820     365   17737   181.94    63.64    57.89    40.51  2159.66    33.9    53.3
sc1-map/Eruption                  512x512  rand    1000     255   18118   173.30    55.02    48.64    30.14  2057.53    37.4    68.3
sc1-map/Eruption                  512x512  scen    1920     329   22807   167.97    59.78    55.22    37.08  2679.29    44.8    72.3
------------------------------------------------------------------------------------------------------------------------------------
map                                  size   tag   pairs  JPSexp   A*exp      cC#       cC      wC#       wC     A*us   A*/cC   A*/wC
------------------------------------------------------------------------------------------------------------------------------------
sc1-map/Expedition              1024x1024  rand    1000     691   34284   420.27   122.24   126.07    81.00  4047.62    33.1    50.0
sc1-map/Expedition              1024x1024  scen    3580    1416   58623   523.64   199.57   213.18   158.65  7278.14    36.5    45.9
sc1-map/FireWalker                512x384  rand    1000     328   27821   178.51    62.04    55.68    36.28  2978.75    48.0    82.1
sc1-map/FireWalker                512x384  scen    2550     392   33667   179.75    66.28    59.18    41.89  3599.82    54.3    85.9
sc1-map/FloodedPlains             768x768  rand    1000     437   32300   268.16    89.13    84.70    55.12  4069.37    45.7    73.8
sc1-map/FloodedPlains             768x768  scen    3050     768   53731   308.01   123.29   123.25    89.49  6927.94    56.2    77.4
sc1-map/GhostTown                 768x512  rand    1000     359   16912   272.68    70.77    63.95    41.99  1860.49    26.3    44.3
sc1-map/GhostTown                 768x512  scen    2510     970   39827   385.44   133.83   133.17    98.76  4540.67    33.9    46.0
sc1-map/GladiatorPits             768x512  rand    1000     367   34740   254.39    71.10    66.74    40.65  4021.19    56.6    98.9
sc1-map/GladiatorPits             768x512  scen    2710     544   50026   265.99    86.53    82.29    56.15  5986.61    69.2   106.6
sc1-map/GreenerPastures           768x512  rand    1000     177   24525   296.81    46.94    45.54    24.25  2721.94    58.0   112.2
sc1-map/GreenerPastures           768x512  scen    2700     342   46794   334.12    66.15    63.03    41.10  5375.22    81.3   130.8
sc1-map/Hellfire                  768x768  rand    1000     294   29613   241.84    63.09    60.37    36.56  3481.58    55.2    95.2
sc1-map/Hellfire                  768x768  scen    3030     462   46183   258.55    79.18    76.63    52.85  5700.98    72.0   107.9
sc1-map/HotZone                   512x512  rand    1000     126   12800   165.10    38.31    34.68    19.08  1516.82    39.6    79.5
sc1-map/HotZone                   512x512  scen    1850     166   17398   165.21    42.23    38.26    23.44  2117.92    50.2    90.3
sc1-map/IceFloes                  384x384  rand    1000     283   14650   135.06    52.47    44.31    29.28  1614.64    30.8    55.1
sc1-map/IceFloes                  384x384  scen    1680     417   21137   151.29    64.21    59.84    40.36  2360.82    36.8    58.5
sc1-map/IceMountain               512x512  rand    1000     934   43828   376.05   140.26   141.98    98.33  4833.59    34.5    49.2
sc1-map/IceMountain               512x512  scen    3580    1496   68540   455.26   195.26   212.30   152.07  7494.23    38.4    49.3
sc1-map/Inferno                   768x768  rand    1000    2114   99218   475.95   252.60   279.58   198.83 11086.39    43.9    55.8
sc1-map/Inferno                   768x768  scen    6010    2546  120085   526.71   288.13   328.71   236.14 13799.33    47.9    58.4
sc1-map/Isolation                 512x512  rand    1000     157   21006   227.66    46.48    42.22    23.39  2427.08    52.2   103.8
sc1-map/Isolation                 512x512  scen    2090     298   37596   249.56    61.62    55.74    36.28  4340.67    70.4   119.6
sc1-map/JungleSiege               768x768  rand    1000     867   67619   326.90   123.78   128.56    88.20  7769.15    62.8    88.1
sc1-map/JungleSiege               768x768  scen    3490    1074   83736   337.64   139.14   147.21   105.09  9698.00    69.7    92.3
sc1-map/Labyrinth                768x1024  rand    1000     804   69388   325.71   117.22   130.97    84.59  7981.47    68.1    94.4
sc1-map/Labyrinth                768x1024  scen    4440    1029   87872   338.99   135.84   144.89   103.81 10477.03    77.1   100.9
sc1-map/LakeShore                 768x768  rand    1000     938   76349   373.73   142.63   146.84    97.78  8997.97    63.1    92.0
sc1-map/LakeShore                 768x768  scen    3950    1449  114286   435.71   190.66   203.38   146.84 13985.87    73.4    95.2
sc1-map/Legacy                    512x512  rand    1000    1209   21695   367.52   166.57   176.74   123.33  2482.25    14.9    20.1
sc1-map/Legacy                    512x512  scen    2060    1830   29530   438.02   222.98   251.24   179.96  3472.75    15.6    19.3
sc1-map/Medusa                    768x768  rand    1000     803   48569   337.52   130.99   129.42    88.11  6092.54    46.5    69.1
sc1-map/Medusa                    768x768  scen    3360    1281   72487   394.34   175.87   186.30   132.39  9189.69    52.3    69.4
sc1-map/Nightshade               1024x768  rand    1000     484   45121   314.45    90.41    89.94    57.33  5423.54    60.0    94.6
sc1-map/Nightshade               1024x768  scen    3610     785   71179   351.49   120.95   121.72    87.10  8824.77    73.0   101.3
sc1-map/NovaStation               512x512  rand    1000     439   24605   151.33    69.25    66.09    46.61  2767.63    40.0    59.4
sc1-map/NovaStation               512x512  scen    2770     512   28848   154.86    73.82    70.82    53.10  3234.52    43.8    60.9
sc1-map/Octopus                 1024x1024  rand    1000     654   40838   276.82   107.35   109.40    74.34  4730.75    44.1    63.6
sc1-map/Octopus                 1024x1024  scen    3480     912   54343   294.28   131.00   137.88    99.81  6489.74    49.5    65.0
sc1-map/OrbitalGully              512x512  rand    1000     270   20873   194.21    56.31    50.47    31.24  2491.15    44.2    79.8
sc1-map/OrbitalGully              512x512  scen    2110     487   36538   226.80    78.70    73.70    51.37  4463.32    56.7    86.9
sc1-map/Predators                 512x512  rand    1000     130   10917   141.95    34.64    31.17    17.96  1273.10    36.8    70.9
sc1-map/Predators                 512x512  scen    1510     180   14970   150.33    39.24    35.31    22.40  1772.45    45.2    79.1
sc1-map/PrimevalIsles           1024x1024  rand    1000    1132   47540   447.41   185.42   188.58   129.62  6222.91    33.6    48.0
sc1-map/PrimevalIsles           1024x1024  scen    3870    1940   78382   572.61   273.65   296.50   217.12 10916.97    39.9    50.3
sc1-map/Ramparts                  512x512  rand    1000     729   36081   254.72   102.02    99.58    69.76  3992.77    39.1    57.2
sc1-map/Ramparts                  512x512  scen    2930     947   47245   271.78   122.56   121.71    88.23  5287.93    43.1    59.9
sc1-map/RedCanyons                512x512  rand    1000     132   13900   162.07    38.73    34.05    19.40  1606.21    41.5    82.8
sc1-map/RedCanyons                512x512  scen    1900     201   21347   173.56    46.36    39.51    26.02  2532.28    54.6    97.3
------------------------------------------------------------------------------------------------------------------------------------
map                                  size   tag   pairs  JPSexp   A*exp      cC#       cC      wC#       wC     A*us   A*/cC   A*/wC
------------------------------------------------------------------------------------------------------------------------------------
sc1-map/RiverLethe                512x768  rand    1000     608   30684   331.04   100.96    99.30    66.76  3669.40    36.3    55.0
sc1-map/RiverLethe                512x768  scen    3110    1539   68900   489.42   201.12   223.57   160.04  8818.35    43.8    55.1
sc1-map/Rosewood                  512x512  rand    1000     360   13853   186.52    64.63    59.55    39.53  1589.55    24.6    40.2
sc1-map/Rosewood                  512x512  scen    2020     763   26780   254.32   106.18   111.80    78.57  3158.49    29.7    40.2
sc1-map/Sanctuary                 512x512  rand    1000     266   27099   195.63    57.41    53.45    32.76  3071.19    53.5    93.7
sc1-map/Sanctuary                 512x512  scen    2240     363   35573   202.39    65.21    61.08    41.77  3954.80    60.6    94.7
sc1-map/Sandstorm                 512x384  rand    1000     132   11473    94.61    31.70    25.92    16.70  1246.70    39.3    74.6
sc1-map/Sandstorm                 512x384  scen    1780     178   14838    98.58    34.84    30.10    20.88  1641.78    47.1    78.6
sc1-map/SapphireIsles             768x768  rand    1000     341   23528   388.38    66.06    74.48    41.95  2669.53    40.4    63.6
sc1-map/SapphireIsles             768x768  scen    3610     820   52254   282.68   117.16   123.50    88.50  6083.11    51.9    68.7
sc1-map/ShroudPlatform            512x512  rand    1000     483   29193   193.07    73.83    70.68    46.56  3285.83    44.5    70.6
sc1-map/ShroudPlatform            512x512  scen    2540     798   47443   232.05   101.32    99.85    71.16  5426.17    53.6    76.3
sc1-map/Sirocco                   768x512  rand    1000     643   62093   339.24   108.30   106.71    69.10  7062.10    65.2   102.2
sc1-map/Sirocco                   768x512  scen    3190     947   88296   372.40   136.33   139.50    97.43 10228.20    75.0   105.0
sc1-map/SpaceAtoll                512x512  rand    1000     670   36134   234.78    97.33    94.49    64.95  4111.70    42.2    63.3
sc1-map/SpaceAtoll                512x512  scen    2800     895   47782   253.05   115.69   116.77    84.14  5538.11    47.9    65.8
sc1-map/SpaceDebris               512x512  rand    1000     300   22012   173.66    56.36    51.64    33.30  2520.18    44.7    75.7
sc1-map/SpaceDebris               512x512  scen    2410     479   32935   196.19    73.05    68.86    49.25  3797.31    52.0    77.1
sc1-map/SpringThaw               1024x512  rand    1000     870   40626   440.95   139.25   143.98    94.71  4621.32    33.2    48.8
sc1-map/SpringThaw               1024x512  scen    3210    1356   61049   493.02   186.47   198.48   141.38  7013.44    37.6    49.6
sc1-map/SteppingStones            512x512  rand    1000     127   11684   170.90    36.70    32.01    18.56  1295.56    35.3    69.8
sc1-map/SteppingStones            512x512  scen    2450     402   31462   240.55    70.74    67.08    46.86  3615.93    51.1    77.2
sc1-map/TaleofTwoCities           768x512  rand    1000     381   22500   286.94    73.15    70.97    44.45  2528.88    34.6    56.9
sc1-map/TaleofTwoCities           768x512  scen    2510     663   37214   330.82   100.69    97.69    70.20  4239.49    42.1    60.4
sc1-map/TheatreofWar              768x768  rand    1000     389   36764   254.79    69.05    69.48    46.06  4278.18    62.0    92.9
sc1-map/TheatreofWar              768x768  scen    3430     563   50952   271.58    83.76    85.62    61.97  5869.02    70.1    94.7
sc1-map/TheFrozenSea            1024x1024  rand    1000    1395   76380   532.87   214.35   219.58   150.56 10170.97    47.4    67.6
sc1-map/TheFrozenSea            1024x1024  scen    4090    2098  111764   607.14   283.72   308.83   224.68 15278.23    53.8    68.0
sc1-map/TheHighway                768x512  rand    1000    1144   60296   395.60   159.80   167.64   115.18  6624.43    41.5    57.5
sc1-map/TheHighway                768x512  scen    4090    1871   97087   490.15   229.94   256.13   181.85 10526.95    45.8    57.9
sc1-map/ThinIce                   768x512  rand    1000     649   38592   227.60   100.75    98.05    65.44  4384.81    43.5    67.0
sc1-map/ThinIce                   768x512  scen    3040     953   54089   258.96   126.74   130.21    92.03  6181.70    48.8    67.2
sc1-map/Tribes                    768x768  rand    1000     133   18769   217.79    41.56    41.80    21.99  2146.30    51.6    97.6
sc1-map/Tribes                    768x768  scen    2570     242   34023   244.80    54.78    50.22    33.82  4108.62    75.0   121.5
sc1-map/Triskelion                512x512  rand    1000     441   29224   229.57    76.88    70.32    45.68  3333.89    43.4    73.0
sc1-map/Triskelion                512x512  scen    2250     597   38751   239.64    89.36    85.94    59.09  4494.61    50.3    76.1
sc1-map/Turbo                     768x768  rand    1000     331   42045   262.05    67.71    68.18    41.69  4825.94    71.3   115.8
sc1-map/Turbo                     768x768  scen    3650     629   77599   308.89    99.99   100.67    71.15  9223.62    92.2   129.6
sc1-map/Typhoon                   768x512  rand    1000     215   16446   157.71    45.80    43.84    28.10  1806.10    39.4    64.3
sc1-map/Typhoon                   768x512  scen    1910     212   16569   135.61    41.73    40.16    27.17  1798.06    43.1    66.2
sc1-map/ValleyofRe                768x768  rand    1000     779   48769   318.59   116.39   118.53    82.60  5594.95    48.1    67.7
sc1-map/ValleyofRe                768x768  scen    3920    1111   68211   346.11   145.14   154.71   113.47  7940.93    54.7    70.0
sc1-map/WarpGates                 512x512  rand    1000     233   14974   163.49    51.54    44.84    28.80  1745.36    33.9    60.6
sc1-map/WarpGates                 512x512  scen    2020     362   22701   182.77    64.43    58.36    41.24  2677.88    41.6    64.9
sc1-map/WatersEdge                512x512  rand    1000     201   21123   153.89    45.28    41.81    26.03  2360.11    52.1    90.7
sc1-map/WatersEdge                512x512  scen    2200     216   22254   141.80    44.73    40.15    27.05  2515.11    56.2    93.0
sc1-map/WaypointJunction          512x512  rand    1000     246   15570   161.70    50.04    44.94    27.57  1795.74    35.9    65.1
sc1-map/WaypointJunction          512x512  scen    1610     308   19777   164.48    53.14    48.11    31.98  2305.02    43.4    72.1
sc1-map/WheelofWar                768x768  rand    1000     402   50482   293.13    78.61    76.41    48.67  5981.65    76.1   122.9
sc1-map/WheelofWar                768x768  scen    3020     509   63364   288.68    86.74    83.66    58.43  7757.15    89.4   132.8
------------------------------------------------------------------------------------------------------------------------------------
map                                  size   tag   pairs  JPSexp   A*exp      cC#       cC      wC#       wC     A*us   A*/cC   A*/wC
------------------------------------------------------------------------------------------------------------------------------------
sc1-map/WinterConquest            512x512  rand    1000     386   26649   212.02    70.29    66.83    43.92  2934.95    41.8    66.8
sc1-map/WinterConquest            512x512  scen    2210     456   30518   207.97    74.56    72.24    49.97  3374.44    45.3    67.5
wc3maps512-map/battleground       512x512  rand    1000      35    4597    88.23    18.85    14.90     8.02   501.81    26.6    62.6
wc3maps512-map/battleground       512x512  scen    1330      62    8091    98.94    23.15    19.57    11.65   924.90    40.0    79.4
wc3maps512-map/blastedlands       512x512  rand    1000      62    6957   111.73    26.46    21.00    12.10   789.50    29.8    65.3
wc3maps512-map/blastedlands       512x512  scen    1360      83    9257   115.38    29.29    23.34    14.07  1067.20    36.4    75.8
wc3maps512-map/bloodvenomfalls    512x512  rand    1000     104    9188   131.29    32.92    27.59    16.19  1065.66    32.4    65.8
wc3maps512-map/bloodvenomfalls    512x512  scen    1570     197   16406   152.76    44.96    39.06    26.31  1937.55    43.1    73.6
wc3maps512-map/bootybay           512x512  rand    1000      82   12594    98.87    23.99    20.20    11.90  1395.79    58.2   117.3
wc3maps512-map/bootybay           512x512  scen    2210     179   27826   120.83    35.96    31.52    21.50  3094.58    86.1   143.9
wc3maps512-map/darkforest         512x512  rand    1000      45    6037    84.82    22.80    17.00     9.54   745.48    32.7    78.1
wc3maps512-map/darkforest         512x512  scen    1510      84   10929    92.07    27.55    22.68    14.44  1291.41    46.9    89.4
wc3maps512-map/deadwaterdrop      512x512  rand    1000      41    5330    88.06    20.35    15.73     8.45   608.18    29.9    71.9
wc3maps512-map/deadwaterdrop      512x512  scen    1120      59    7784    91.42    22.23    19.44    11.08   901.17    40.5    81.4
wc3maps512-map/divideandconqu~    512x512  rand    1000     125   11796   128.08    37.00    29.73    17.94  1373.31    37.1    76.6
wc3maps512-map/divideandconqu~    512x512  scen    1630     216   19850   148.46    47.35    40.35    26.83  2380.86    50.3    88.7
wc3maps512-map/dragonfire         512x512  rand    1000      65    7346    95.27    25.85    20.07    11.78   849.33    32.9    72.1
wc3maps512-map/dragonfire         512x512  scen    1460     112   12738   107.96    32.35    25.98    16.76  1503.31    46.5    89.7
wc3maps512-map/drywatergulch      512x512  rand    1000     174   21056   165.81    47.29    37.63    23.07  2489.51    52.6   107.9
wc3maps512-map/drywatergulch      512x512  scen    1980     315   36179   188.55    62.11    56.45    37.60  4289.55    69.1   114.1
wc3maps512-map/duskwood           512x512  rand    1000      39    7586   116.41    23.88    19.03     9.52   853.53    35.7    89.7
wc3maps512-map/duskwood           512x512  scen    1540      57   11236   117.58    26.54    20.33    12.19  1308.41    49.3   107.3
wc3maps512-map/dustwallowkeys     512x512  rand    1000      69   10771   170.84    30.55    25.58    13.04  1233.00    40.4    94.5
wc3maps512-map/dustwallowkeys     512x512  scen    1690     125   18533   187.58    38.70    31.26    19.47  2198.84    56.8   113.0
wc3maps512-map/frostsabre         512x512  rand    1000      41    5287    88.39    21.24    16.69     8.73   651.31    30.7    74.6
wc3maps512-map/frostsabre         512x512  scen    1310      64    8301    89.57    23.82    19.22    11.75   971.48    40.8    82.7
wc3maps512-map/gardenofwar        512x512  rand    1000      58    8273   110.86    31.27    22.97    12.70  1062.54    34.0    83.7
wc3maps512-map/gardenofwar        512x512  scen    1440      73   11013   105.83    29.81    22.87    13.93  1344.07    45.1    96.5
wc3maps512-map/gnollwood          512x512  rand    1000      34    4535    88.67    19.99    15.31     8.26   514.62    25.7    62.3
wc3maps512-map/gnollwood          512x512  scen    1260      47    6278   100.23    22.17    17.45    10.21   695.86    31.4    68.2
wc3maps512-map/golemsinthemist    512x512  rand    1000      39    6414   101.56    22.01    17.08     9.10   738.24    33.5    81.1
wc3maps512-map/golemsinthemist    512x512  scen    1400      56    9429   105.02    24.67    18.85    11.24  1101.94    44.7    98.0
wc3maps512-map/harvestmoon        512x512  rand    1000      98   10729   118.61    32.52    25.67    15.34  1377.88    42.4    89.8
wc3maps512-map/harvestmoon        512x512  scen    1420     129   13786   117.64    35.42    29.31    18.67  1622.88    45.8    86.9
wc3maps512-map/heart2heart        512x512  rand    1000      70   17134   137.88    26.07    22.09    11.87  1856.35    71.2   156.4
wc3maps512-map/heart2heart        512x512  scen    2030     115   27256   142.30    30.82    25.68    16.23  2942.34    95.5   181.3
wc3maps512-map/hillsofglory       512x512  rand    1000      24    6900    91.76    18.46    14.27     6.77   791.86    42.9   117.0
wc3maps512-map/hillsofglory       512x512  scen    1350      40   12745    98.10    21.12    16.84     9.44  1467.19    69.5   155.4
wc3maps512-map/icecrown           512x512  rand    1000      41    6926   148.68    22.57    21.66     9.51   745.05    33.0    78.3
wc3maps512-map/icecrown           512x512  scen    1720     112   17063   198.86    36.04    29.51    18.62  2003.57    55.6   107.6
wc3maps512-map/isleofdread        512x512  rand    1000     120   12293   154.44    39.11    31.57    18.52  1465.46    37.5    79.1
wc3maps512-map/isleofdread        512x512  scen    1580     176   18590   160.08    45.04    38.20    24.72  2235.16    49.6    90.4
wc3maps512-map/losttemple         512x512  rand    1000      53    5444    94.72    23.36    18.58    10.31   654.15    28.0    63.4
wc3maps512-map/losttemple         512x512  scen    1390      90    8957    99.68    27.00    24.21    14.81  1031.82    38.2    69.7
wc3maps512-map/moonglade          512x512  rand    1000      43    6464   126.03    22.95    20.04     9.74   701.81    30.6    72.1
wc3maps512-map/moonglade          512x512  scen    1710     130   17467   167.19    37.85    32.36    20.48  2053.93    54.3   100.3
wc3maps512-map/mysticisles        512x512  rand    1000     107   14954   131.78    35.76    28.30    16.81  1687.90    47.2   100.4
wc3maps512-map/mysticisles        512x512  scen    2060     189   26072   148.63    45.56    39.61    25.91  3147.22    69.1   121.5
wc3maps512-map/nighthaven         512x512  rand    1000      33    9721   133.95    21.45    18.13     8.53  1102.81    51.4   129.2
wc3maps512-map/nighthaven         512x512  scen    1420      46   14172   137.26    23.96    19.57    10.64  1651.85    68.9   155.2
------------------------------------------------------------------------------------------------------------------------------------
map                                  size   tag   pairs  JPSexp   A*exp      cC#       cC      wC#       wC     A*us   A*/cC   A*/wC
------------------------------------------------------------------------------------------------------------------------------------
wc3maps512-map/petrifiedforest    512x512  rand    1000      71    7878   114.71    28.50    21.04    12.60   902.07    31.7    71.6
wc3maps512-map/petrifiedforest    512x512  scen    1520     124   12994   128.59    35.40    27.89    18.35  1542.65    43.6    84.1
wc3maps512-map/plaguelands        512x512  rand    1000      74    7920    97.77    31.98    25.42    18.27  1280.95    40.1    70.1
wc3maps512-map/plaguelands        512x512  scen    1600     140   15273   111.03    35.85    30.34    23.06  1977.27    55.2    85.8
wc3maps512-map/plainsofsnow       512x512  rand    1000      23    7174   101.92    18.72    15.06     7.51   845.28    45.2   112.6
wc3maps512-map/plainsofsnow       512x512  scen    1480      35   12798   103.77    19.31    15.77     8.12  1459.50    75.6   179.7
wc3maps512-map/plunderisle        512x512  rand    1000      59   12761   187.92    32.59    30.84    13.28  1670.33    51.3   125.8
wc3maps512-map/plunderisle        512x512  scen    1640      78   16564   166.27    31.09    26.67    14.71  1951.28    62.8   132.6
wc3maps512-map/riverrun           512x512  rand    1000     263   15994   172.09    59.34    49.04    31.87  1848.64    31.2    58.0
wc3maps512-map/riverrun           512x512  scen    2010     494   28300   208.33    84.01    81.70    56.18  3237.17    38.5    57.6
wc3maps512-map/scorchedbasin      512x512  rand    1000      28    4337    90.45    18.06    15.07     7.62   505.02    28.0    66.2
wc3maps512-map/scorchedbasin      512x512  scen    1270      54    8613    87.49    22.31    17.92    10.89  1014.59    45.5    93.2
wc3maps512-map/stromguarde        512x512  rand    1000      60    3535    96.99    21.13    18.60     9.94   382.63    18.1    38.5
wc3maps512-map/stromguarde        512x512  scen    1090     162    8507   126.95    33.78    31.00    20.53   987.41    29.2    48.1
wc3maps512-map/swampofsorrows     512x512  rand    1000      74    6556   127.18    28.17    22.58    12.62   763.30    27.1    60.5
wc3maps512-map/swampofsorrows     512x512  scen    1310     118   10067   152.02    43.67    42.60    21.15  1464.39    33.5    69.2
wc3maps512-map/thecrucible        512x512  rand    1000      54    5848    84.45    23.62    17.82    10.10   834.58    35.3    82.6
wc3maps512-map/thecrucible        512x512  scen    1180      67    7517    80.21    24.34    19.63    11.93   888.95    36.5    74.5
wc3maps512-map/theglaive          512x512  rand    1000      32    6397   119.97    22.63    19.15    12.47   757.54    33.5    60.8
wc3maps512-map/theglaive          512x512  scen    1450      59   12642   115.91    24.69    19.59    11.60  1427.22    57.8   123.1
wc3maps512-map/timbermawhold      512x512  rand    1000      74    9793   176.07    30.90    25.88    13.61  1102.81    35.7    81.0
wc3maps512-map/timbermawhold      512x512  scen    2080     296   30614   246.87    64.98    59.75    40.57  3545.37    54.6    87.4
wc3maps512-map/tranquilpaths      512x512  rand    1000      69    6827    88.31    24.20    18.11    11.93   769.39    31.8    64.5
wc3maps512-map/tranquilpaths      512x512  scen    1340      96    9662    76.36    26.78    21.49    14.21  1108.48    41.4    78.0
------------------------------------------------------------------------------------------------------------------------------------
[rand] 562000 pairs: C# cold 46050ms / hot 14124ms; C cold 15915ms / hot 9268ms; A* 497970ms; A*/C cold 31.3x hot 53.7x; C#/C cold 2.89x hot 1.52x
[scen] 1414808 pairs: C# cold 199969ms / hot 96183ms; C cold 94860ms / hot 68938ms; A* 3133152ms; A*/C cold 33.0x hot 45.4x; C#/C cold 2.11x hot 1.40x
