# JPS(C#/C) cold/hot vs A* benchmark   2026-07-08 01:13:54
Host OS:  Microsoft Windows 10.0.26200 (X64)
Host CPU: AMD Ryzen 7 5800X3D 8-Core Processor; 16 logical cores
          AMD64 Family 25 Model 33 Stepping 2  [AuthenticAMD]
          topology=8core x 16thread  maxfreq=3401 MHz
          cache: L2=4096 KB  L3=98304 KB
Runtime:  .NET 10.0.9 (X64)
Build config: corner-cutting=off, concurrent-cache=on
Native: enabled (G:\GitHub\JPS\x64\Release\JPS.Native.dll)
Scope: movingai/; 1354 .scen / 562 maps; rand target 1000/map; scen dedup 1414808 from 1423420
Parallelism: 7 map workers pinned to CPUs [1,3,5,7,9,11,13] (default: half of logical CPUs, every other)
Timing mode: parallel throughput by map group. Rows are emitted in map dispatch order as results arrive.
cold = before each query flip a few cells in a small window then restore + Sync (invalidates the jump-point cache); hot = warm cache reuse.

Columns:
  map          map name (relative path)
  size         width x height
  tag          rand = random sampled pairs / scen = .scen cases
  pairs        start/goal pairs timed
  JPSexp/A*exp mean expanded nodes per query (JPS / A*)
  cC# / cC     C# / C JPS cold-path mean time (us/query)
  wC# / wC     C# / C JPS hot-path mean time (us/query)
  A*us         A* mean time per query (us/query)
  A*/cC A*/wC  A*us divided by C cold / hot time (higher = C JPS faster than A*)
  color: cC/wC vs same-language C# faster=green slower=red; any JPS time slower than A*=red; A*/cC or A*/wC < 1 = red

------------------------------------------------------------------------------------------------------------------------------------
map                                  size   tag   pairs  JPSexp   A*exp      cC#       cC      wC#       wC     A*us   A*/cC   A*/wC
------------------------------------------------------------------------------------------------------------------------------------
bg512-map/AR0011SR                512x512  rand    1000      68   17354   145.08    32.36    22.72    13.42  2054.73    63.5   153.1
bg512-map/AR0011SR                512x512  scen    2180     130   32823   160.09    42.08    32.72    21.05  3903.96    92.8   185.5
bg512-map/AR0012SR                512x512  rand    1000      44    7750    81.22    23.25    16.78     9.71   888.94    38.2    91.5
bg512-map/AR0012SR                512x512  scen    1370      68   12709    90.89    28.37    21.38    13.13  1538.88    54.2   117.2
bg512-map/AR0013SR                512x512  rand    1000      38    4775    72.58    22.07    15.36     8.85   566.41    25.7    64.0
bg512-map/AR0013SR                512x512  scen    1260      66    8687    81.99    27.69    20.62    12.73  1166.03    42.1    91.6
bg512-map/AR0014SR                512x512  rand    1000      30    5156    68.35    19.96    13.54     8.08   595.82    29.9    73.7
bg512-map/AR0014SR                512x512  scen    1290      51    9243    78.12    25.08    17.42    11.04  1177.49    47.0   106.7
bg512-map/AR0015SR                512x512  rand    1000      13    4645    85.24    14.97    11.04     5.47   505.02    33.7    92.3
bg512-map/AR0015SR                512x512  scen    1310      21    9085   101.04    19.16    13.45     7.35  1094.22    57.1   148.9
bg512-map/AR0016SR                512x512  rand    1000      14    4797    82.66    17.46    12.14     6.51   560.38    32.1    86.1
bg512-map/AR0016SR                512x512  scen    1220      18    7158   112.06    19.26    17.82     9.55  1118.01    58.1   117.1
bg512-map/AR0017SR                512x512  rand    1000      15    6734    95.73    16.92    13.50     6.15   763.00    45.1   124.1
bg512-map/AR0017SR                512x512  scen    1400      25   13525   112.86    21.72    16.61     8.44  1672.92    77.0   198.3
bg512-map/AR0018SR                512x512  rand    1000      21    5238   118.42    23.58    15.50     7.54   687.03    29.1    91.2
bg512-map/AR0018SR                512x512  scen    1490      59   16270   150.16    32.37    25.03    17.89  2470.82    76.3   138.1
bg512-map/AR0020SR                512x512  rand    1000       8    3172   112.28    13.77    11.85     4.44   345.66    25.1    77.8
bg512-map/AR0020SR                512x512  scen    1320      10    5557   111.91    15.73    13.83     6.25   567.54    36.1    90.8
bg512-map/AR0041SR                512x512  rand    1000       5    4231   171.28    15.15    13.72     4.03   439.54    29.0   109.1
bg512-map/AR0041SR                512x512  scen    1440       6    6223   176.90    16.36    12.86     5.25   653.70    40.0   124.5
bg512-map/AR0042SR                512x512  rand    1000       5    4736   265.50    15.73    21.08     4.76   459.49    29.2    96.5
bg512-map/AR0042SR                512x512  scen    1610       6    8105   270.22    17.65    19.32     5.43   808.33    45.8   148.9
bg512-map/AR0043SR                512x512  rand    1000       5    4129   183.37    13.06    17.32     3.74   396.54    30.4   106.2
bg512-map/AR0043SR                512x512  scen    1390       7    6852   192.47    14.88    14.89     4.69   664.08    44.6   141.6
bg512-map/AR0044SR                512x512  rand    1000       7    5930   331.32    17.57    32.22     5.18   607.25    34.6   117.3
bg512-map/AR0044SR                512x512  scen    1670       9    8068   379.52    20.27    26.92     6.26   820.34    40.5   131.0
bg512-map/AR0045SR                512x512  rand    1000       6    4223   152.56    14.82    15.56     4.35   453.97    30.6   104.5
bg512-map/AR0045SR                512x512  scen    1500      10   10292   168.77    16.87    13.61     6.38  1146.63    68.0   179.8
bg512-map/AR0046SR                512x512  rand    1000       8    5021   166.68    15.93    17.17     5.94   546.65    34.3    92.0
bg512-map/AR0046SR                512x512  scen    1580      10    7487   167.35    17.77    16.45     6.64   773.31    43.5   116.5
bg512-map/AR0070SR                512x512  rand    1000      56   21206   105.51    29.40    22.18    13.52  2260.87    76.9   167.2
bg512-map/AR0070SR                512x512  scen    2720      72   28231   110.39    34.26    24.96    16.54  3034.69    88.6   183.4
bg512-map/AR0071SR                512x512  rand    1000      63   14673    78.43    29.21    21.57    13.33  1674.77    57.3   125.7
bg512-map/AR0071SR                512x512  scen    1850      73   17510    81.11    29.47    22.01    14.61  1972.97    67.0   135.0
bg512-map/AR0072SR                512x512  rand    1000      33   11783    78.40    18.00    13.25     7.06  1228.41    68.3   174.0
bg512-map/AR0072SR                512x512  scen    2060      47   18117    79.57    18.95    16.11     8.73  1830.33    96.6   209.7
bg512-map/AR0201SR                512x512  rand    1000      16    2874    28.52    10.41     7.30     4.51   314.40    30.2    69.7
bg512-map/AR0201SR                512x512  scen    1380      25    4875    30.09    12.33     9.89     6.43   532.30    43.2    82.8
bg512-map/AR0202SR                512x512  rand    1000     213   17343    98.25    45.89    42.96    29.53  1906.02    41.5    64.6
bg512-map/AR0202SR                512x512  scen    3170     295   23648   113.39    54.14    53.25    36.37  2523.57    46.6    69.4
bg512-map/AR0203SR                512x512  rand    1000       8    4538   194.60    19.38    21.35     5.05   650.99    33.6   128.9
bg512-map/AR0203SR                512x512  scen    1360      12    8200   207.25    15.83    21.79     7.03  1206.79    76.2   171.7
bg512-map/AR0204SR                512x512  rand    1000     125   12241    87.02    34.26    25.94    18.15  1415.84    41.3    78.0
bg512-map/AR0204SR                512x512  scen    2210     177   16643    89.28    37.56    32.59    22.96  1788.81    47.6    77.9
bg512-map/AR0205SR                512x512  rand    1000     108    9859   122.24    38.41    34.53    23.52  1489.50    38.8    63.3
bg512-map/AR0205SR                512x512  scen    1900     216   18210   150.73    57.73    56.82    35.03  2800.31    48.5    79.9
bg512-map/AR0206SR                512x512  rand    1000      15    4094    75.41    13.67    10.52     4.68   458.71    33.6    98.0
bg512-map/AR0206SR                512x512  scen    1150      24    7291    73.41    15.02    12.72     6.50   823.39    54.8   126.6
bg512-map/AR0300SR                512x512  rand    1000     170   11320   102.20    40.72    31.56    21.26  1312.00    32.2    61.7
bg512-map/AR0300SR                512x512  scen    1910     279   17707   110.95    48.29    45.04    30.72  1957.83    40.5    63.7
------------------------------------------------------------------------------------------------------------------------------------
map                                  size   tag   pairs  JPSexp   A*exp      cC#       cC      wC#       wC     A*us   A*/cC   A*/wC
------------------------------------------------------------------------------------------------------------------------------------
bg512-map/AR0301SR                512x512  rand    1000      17    6260    75.68    16.16    11.78     6.00   723.67    44.8   120.7
bg512-map/AR0301SR                512x512  scen    1480      28   12009    79.02    19.76    14.95     8.53  1400.32    70.9   164.1
bg512-map/AR0302SR                512x512  rand    1000      18    5999    75.41    16.25    11.58     6.12   666.09    41.0   108.9
bg512-map/AR0302SR                512x512  scen    1300      24    9077    76.76    17.07    13.81     7.09  1032.09    60.5   145.5
bg512-map/AR0303SR                512x512  rand    1000      14    5358    83.40    15.51    12.02     5.59   606.30    39.1   108.5
bg512-map/AR0303SR                512x512  scen    1340      20    8995    89.35    18.00    14.11     7.28  1088.61    60.5   149.6
bg512-map/AR0304SR                512x512  rand    1000      21    6884    71.66    17.42    13.18     6.82   807.82    46.4   118.5
bg512-map/AR0304SR                512x512  scen    1340      28    9696    69.88    18.63    13.88     8.14  1116.78    59.9   137.1
bg512-map/AR0305SR                512x512  rand    1000      26    6355    74.99    16.85    12.76     6.90   701.50    41.6   101.7
bg512-map/AR0305SR                512x512  scen    1430      41   11362    79.62    18.63    15.28     9.38  1309.40    70.3   139.6
bg512-map/AR0306SR                512x512  rand    1000      19    7301    73.62    16.36    11.85     6.46   812.68    49.7   125.8
bg512-map/AR0306SR                512x512  scen    1290      27   11185    76.96    18.30    13.46     7.80  1315.09    71.9   168.7
bg512-map/AR0307SR                512x512  rand    1000     359   14099   108.51    59.98    57.96    41.08  1432.88    23.9    34.9
bg512-map/AR0307SR                512x512  scen    3380     507   19945   132.68    77.35    82.37    57.30  2003.38    25.9    35.0
bg512-map/AR0308SR                512x512  rand    1000      46    8038   117.53    22.77    18.27     9.73   902.62    39.6    92.7
bg512-map/AR0308SR                512x512  scen    1600     109   18354   142.83    34.04    28.33    18.05  2046.02    60.1   113.4
bg512-map/AR0309SR                512x512  rand    1000      43    7826    98.31    27.19    17.03    11.80  1164.40    42.8    98.7
bg512-map/AR0309SR                512x512  scen    1620      84   15312   123.19    40.74    32.90    20.65  2313.86    56.8   112.0
bg512-map/AR0310SR                512x512  rand    1000       6    2738   107.80    12.08    10.26     3.82   279.74    23.2    73.2
bg512-map/AR0310SR                512x512  scen    1070       8    4430   114.81    12.66    11.78     4.55   430.57    34.0    94.5
bg512-map/AR0314SR                512x512  rand    1000      10    3482    84.50    13.52    12.20     4.97   404.74    29.9    81.4
bg512-map/AR0314SR                512x512  scen    1170      16    6746    87.26    15.15    12.70     5.95   733.53    48.4   123.3
bg512-map/AR0316SR                512x512  rand    1000      12    3330    77.17    14.07    10.49     5.13   352.26    25.0    68.7
bg512-map/AR0316SR                512x512  scen    1230      21    7509    78.84    15.55    12.88     6.68   792.23    51.0   118.6
bg512-map/AR0317SR                512x512  rand    1000      10    3498    82.90    13.23    11.14     4.87   359.31    27.1    73.8
bg512-map/AR0317SR                512x512  scen    1230      16    7213    88.37    15.43    13.36     6.33   759.95    49.3   120.1
bg512-map/AR0331SR                512x512  rand    1000      14    5724    62.49    14.52    10.87     6.15   663.85    45.7   108.0
bg512-map/AR0331SR                512x512  scen    1290      19    8446    59.42    15.91    11.00     6.83   923.20    58.0   135.1
bg512-map/AR0400SR                512x512  rand    1000     142   21381   138.70    41.54    32.47    20.82  2401.33    57.8   115.4
bg512-map/AR0400SR                512x512  scen    2890     247   35184   166.84    56.98    49.26    34.24  4022.31    70.6   117.5
bg512-map/AR0404SR                512x512  rand    1000     106   11390    73.68    31.28    24.04    16.18  1254.28    40.1    77.5
bg512-map/AR0404SR                512x512  scen    1900     131   14324    74.67    31.49    27.00    19.32  1543.18    49.0    79.9
bg512-map/AR0405SR                512x512  rand    1000      67   16750   108.36    29.38    23.30    12.97  1914.76    65.2   147.6
bg512-map/AR0405SR                512x512  scen    1990      93   24331   104.93    31.83    26.57    19.44  2757.51    86.6   141.8
bg512-map/AR0406SR                512x512  rand    1000     201   13021    97.84    46.13    38.53    27.39  1459.58    31.6    53.3
bg512-map/AR0406SR                512x512  scen    2240     293   18781   112.88    60.12    56.35    39.72  2227.07    37.0    56.1
bg512-map/AR0410SR                512x512  rand    1000       8    2974    82.06    11.73     9.27     3.93   321.36    27.4    81.9
bg512-map/AR0410SR                512x512  scen    1160      11    5130    82.90    12.37    10.23     5.16   549.39    44.4   106.4
bg512-map/AR0411SR                512x512  rand    1000     126   14481   102.51    46.81    31.86    24.62  2010.87    43.0    81.7
bg512-map/AR0411SR                512x512  scen    2430     154   17463   111.16    43.36    44.76    26.88  2404.80    55.5    89.5
bg512-map/AR0412SR                512x512  rand    1000      27    6171    95.93    18.20    14.44     7.09   684.99    37.6    96.7
bg512-map/AR0412SR                512x512  scen    1500      50   11202   101.19    21.53    18.15    10.21  1187.25    55.1   116.3
bg512-map/AR0413SR                512x512  rand    1000      23    3665    28.79    11.48     8.08     5.41   392.63    34.2    72.5
bg512-map/AR0413SR                512x512  scen    1530      34    5912    32.62    13.61     9.41     6.75   632.46    46.5    93.7
bg512-map/AR0414SR                512x512  rand    1000      49    5079    78.75    18.96    14.79     8.56   575.16    30.3    67.2
bg512-map/AR0414SR                512x512  scen    1250     135   11977   107.85    33.14    29.05    17.74  1504.50    45.4    84.8
bg512-map/AR0418SR                512x512  rand    1000       3    1628   111.08    10.62    11.17     2.89   161.00    15.2    55.6
bg512-map/AR0418SR                512x512  scen     850       3    2853   105.15    10.37    12.76     3.01   277.20    26.7    92.2
bg512-map/AR0500SR                512x512  rand    1000     116   11041    93.19    34.70    24.98    16.74  1276.16    36.8    76.2
bg512-map/AR0500SR                512x512  scen    2140     200   18590   105.29    40.17    35.62    24.64  2137.59    53.2    86.8
------------------------------------------------------------------------------------------------------------------------------------
map                                  size   tag   pairs  JPSexp   A*exp      cC#       cC      wC#       wC     A*us   A*/cC   A*/wC
------------------------------------------------------------------------------------------------------------------------------------
bg512-map/AR0502SR                512x512  rand    1000      11    4591   104.38    16.70    14.66     6.14   561.37    33.6    91.4
bg512-map/AR0502SR                512x512  scen    1240      15    7681    90.18    17.97    13.32     6.03   904.41    50.3   150.0
bg512-map/AR0503SR                512x512  rand    1000      12    3129    52.00    12.14     8.35     6.02   379.73    31.3    63.0
bg512-map/AR0503SR                512x512  scen    1140      18    5515    47.76    13.60    10.63     5.99   626.33    46.1   104.5
bg512-map/AR0504SR                512x512  rand    1000      52    6916   103.53    25.40    19.50    10.56   815.74    32.1    77.3
bg512-map/AR0504SR                512x512  scen    1330      81   10754    98.14    27.52    23.13    13.91  1299.98    47.2    93.4
bg512-map/AR0505SR                512x512  rand    1000      46    8083   107.04    24.03    18.36    10.34   975.35    40.6    94.3
bg512-map/AR0505SR                512x512  scen    1610     116   19873   128.12    36.71    31.05    19.56  2423.91    66.0   123.9
bg512-map/AR0506SR                512x512  rand    1000      12    4648    76.96    15.81    10.64     5.25   519.25    32.8    98.9
bg512-map/AR0506SR                512x512  scen    1040      14    6187    80.56    15.70    11.34     5.76   758.43    48.3   131.7
bg512-map/AR0509SR                512x512  rand    1000      18    5690    74.50    16.53    11.74     6.32   681.37    41.2   107.8
bg512-map/AR0509SR                512x512  scen    1380      32   11590    84.54    19.55    15.23     8.74  1409.60    72.1   161.3
bg512-map/AR0510SR                512x512  rand    1000      46    6485    95.73    23.83    18.35     9.88   775.36    32.5    78.5
bg512-map/AR0510SR                512x512  scen    1440      69   10419   103.24    27.89    20.99    13.84  1269.00    45.5    91.7
bg512-map/AR0511SR                512x512  rand    1000      24    6476    87.58    20.49    13.36     8.00   772.74    37.7    96.6
bg512-map/AR0511SR                512x512  scen    1370      34    9753    82.51    20.95    15.31     9.61  1138.96    54.4   118.6
bg512-map/AR0513SR                512x512  rand    1000      13    5552   138.46    18.45    14.66     7.89   828.61    44.9   105.1
bg512-map/AR0513SR                512x512  scen    1430      21   12097   158.78    25.65    21.39    11.63  1867.36    72.8   160.6
bg512-map/AR0516SR                512x512  rand    1000      37    5291    52.41    16.69    12.08     7.42   622.65    37.3    83.9
bg512-map/AR0516SR                512x512  scen    1470      54    8119    53.69    19.17    14.51     9.55   934.42    48.7    97.8
bg512-map/AR0517SR                512x512  rand    1000       3    2065   115.47    10.28    10.25     2.92   203.64    19.8    69.8
bg512-map/AR0517SR                512x512  scen     990       4    3644   105.75    10.01    11.52     2.94   361.08    36.1   122.7
bg512-map/AR0526SR                512x512  rand    1000      14    5724    55.90    13.70     9.66     5.58   623.31    45.5   111.7
bg512-map/AR0526SR                512x512  scen    1270      19    8117    59.91    15.45    11.12     6.76   880.66    57.0   130.3
bg512-map/AR0600SR                512x512  rand    1000      34    3194    32.59    13.03     9.04     6.72   355.65    27.3    52.9
bg512-map/AR0600SR                512x512  scen    1470      44    4551    31.24    14.47     9.91     7.19   508.19    35.1    70.7
bg512-map/AR0601SR                512x512  rand    1000      28    4479    43.46    14.63    10.72     7.44   470.94    32.2    63.3
bg512-map/AR0601SR                512x512  scen    1680      42    6968    45.12    16.96    12.69     9.49   732.77    43.2    77.2
bg512-map/AR0602SR                512x512  rand    1000     285   15115   121.15    57.42    50.59    34.59  1672.71    29.1    48.4
bg512-map/AR0602SR                512x512  scen    2460     375   19847   135.08    67.00    64.96    43.71  2159.32    32.2    49.4
bg512-map/AR0603SR                512x512  rand    1000     124   12863    87.15    36.68    28.32    20.15  1512.36    41.2    75.1
bg512-map/AR0603SR                512x512  scen    2930     205   20394    97.32    46.94    40.42    29.99  2290.19    48.8    76.4
bg512-map/AR0604SR                512x512  rand    1000      30   12912   109.37    24.70    17.11     8.86  1458.19    59.0   164.5
bg512-map/AR0604SR                512x512  scen    2310      54   24985   122.83    26.73    20.24    12.84  2744.84   102.7   213.8
bg512-map/AR0605SR                512x512  rand    1000       9    4856   185.84    16.38    19.76     5.64   520.19    31.8    92.2
bg512-map/AR0605SR                512x512  scen    1260      11    6353   208.24    19.19    18.94     6.22   714.53    37.2   114.9
bg512-map/AR0700SR                512x512  rand    1000     236   13195   161.21    57.84    44.25    28.13  1589.55    27.5    56.5
bg512-map/AR0700SR                512x512  scen    1930     423   21893   191.41    78.35    72.29    48.69  2710.87    34.6    55.7
bg512-map/AR0701SR                512x512  rand    1000     108    7417   125.33    44.44    39.11    24.37  1174.19    26.4    48.2
bg512-map/AR0701SR                512x512  scen    1680     178   11719   151.62    54.02    50.04    31.82  1888.28    35.0    59.3
bg512-map/AR0702SR                512x512  rand    1000      26    5190    73.72    17.72    13.27     6.81   607.27    34.3    89.1
bg512-map/AR0702SR                512x512  scen    1290      35    7960    72.62    20.00    14.16     8.37   954.93    47.7   114.0
bg512-map/AR0704SR                512x512  rand    1000      30    7227    79.47    19.56    14.92     7.88   889.73    45.5   113.0
bg512-map/AR0704SR                512x512  scen    1530      61   15853    92.49    25.59    20.35    12.21  1969.57    77.0   161.4
bg512-map/AR0705SR                512x512  rand    1000      98   18008    90.42    32.23    25.50    16.60  1946.46    60.4   117.2
bg512-map/AR0705SR                512x512  scen    2800     148   27059   100.85    39.75    32.82    23.68  2900.27    73.0   122.5
bg512-map/AR0709SR                512x512  rand    1000      15    4966   137.87    21.25    19.36     9.00   721.08    33.9    80.1
bg512-map/AR0709SR                512x512  scen    1260      20    7554   147.72    21.58    18.10    11.48  1063.23    49.3    92.6
bg512-map/AR0711SR                512x512  rand    1000      40    5869    48.77    15.85    11.69     8.02   676.45    42.7    84.4
bg512-map/AR0711SR                512x512  scen    1900      60    9356    52.95    18.46    15.56    10.25  1097.42    59.4   107.1
------------------------------------------------------------------------------------------------------------------------------------
map                                  size   tag   pairs  JPSexp   A*exp      cC#       cC      wC#       wC     A*us   A*/cC   A*/wC
------------------------------------------------------------------------------------------------------------------------------------
bgmaps-map/AR0011SR               216x224  rand    1000      53    3231    51.18    19.16    11.43     6.97   351.21    18.3    50.4
bgmaps-map/AR0011SR               216x224  scen     930     101    5909    63.62    25.25    17.40    11.76   650.57    25.8    55.3
bgmaps-map/AR0012SR               148x139  rand    1000      37     665    20.79    13.01     6.88     4.90    74.70     5.7    15.3
bgmaps-map/AR0012SR               148x139  scen     380      54    1019    23.77    14.49    10.14     6.21   117.53     8.1    18.9
bgmaps-map/AR0013SR               148x144  rand    1000      39     474    17.63    11.66     7.13     4.84    52.94     4.5    10.9
bgmaps-map/AR0013SR               148x144  scen     360      61     756    22.33    14.92    10.19     7.39    85.38     5.7    11.6
bgmaps-map/AR0014SR               148x144  rand    1000      28     475    16.61    10.21     6.05     4.22    53.23     5.2    12.6
bgmaps-map/AR0014SR               148x144  scen     350      40     685    19.83    12.17     7.87     5.53    76.71     6.3    13.9
bgmaps-map/AR0015SR                 88x86  rand    1000      12     169    11.27     7.41     3.39     3.43    21.48     2.9     6.3
bgmaps-map/AR0015SR                 88x86  scen     200      15     224    15.83     8.84     5.50     2.76    33.12     3.7    12.0
bgmaps-map/AR0016SR                 88x86  rand    1000      14     184     9.99     7.30     3.31     2.54    21.67     3.0     8.5
bgmaps-map/AR0016SR                 88x86  scen     220      18     280    12.21     8.17     4.70     3.34    31.49     3.9     9.4
bgmaps-map/AR0017SR                 88x86  rand    1000      15     250    17.58     7.90     3.90     2.93    37.60     4.8    12.8
bgmaps-map/AR0017SR                 88x86  scen     220      20     368    19.77    11.09     8.37     4.69    56.42     5.1    12.0
bgmaps-map/AR0018SR                100x96  rand    1000      17     240    12.13     7.12     3.87     2.53    28.14     4.0    11.1
bgmaps-map/AR0018SR                100x96  scen     250      28     449    15.16     9.44     5.72     4.09    49.43     5.2    12.1
bgmaps-map/AR0020SR                 80x80  rand    1000       8     113     9.33     6.36     2.40     1.66    13.72     2.2     8.3
bgmaps-map/AR0020SR                 80x80  scen     190      10     172    10.58     6.29     3.30     2.19    18.87     3.0     8.6
bgmaps-map/AR0021SR                 60x64  rand    1000      12     126     8.00     6.05     2.84     2.08    14.56     2.4     7.0
bgmaps-map/AR0021SR                 60x64  scen     170      19     209    10.00     7.08     4.11     2.83    23.08     3.3     8.2
bgmaps-map/AR0022SR                 64x64  rand    1000       9     113     8.07     5.89     2.86     1.69    12.77     2.2     7.5
bgmaps-map/AR0022SR                 64x64  scen     150      11     157     8.97     6.40     3.49     2.43    19.45     3.0     8.0
bgmaps-map/AR0041SR                 80x80  rand    1000       5     149    13.08     5.57     2.12     1.46    16.60     3.0    11.4
bgmaps-map/AR0041SR                 80x80  scen     230       6     229    14.62     6.33     2.97     1.75    24.02     3.8    13.7
bgmaps-map/AR0042SR                 80x80  rand    1000       5     157    24.83     9.01     3.68     2.50    22.14     2.5     8.9
bgmaps-map/AR0042SR                 80x80  scen     240       5     252    20.89     7.81     3.95     2.59    28.07     3.6    10.8
bgmaps-map/AR0043SR                 80x80  rand    1000       5     129    14.09     5.73     2.54     1.54    14.46     2.5     9.4
bgmaps-map/AR0043SR                 80x80  scen     210       6     215    13.69     6.00     3.63     2.68    22.91     3.8     8.5
bgmaps-map/AR0044SR                 80x80  rand    1000       6     197    19.16     6.47     2.89     2.08    21.53     3.3    10.3
bgmaps-map/AR0044SR                 80x80  scen     250       8     255    21.99     7.29     4.85     2.56    27.58     3.8    10.8
bgmaps-map/AR0045SR                 80x80  rand    1000       6     151    12.04     5.59     2.76     2.00    16.89     3.0     8.5
bgmaps-map/AR0045SR                 80x80  scen     210       7     235    13.93     6.48     3.38     2.67    25.41     3.9     9.5
bgmaps-map/AR0046SR                 80x80  rand    1000       8     169    13.89     6.06     2.80     1.92    18.91     3.1     9.9
bgmaps-map/AR0046SR                 80x80  scen     240       9     235    14.69     7.13     3.71     2.42    25.09     3.5    10.4
bgmaps-map/AR0069SR               100x112  rand    1000      15     237    12.19     7.08     3.79     2.46    26.34     3.7    10.7
bgmaps-map/AR0069SR               100x112  scen     220      22     391    14.28     8.62     5.72     3.69    43.58     5.1    11.8
bgmaps-map/AR0070SR               124x134  rand    1000      46    1425    38.85    20.72    12.05     5.91   173.84     8.4    29.4
bgmaps-map/AR0070SR               124x134  scen     680      57    1795    41.55    21.89    14.48     6.41   218.93    10.0    34.1
bgmaps-map/AR0071SR               140x150  rand    1000      43    1177    21.07    13.76     7.59     5.37   119.36     8.7    22.2
bgmaps-map/AR0071SR               140x150  scen     510      48    1331    21.28    13.56     8.62     5.84   134.17     9.9    23.0
bgmaps-map/AR0072SR               160x160  rand    1000      31    1195    23.67    11.79     6.18     3.90   125.45    10.6    32.2
bgmaps-map/AR0072SR               160x160  scen     630      42    1775    26.11    12.08     6.99     4.61   181.88    15.1    39.4
bgmaps-map/AR0082SR                 52x54  rand    1000       5      21     3.97     3.62     1.74     1.50     3.64     1.0     2.4
bgmaps-map/AR0082SR                 52x54  scen      60       6      26     4.75     4.18     2.51     1.98     4.27     1.0     2.2
bgmaps-map/AR0201SR               140x166  rand    1000      14     283    10.25     6.21     3.56     2.30    32.32     5.2    14.1
bgmaps-map/AR0201SR               140x166  scen     380      20     411    10.07     6.58     4.07     3.21    45.05     6.8    14.0
bgmaps-map/AR0202SR               244x208  rand    1000     152    3443    45.14    28.65    22.28    15.31   342.96    12.0    22.4
bgmaps-map/AR0202SR               244x208  scen    1450     216    4746    56.80    36.16    31.85    20.48   476.58    13.2    23.3
bgmaps-map/AR0203SR                 76x75  rand    1000       8     133    11.86     5.98     2.83     1.69    15.41     2.6     9.1
bgmaps-map/AR0203SR                 76x75  scen     190      11     208    12.57     6.42     3.86     2.20    23.51     3.7    10.7
------------------------------------------------------------------------------------------------------------------------------------
map                                  size   tag   pairs  JPSexp   A*exp      cC#       cC      wC#       wC     A*us   A*/cC   A*/wC
------------------------------------------------------------------------------------------------------------------------------------
bgmaps-map/AR0204SR               260x294  rand    1000     100    3581    48.35    23.31    17.08    11.49   408.91    17.5    35.6
bgmaps-map/AR0204SR               260x294  scen    1160     136    4799    51.59    28.40    22.96    15.86   543.28    19.1    34.3
bgmaps-map/AR0205SR               212x214  rand    1000      96    1702    36.25    20.36    14.15     9.97   185.92     9.1    18.6
bgmaps-map/AR0205SR               212x214  scen     740     171    2857    48.91    29.20    22.45    15.84   312.79    10.7    19.7
bgmaps-map/AR0206SR               104x128  rand    1000      12     244    12.29     6.42     3.52     2.13    28.39     4.4    13.3
bgmaps-map/AR0206SR               104x128  scen     260      19     410    14.54     8.05     4.95     3.34    45.15     5.6    13.5
bgmaps-map/AR0300SR               320x320  rand    1000     157    4431    65.50    30.84    24.99    16.75   493.28    16.0    29.4
bgmaps-map/AR0300SR               320x320  scen    1200     259    6973    75.28    40.18    34.91    25.06   753.11    18.7    30.1
bgmaps-map/AR0301SR                 92x86  rand    1000      15     228    15.89     9.08     4.59     3.25    30.09     3.3     9.3
bgmaps-map/AR0301SR                 92x86  scen     220      20     312    12.86     8.96     5.54     3.77    41.08     4.6    10.9
bgmaps-map/AR0302SR                 80x86  rand    1000      15     184    13.19     9.33     4.15     3.57    28.31     3.0     7.9
bgmaps-map/AR0302SR                 80x86  scen     190      17     228    16.02     8.02     5.42     3.07    33.65     4.2    11.0
bgmaps-map/AR0303SR                 80x86  rand    1000      12     165    10.20     6.84     3.11     2.17    19.42     2.8     8.9
bgmaps-map/AR0303SR                 80x86  scen     180      14     209    11.32     7.04     3.98     2.68    23.71     3.4     8.9
bgmaps-map/AR0304SR                 80x86  rand    1000      16     206    13.49     7.59     5.27     2.72    25.79     3.4     9.5
bgmaps-map/AR0304SR                 80x86  scen     200      17     236    10.43     7.52     4.52     4.40    32.16     4.3     7.3
bgmaps-map/AR0305SR                104x91  rand    1000      23     293    12.88     8.67     4.22     3.07    32.61     3.8    10.6
bgmaps-map/AR0305SR                104x91  scen     250      29     379    13.16     9.60     5.54     3.98    40.45     4.2    10.2
bgmaps-map/AR0306SR                 84x91  rand    1000      16     230    10.81     8.29     3.83     2.86    33.83     4.1    11.8
bgmaps-map/AR0306SR                 84x91  scen     220      24     353    18.85    11.23     7.55     5.53    53.03     4.7     9.6
bgmaps-map/AR0307SR               320x267  rand    1000     291    4615    69.35    46.59    41.82    29.67   485.28    10.4    16.4
bgmaps-map/AR0307SR               320x267  scen    1650     356    5629    78.16    51.90    49.23    34.96   575.36    11.1    16.5
bgmaps-map/AR0308SR               112x118  rand    1000      30     417    24.30    12.35     6.26     5.43    53.61     4.3     9.9
bgmaps-map/AR0308SR               112x118  scen     340      64     917    39.38    21.39    15.03    10.61   136.49     6.4    12.9
bgmaps-map/AR0309SR               120x118  rand    1000      40     477    17.15    11.28     6.78     4.64    52.25     4.6    11.3
bgmaps-map/AR0309SR               120x118  scen     350      64     753    21.35    14.66    10.31     6.77    79.73     5.4    11.8
bgmaps-map/AR0310SR                 80x80  rand    1000       6      92    11.63     5.11     2.44     1.86    11.37     2.2     6.1
bgmaps-map/AR0310SR                 80x80  scen     160       7     146    12.31     5.87     3.71     2.33    16.55     2.8     7.1
bgmaps-map/AR0311SR                 52x54  rand    1000       6      35     5.83     4.27     1.98     1.48     4.77     1.1     3.2
bgmaps-map/AR0311SR                 52x54  scen      90       7      47     6.03     4.80     2.66     1.85     6.33     1.3     3.4
bgmaps-map/AR0312SR                 52x54  rand    1000       6      47     8.24     5.61     2.84     2.35     7.95     1.4     3.4
bgmaps-map/AR0312SR                 52x54  scen     100       7      57     6.61     6.22     2.94     2.71     8.40     1.4     3.1
bgmaps-map/AR0313SR                 60x64  rand    1000      12     126     7.88     6.16     3.24     2.02    14.29     2.3     7.1
bgmaps-map/AR0313SR                 60x64  scen     160      16     188     9.64     7.19     4.09     2.84    21.14     2.9     7.4
bgmaps-map/AR0314SR                 64x70  rand    1000       9      79     7.97     6.86     2.94     2.08    10.76     1.6     5.2
bgmaps-map/AR0314SR                 64x70  scen     140      11     121    12.77     6.39     4.42     2.72    19.55     3.1     7.2
bgmaps-map/AR0315SR                 52x54  rand    1000       5      49     5.55     4.34     1.88     1.39     6.23     1.4     4.5
bgmaps-map/AR0315SR                 52x54  scen     100       6      70     5.86     5.49     2.35     1.67     8.25     1.5     4.9
bgmaps-map/AR0316SR                 64x70  rand    1000      10      76    10.55     7.18     3.79     2.83    12.11     1.7     4.3
bgmaps-map/AR0316SR                 64x70  scen     130      12      93    10.28     8.74     5.40     4.35    14.24     1.6     3.3
bgmaps-map/AR0317SR                 64x70  rand    1000       9      82     7.47     5.28     2.56     1.77     9.95     1.9     5.6
bgmaps-map/AR0317SR                 64x70  scen     140      11     109     8.62     6.32     3.61     2.56    13.09     2.1     5.1
bgmaps-map/AR0318SR                 60x64  rand    1000      14     209    14.90     8.66     4.72     3.14    25.99     3.0     8.3
bgmaps-map/AR0318SR                 60x64  scen     220      21     323    12.97    10.33     4.82     3.38    32.26     3.1     9.5
bgmaps-map/AR0319SR                 52x54  rand    1000       7      56     6.53     4.74     2.23     1.55     7.01     1.5     4.5
bgmaps-map/AR0319SR                 52x54  scen     120      10      89     8.10     5.63     3.24     2.29    11.21     2.0     4.9
bgmaps-map/AR0325SR                 52x54  rand    1000       5      57     6.39     4.51     1.88     1.31     6.78     1.5     5.2
bgmaps-map/AR0325SR                 52x54  scen     110       6      79     7.58     5.51     3.65     1.99     9.83     1.8     4.9
bgmaps-map/AR0330SR                 56x54  rand    1000       8      70     6.09     4.95     2.26     1.67     8.51     1.7     5.1
bgmaps-map/AR0330SR                 56x54  scen     110       9      84     6.77     5.22     3.40     2.39    10.26     2.0     4.3
------------------------------------------------------------------------------------------------------------------------------------
map                                  size   tag   pairs  JPSexp   A*exp      cC#       cC      wC#       wC     A*us   A*/cC   A*/wC
------------------------------------------------------------------------------------------------------------------------------------
bgmaps-map/AR0331SR                 72x80  rand    1000       9     154     7.57     5.69     2.94     1.76    16.47     2.9     9.3
bgmaps-map/AR0331SR                 72x80  scen     160      10     161     7.78     5.82     3.10     2.10    17.25     3.0     8.2
bgmaps-map/AR0332SR                 56x59  rand    1000       6      63     8.64     4.85     2.44     1.50    10.99     2.3     7.3
bgmaps-map/AR0332SR                 56x59  scen     130       8     102     8.25     6.76     3.65     2.55    14.79     2.2     5.8
bgmaps-map/AR0334SR                 60x64  rand    1000       7      71     9.49     6.74     3.50     2.26    11.26     1.7     5.0
bgmaps-map/AR0334SR                 60x64  scen     130       8      90     9.31     6.82     4.66     3.26    15.75     2.3     4.8
bgmaps-map/AR0335SR                 52x54  rand    1000       6      47     6.24     4.63     1.92     1.47     6.28     1.4     4.3
bgmaps-map/AR0335SR                 52x54  scen      90       6      53     6.02     4.54     2.51     1.72     7.03     1.5     4.1
bgmaps-map/AR0400SR               240x256  rand    1000     118    4838    60.15    27.06    19.24    12.91   501.50    18.5    38.9
bgmaps-map/AR0400SR               240x256  scen    1350     205    8010    74.55    37.06    29.06    19.83   819.12    22.1    41.3
bgmaps-map/AR0401SR                 52x59  rand    1000      11     179    13.40     6.28     3.41     2.32    24.85     4.0    10.7
bgmaps-map/AR0401SR                 52x59  scen     150      12     206    10.00     7.91     3.79     2.26    24.88     3.1    11.0
bgmaps-map/AR0402SR                 56x59  rand    1000      11     109     8.46     6.03     3.41     2.47    13.36     2.2     5.4
bgmaps-map/AR0402SR                 56x59  scen     150      13     138     8.77     6.42     3.99     3.01    16.28     2.5     5.4
bgmaps-map/AR0403SR                 56x59  rand    1000      10     104     8.42     6.90     2.93     2.21    13.53     2.0     6.1
bgmaps-map/AR0403SR                 56x59  scen     140      11     124     9.42     7.17     4.10     4.17    19.74     2.8     4.7
bgmaps-map/AR0404SR               204x251  rand    1000      59    2208    44.77    23.43    13.29    12.31   300.05    12.8    24.4
bgmaps-map/AR0404SR               204x251  scen     830      72    2763    38.10    20.36    19.80    13.91   356.18    17.5    25.6
bgmaps-map/AR0405SR               176x176  rand    1000      64    2141    32.82    19.10    12.33     7.52   231.04    12.1    30.7
bgmaps-map/AR0405SR               176x176  scen     680      82    2867    37.47    20.06    14.96     9.53   304.39    15.2    31.9
bgmaps-map/AR0406SR               244x192  rand    1000     119    2131    40.85    26.74    18.71    12.23   238.22     8.9    19.5
bgmaps-map/AR0406SR               244x192  scen     890     178    3152    50.24    31.19    25.07    17.40   353.07    11.3    20.3
bgmaps-map/AR0407SR                 52x54  rand    1000       6      37     5.57     4.30     2.07     1.46     5.10     1.2     3.5
bgmaps-map/AR0407SR                 52x54  scen      80       6      40     5.75     4.69     3.04     2.11     5.87     1.3     2.8
bgmaps-map/AR0408SR                 50x50  rand    1000       6      31     4.95     4.13     1.78     1.46     4.34     1.1     3.0
bgmaps-map/AR0408SR                 50x50  scen      80       7      45     5.70     5.29     2.73     2.26     6.62     1.3     2.9
bgmaps-map/AR0409SR                 52x54  rand    1000       6      37     5.64     4.57     2.06     1.47     5.23     1.1     3.6
bgmaps-map/AR0409SR                 52x54  scen      80       6      41     6.12     4.82     3.32     2.54     6.27     1.3     2.5
bgmaps-map/AR0410SR                 92x96  rand    1000       8     135    10.27     5.65     3.20     1.82    15.23     2.7     8.4
bgmaps-map/AR0410SR                 92x96  scen     190       9     176    11.25     6.03     3.67     2.44    19.52     3.2     8.0
bgmaps-map/AR0411SR               232x272  rand    1000     120    3623    46.29    25.75    19.14    14.23   378.13    14.7    26.6
bgmaps-map/AR0411SR               232x272  scen    1150     136    4075    46.87    26.55    19.76    14.48   419.95    15.8    29.0
bgmaps-map/AR0412SR               160x160  rand    1000      24     632    26.46    12.10     8.68     4.08    86.66     7.2    21.3
bgmaps-map/AR0412SR               160x160  scen     460      42    1108    33.91    15.53    13.40     5.66   142.79     9.2    25.2
bgmaps-map/AR0413SR               108x118  rand    1000      23     208     8.46     6.34     4.05     2.99    22.72     3.6     7.6
bgmaps-map/AR0413SR               108x118  scen     300      27     263     8.82     6.83     4.63     3.28    28.26     4.1     8.6
bgmaps-map/AR0414SR               280x320  rand    1000      48    1951    42.53    14.85    10.28     6.56   213.96    14.4    32.6
bgmaps-map/AR0414SR               280x320  scen     730      99    3689    55.79    21.37    16.90    11.46   413.78    19.4    36.1
bgmaps-map/AR0415SR                 52x54  rand    1000       6      35     5.76     4.52     2.39     1.49     5.24     1.2     3.5
bgmaps-map/AR0415SR                 52x54  scen      90       7      48     6.39     4.94     3.11     2.29     6.98     1.4     3.0
bgmaps-map/AR0416SR                 52x54  rand    1000       6      50     5.89     4.13     1.95     1.31     6.51     1.6     5.0
bgmaps-map/AR0416SR                 52x54  scen     100       6      59     6.17     4.55     2.61     1.59     7.93     1.7     5.0
bgmaps-map/AR0417SR                 52x54  rand    1000       8      63     6.73     4.87     2.46     1.72     8.04     1.7     4.7
bgmaps-map/AR0417SR                 52x54  scen     100       8      64     6.39     5.01     3.18     2.16    10.62     2.1     4.9
bgmaps-map/AR0418SR                 84x75  rand    1000       3      64     9.47     4.72     1.83     1.18     7.73     1.6     6.5
bgmaps-map/AR0418SR                 84x75  scen     120       3      88     9.71     4.90     3.57     1.50    10.71     2.2     7.1
bgmaps-map/AR0420SR                 60x64  rand    1000       4      44     6.06     4.13     1.68     1.15     6.44     1.6     5.6
bgmaps-map/AR0420SR                 60x64  scen      90       5      51     7.03     5.57     2.63     1.89     7.38     1.3     3.9
bgmaps-map/AR0500SR               320x320  rand    1000      97    4179    56.48    24.07    18.14    11.99   473.52    19.7    39.5
bgmaps-map/AR0500SR               320x320  scen    1320     171    7188    68.57    32.02    26.57    18.87   824.40    25.7    43.7
------------------------------------------------------------------------------------------------------------------------------------
map                                  size   tag   pairs  JPSexp   A*exp      cC#       cC      wC#       wC     A*us   A*/cC   A*/wC
------------------------------------------------------------------------------------------------------------------------------------
bgmaps-map/AR0501SR                 56x54  rand    1000       8      70     9.78     6.09     3.32     1.98    12.35     2.0     6.2
bgmaps-map/AR0501SR                 56x54  scen     100       7      66     8.50     5.32     4.82     2.34     9.05     1.7     3.9
bgmaps-map/AR0502SR                 56x70  rand    1000       9      92     8.06     7.61     3.21     2.79    14.56     1.9     5.2
bgmaps-map/AR0502SR                 56x70  scen     140      12     121    11.08     6.65     4.43     4.05    15.88     2.4     3.9
bgmaps-map/AR0503SR                 68x75  rand    1000      12      87     9.25     7.38     4.13     2.55    14.26     1.9     5.6
bgmaps-map/AR0503SR                 68x75  scen     150      16     124    12.42     9.56     6.34     4.49    21.44     2.2     4.8
bgmaps-map/AR0504SR               160x160  rand    1000      46     741    34.90    16.53     9.48     8.40   107.05     6.5    12.7
bgmaps-map/AR0504SR               160x160  scen     400      62    1018    28.36    16.72    12.67    11.19   142.03     8.5    12.7
bgmaps-map/AR0505SR               160x160  rand    1000      45     942    29.16    14.77     8.68     5.89   110.18     7.5    18.7
bgmaps-map/AR0505SR               160x160  scen     490      89    1879    39.62    21.45    15.66     9.44   224.59    10.5    23.8
bgmaps-map/AR0506SR                 68x70  rand    1000      11     104     9.01     6.12     3.43     2.47    15.27     2.5     6.2
bgmaps-map/AR0506SR                 68x70  scen     140      14     146    13.98     9.82     6.39     4.09    20.15     2.1     4.9
bgmaps-map/AR0507SR                 52x54  rand    1000       5      57     7.48     6.51     2.81     1.71     7.31     1.1     4.3
bgmaps-map/AR0507SR                 52x54  scen      90       5      53    10.69     5.11     3.84     2.69     9.12     1.8     3.4
bgmaps-map/AR0508SR                 52x54  rand    1000       6      50     8.27     6.30     3.29     1.76     8.03     1.3     4.6
bgmaps-map/AR0508SR                 52x54  scen     100       7      68     9.40     6.87     3.80     2.05    11.79     1.7     5.8
bgmaps-map/AR0509SR                 72x75  rand    1000      18     153     9.25     6.73     3.75     3.06    17.69     2.6     5.8
bgmaps-map/AR0509SR                 72x75  scen     170      23     198    10.76     7.86     4.93     3.49    22.88     2.9     6.6
bgmaps-map/AR0510SR               128x118  rand    1000      39     427    22.48    15.87     8.33     6.77    63.18     4.0     9.3
bgmaps-map/AR0510SR               128x118  scen     360      58     689    33.24    14.51    13.44     7.65   101.03     7.0    13.2
bgmaps-map/AR0511SR               108x112  rand    1000      20     323    13.32     8.77     4.60     3.28    35.94     4.1    11.0
bgmaps-map/AR0511SR               108x112  scen     290      26     446    15.42     9.54     5.92     3.96    49.28     5.2    12.4
bgmaps-map/AR0512SR                 56x54  rand    1000       5      48     6.45     4.81     2.01     1.51     6.32     1.3     4.2
bgmaps-map/AR0512SR                 56x54  scen      90       5      52     6.15     4.45     2.62     1.72     6.61     1.5     3.8
bgmaps-map/AR0513SR                 80x80  rand    1000      11     165    10.56     7.20     3.39     2.13    19.39     2.7     9.1
bgmaps-map/AR0513SR                 80x80  scen     200      15     249    12.62     7.61     4.35     3.08    30.27     4.0     9.8
bgmaps-map/AR0514SR                 64x64  rand    1000      10     119     7.82     5.56     2.73     2.12    13.75     2.5     6.5
bgmaps-map/AR0514SR                 64x64  scen     140      11     127     8.24     6.36     3.74     2.65    15.22     2.4     5.8
bgmaps-map/AR0515SR                 64x64  rand    1000      10     118     8.39     6.10     2.69     1.83    14.41     2.4     7.9
bgmaps-map/AR0515SR                 64x64  scen     140      11     136     8.48     6.30     3.66     2.57    15.93     2.5     6.2
bgmaps-map/AR0516SR               244x187  rand    1000      36     991    19.36    11.91     7.04     5.22   107.51     9.0    20.6
bgmaps-map/AR0516SR               244x187  scen     650      53    1561    22.24    13.46     9.21     6.33   167.84    12.5    26.5
bgmaps-map/AR0517SR                 52x80  rand    1000       3      53    11.27     6.49     2.55     2.21     8.88     1.4     4.0
bgmaps-map/AR0517SR                 52x80  scen      90       3      50     8.68     4.69     3.97     1.93     6.93     1.5     3.6
bgmaps-map/AR0526SR                 72x80  rand    1000       9     154     8.04     6.22     2.66     1.97    17.93     2.9     9.1
bgmaps-map/AR0526SR                 72x80  scen     160      10     157     7.67     6.27     3.93     2.21    17.45     2.8     7.9
bgmaps-map/AR0527SR                 52x54  rand    1000       5      49     5.83     5.04     2.26     1.39     8.47     1.7     6.1
bgmaps-map/AR0527SR                 52x54  scen      90       6      55     6.10     4.73     2.92     2.16     7.40     1.6     3.4
bgmaps-map/AR0528SR                 52x54  rand    1000       6      47     6.98     5.10     2.54     1.83     6.86     1.3     3.8
bgmaps-map/AR0528SR                 52x54  scen     100       7      60     6.39     5.27     2.99     2.30     8.17     1.5     3.5
bgmaps-map/AR0529SR                 60x64  rand    1000      10     101     8.21     5.70     2.66     1.96    12.28     2.2     6.3
bgmaps-map/AR0529SR                 60x64  scen     150      13     152     9.01     6.79     4.09     2.68    18.73     2.8     7.0
bgmaps-map/AR0530SR                 60x64  rand    1000      14     209    13.53     9.31     4.22     3.29    26.37     2.8     8.0
bgmaps-map/AR0530SR                 60x64  scen     200      19     284    12.03     7.72     4.27     2.88    29.20     3.8    10.1
bgmaps-map/AR0531SR                 52x54  rand    1000       5      50     6.87     4.95     2.07     1.71     6.53     1.3     3.8
bgmaps-map/AR0531SR                 52x54  scen     110       6      70     7.51     5.54     3.40     2.28     9.40     1.7     4.1
bgmaps-map/AR0600SR               192x214  rand    1000      32     551    13.43     8.96     5.78     4.26    59.24     6.6    13.9
bgmaps-map/AR0600SR               192x214  scen     590      43     747    15.05     9.55     6.48     4.81    80.95     8.5    16.8
bgmaps-map/AR0601SR               160x160  rand    1000      24     457    13.66     8.86     5.22     3.73    49.72     5.6    13.3
bgmaps-map/AR0601SR               160x160  scen     490      34     646    15.02     9.86     6.50     4.82    70.07     7.1    14.5
------------------------------------------------------------------------------------------------------------------------------------
map                                  size   tag   pairs  JPSexp   A*exp      cC#       cC      wC#       wC     A*us   A*/cC   A*/wC
------------------------------------------------------------------------------------------------------------------------------------
bgmaps-map/AR0602SR               308x299  rand    1000     236    5359    82.61    46.84    37.63    25.87   600.47    12.8    23.2
bgmaps-map/AR0602SR               308x299  scen    1370     285    6404    85.59    49.97    45.94    30.90   684.45    13.7    22.1
bgmaps-map/AR0603SR               236x267  rand    1000     100    3202    57.30    32.10    23.80    17.08   432.12    13.5    25.3
bgmaps-map/AR0603SR               236x267  scen    1400     149    4614    51.39    30.11    23.01    16.77   477.67    15.9    28.5
bgmaps-map/AR0604SR                92x102  rand    1000      25     486    16.62     9.51     5.06     3.63    54.41     5.7    15.0
bgmaps-map/AR0604SR                92x102  scen     410      41     856    20.09    14.60     7.02     4.84    88.16     6.0    18.2
bgmaps-map/AR0605SR                 80x86  rand    1000       8     157    14.37     6.30     3.26     1.99    18.07     2.9     9.1
bgmaps-map/AR0605SR                 80x86  scen     190       9     197    14.64     6.91     4.49     2.79    22.18     3.2     8.0
bgmaps-map/AR0606SR                 56x59  rand    1000       3      60     9.78     5.08     2.08     1.47     7.44     1.5     5.1
bgmaps-map/AR0606SR                 56x59  scen     110       4      70    10.21     5.75     3.74     2.78     9.62     1.7     3.5
bgmaps-map/AR0607SR                 60x54  rand    1000      11      85     8.08     5.46     3.08     2.32    10.86     2.0     4.7
bgmaps-map/AR0607SR                 60x54  scen     130      13      97     8.77     6.65     4.45     3.08    12.44     1.9     4.0
bgmaps-map/AR0700SR               320x320  rand    1000     193    4925    92.88    42.15    32.14    21.14   576.23    13.7    27.3
bgmaps-map/AR0700SR               320x320  scen    1300     427    9832   129.79    65.99    62.70    42.07  1139.79    17.3    27.1
bgmaps-map/AR0701SR               204x235  rand    1000      80    1382    39.02    20.84    14.60    10.12   157.76     7.6    15.6
bgmaps-map/AR0701SR               204x235  scen     700     125    2128    46.73    26.12    20.29    14.12   247.66     9.5    17.5
bgmaps-map/AR0702SR                 80x86  rand    1000      24     173    10.37     7.96     4.51     3.30    21.11     2.7     6.4
bgmaps-map/AR0702SR                 80x86  scen     190      27     195    11.14     8.41     5.34     3.93    22.16     2.6     5.6
bgmaps-map/AR0703SR                 50x50  rand    1000       6      31     6.31     4.00     1.95     1.61     4.82     1.2     3.0
bgmaps-map/AR0703SR                 50x50  scen      80       8      48     6.77     4.79     2.91     2.02     6.53     1.4     3.2
bgmaps-map/AR0704SR                 80x80  rand    1000      26     217    11.51     8.09     4.59     3.21    24.83     3.1     7.7
bgmaps-map/AR0704SR                 80x80  scen     240      48     416    16.77    12.72     7.94     5.79    47.47     3.7     8.2
bgmaps-map/AR0705SR                100x86  rand    1000      73     580    20.21    14.85    10.27     6.83    61.24     4.1     9.0
bgmaps-map/AR0705SR                100x86  scen     460      98     786    23.21    17.29    12.31     8.91    79.02     4.6     8.9
bgmaps-map/AR0706SR                 60x64  rand    1000       7      71     7.33     4.95     2.31     1.60     8.54     1.7     5.3
bgmaps-map/AR0706SR                 60x64  scen     140       9     102     8.44     5.82     3.35     2.73    11.98     2.1     4.4
bgmaps-map/AR0707SR                 56x59  rand    1000       7      63     7.31     4.79     2.23     1.77     7.74     1.6     4.4
bgmaps-map/AR0707SR                 56x59  scen     120       8      80     8.00     5.57     3.55     2.81    10.16     1.8     3.6
bgmaps-map/AR0708SR                 52x54  rand    1000       5      50     7.20     4.49     1.92     1.50     7.11     1.6     4.7
bgmaps-map/AR0708SR                 52x54  scen     100       5      56     6.70     4.88     2.67     1.84     7.06     1.4     3.8
bgmaps-map/AR0709SR                 80x80  rand    1000      14     167    10.56     6.69     3.44     2.58    19.36     2.9     7.5
bgmaps-map/AR0709SR                 80x80  scen     190      17     203    11.31     7.17     5.08     2.95    22.60     3.2     7.7
bgmaps-map/AR0710SR                 52x54  rand    1000       5      46     5.94     4.75     2.12     1.77     6.08     1.3     3.4
bgmaps-map/AR0710SR                 52x54  scen     100       6      61     5.89     4.73     2.52     1.84     7.72     1.6     4.2
bgmaps-map/AR0711SR               200x118  rand    1000      34     578    14.09     9.42     5.85     4.28    61.82     6.6    14.5
bgmaps-map/AR0711SR               200x118  scen     580      46     813    15.62    10.61     7.12     5.34    84.61     8.0    15.8
bgmaps-map/AR0712SR                 64x64  rand    1000       9     113     8.04     6.12     2.90     2.15    13.62     2.2     6.3
bgmaps-map/AR0712SR                 64x64  scen     150      11     149     9.11     6.35     3.91     2.61    17.25     2.7     6.6
bgmaps-map/AR0713SR                 60x64  rand    1000      10     101     7.67     5.45     2.51     2.27    13.02     2.4     5.7
bgmaps-map/AR0713SR                 60x64  scen     140      12     137    10.22     7.37     4.29     3.36    16.85     2.3     5.0
da2-map/ca_cave                   183x277  rand    1000      26     831    19.53     9.23     6.04     4.02    92.98    10.1    23.1
da2-map/ca_cave                   183x277  scen     580      40    1370    22.78    11.11     7.75     5.24   152.23    13.7    29.0
da2-map/ca_cavern1_haunted        324x597  rand    1000     198    5757    51.14    30.85    27.57    19.71   590.06    19.1    29.9
da2-map/ca_cavern1_haunted        324x597  scen    2180     266    7803    63.35    39.55    38.06    26.32   810.33    20.5    30.8
da2-map/ca_caverns1               324x596  rand    1000     200    5849    52.25    31.98    27.83    20.03   598.75    18.7    29.9
da2-map/ca_caverns1               324x596  scen    2200     269    7906    63.23    36.92    35.21    25.36   812.55    22.0    32.0
da2-map/ca_caverns1_mines         324x597  rand    1000     201    5856    53.76    32.26    29.00    20.99   626.70    19.4    29.9
da2-map/ca_caverns1_mines         324x597  scen    2190     266    7827    64.29    37.14    35.94    26.67   840.89    22.6    31.5
da2-map/ca_caverns2               389x467  rand    1000     149    3317    41.69    25.80    23.82    16.44   387.85    15.0    23.6
da2-map/ca_caverns2               389x467  scen    1450     207    4725    69.10    40.17    42.15    28.35   706.87    17.6    24.9
------------------------------------------------------------------------------------------------------------------------------------
map                                  size   tag   pairs  JPSexp   A*exp      cC#       cC      wC#       wC     A*us   A*/cC   A*/wC
------------------------------------------------------------------------------------------------------------------------------------
da2-map/ca_caverns2prc            389x467  rand    1000     108    3218    34.99    21.35    17.54    12.18   356.53    16.7    29.3
da2-map/ca_caverns2prc            389x467  scen    1470     156    4604    39.75    23.83    22.02    15.60   518.89    21.8    33.3
da2-map/dr_0_deeproads            560x733  rand    1000     260   16997    82.05    42.36    40.98    28.42  1701.84    40.2    59.9
da2-map/dr_0_deeproads            560x733  scen    3590     351   23137    94.49    50.45    52.59    36.91  2364.84    46.9    64.1
da2-map/dr_dungeon                314x261  rand    1000      51    2321    33.53    15.97    10.55     6.98   271.42    17.0    38.9
da2-map/dr_dungeon                314x261  scen     960      75    3494    35.96    17.55    14.22     9.36   404.01    23.0    43.2
da2-map/dr_primevalentrance       315x221  rand    1000      39    1496    26.47    12.21     9.56     7.42   166.06    13.6    22.4
da2-map/dr_primevalentrance       315x221  scen     860      59    2356    25.63    13.28     9.71     7.06   260.71    19.6    36.9
da2-map/dr_primevaltomb           722x657  rand    1000     132    5842    41.92    23.19    22.25    15.35   634.64    27.4    41.4
da2-map/dr_primevaltomb           722x657  scen    2290     184    8083    49.32    28.47    27.98    20.77   900.40    31.6    43.3
da2-map/dr_slavers                315x260  rand    1000      54    2338    33.27    15.52    10.72     7.40   253.45    16.3    34.2
da2-map/dr_slavers                315x260  scen     910      71    3232    35.48    17.01    13.20     8.82   353.78    20.8    40.1
da2-map/ht_0_hightown             514x514  rand    1000     142    5835    68.77    30.14    26.82    17.09   668.30    22.2    39.1
da2-map/ht_0_hightown             514x514  scen    1400     212    8862    84.32    38.09    37.15    25.45  1025.94    26.9    40.3
da2-map/ht_0_hightown_a2          514x514  rand    1000     143    5928    64.73    29.00    25.32    16.92   649.14    22.4    38.4
da2-map/ht_0_hightown_a2          514x514  scen    1370     206    8606    72.37    34.20    33.67    22.66   952.37    27.8    42.0
da2-map/ht_0_hightown_a3          514x514  rand    1000     145    5939    67.01    28.38    25.63    17.23   645.11    22.7    37.4
da2-map/ht_0_hightown_a3          514x514  scen    1360     206    8524    74.94    34.95    33.70    22.93   941.16    26.9    41.0
da2-map/ht_0_hightown_n           514x514  rand    1000     142    5958    68.54    31.17    26.53    16.83   681.77    21.9    40.5
da2-map/ht_0_hightown_n           514x514  scen    1400     207    8828    76.05    35.31    35.63    23.25  1020.42    28.9    43.9
da2-map/ht_bartrand_n             133x270  rand    1000      46    1225    24.39    13.06     8.47     5.80   131.96    10.1    22.7
da2-map/ht_bartrand_n             133x270  scen     570      72    1972    28.30    15.56    11.53     7.80   209.70    13.5    26.9
da2-map/ht_brothel_n              133x270  rand    1000      58    1139    24.91    14.32     9.76     6.73   121.67     8.5    18.1
da2-map/ht_brothel_n              133x270  scen     530      76    1558    28.52    16.69    13.56     9.30   160.20     9.6    17.2
da2-map/ht_chantry                162x141  rand    1000      44    1233    26.75    14.15     9.46     5.73   130.45     9.2    22.8
da2-map/ht_chantry                162x141  scen     460      56    1559    27.42    14.69    10.96     7.11   164.50    11.2    23.1
da2-map/ht_chantry_n              162x141  rand    1000      43    1214    26.41    13.56     8.40     5.65   127.34     9.4    22.5
da2-map/ht_chantry_n              162x141  scen     450      54    1504    26.41    14.12    10.13     6.76   156.67    11.1    23.2
da2-map/ht_keep                   281x357  rand    1000      39    1841    26.19    12.70     8.79     6.11   202.16    15.9    33.1
da2-map/ht_keep                   281x357  scen     770      50    2454    27.34    13.84    10.47     6.82   277.30    20.0    40.6
da2-map/ht_keep_n                 281x357  rand    1000      39    1828    26.57    12.54     8.82     5.86   205.83    16.4    35.1
da2-map/ht_keep_n                 281x357  scen     800      53    2664    27.47    13.76    10.55     6.94   299.09    21.7    43.1
da2-map/ht_mansion2               358x308  rand    1000     132    3243    42.32    24.11    20.22    13.56   361.75    15.0    26.7
da2-map/ht_mansion2               358x308  scen    1040     179    4390    48.33    29.17    25.88    18.19   489.45    16.8    26.9
da2-map/ht_mansion2b              358x308  rand    1000     136    3582    46.28    25.28    22.35    13.95   398.41    15.8    28.6
da2-map/ht_mansion2b              358x308  scen    1030     164    4430    49.42    28.42    25.76    17.52   494.82    17.4    28.2
da2-map/ht_mansion_n              133x270  rand    1000      43    1255    34.90    17.02    11.21     5.94   172.34    10.1    29.0
da2-map/ht_mansion_n              133x270  scen     580      65    2002    41.66    15.95    12.85     7.54   279.96    17.6    37.1
da2-map/ht_playershouse_n          185x68  rand    1000      24     585    13.61     8.40     4.64     3.38    60.70     7.2    18.0
da2-map/ht_playershouse_n          185x68  scen     360      28     725    14.63     9.09     5.47     3.76    74.03     8.1    19.7
da2-map/ht_store                    37x37  rand    1000       4      34     5.52     4.51     1.69     1.44     4.81     1.1     3.3
da2-map/ht_store                    37x37  scen      80       4      47     6.38     4.76     2.96     2.08     6.72     1.4     3.2
da2-map/lt_0_lowtown              514x514  rand    1000      66    3628    37.79    17.43    13.30     8.91   435.80    25.0    48.9
da2-map/lt_0_lowtown              514x514  scen    1180      95    5379    38.04    18.85    16.71    11.23   644.80    34.2    57.4
da2-map/lt_0_lowtown_a2           514x514  rand    1000      66    3615    37.18    17.45    13.89     9.41   432.89    24.8    46.0
da2-map/lt_0_lowtown_a2           514x514  scen    1250     101    5881    42.65    21.21    18.30    12.80   712.87    33.6    55.7
da2-map/lt_0_lowtown_a2_n         514x514  rand    1000      74    3631    36.87    17.70    13.84     9.52   417.17    23.6    43.8
da2-map/lt_0_lowtown_a2_n         514x514  scen    1230     119    5741    42.63    21.39    19.40    13.75   675.66    31.6    49.2
da2-map/lt_0_lowtown_a2_n_c       514x514  rand    1000      87    4886    54.85    29.89    23.29    15.61   723.96    24.2    46.4
da2-map/lt_0_lowtown_a2_n_c       514x514  scen    1280     116    6714    64.96    29.01    30.09    19.60  1006.85    34.7    51.4
------------------------------------------------------------------------------------------------------------------------------------
map                                  size   tag   pairs  JPSexp   A*exp      cC#       cC      wC#       wC     A*us   A*/cC   A*/wC
------------------------------------------------------------------------------------------------------------------------------------
da2-map/lt_0_lowtown_a3_n_c       514x514  rand    1000      85    4587    41.10    20.35    16.91    10.71   533.59    26.2    49.8
da2-map/lt_0_lowtown_a3_n_c       514x514  scen    1300     117    6791    46.82    23.44    19.63    13.43   799.96    34.1    59.6
da2-map/lt_0_lowtown_docks        514x386  rand    1000      60    2941    31.96    15.17    11.98     8.17   316.42    20.9    38.7
da2-map/lt_0_lowtown_docks        514x386  scen    1030      75    3713    34.32    17.01    13.89     9.58   403.39    23.7    42.1
da2-map/lt_0_lowtown_docks_a3     514x386  rand    1000      50    2522    29.83    13.93    10.55     7.00   281.67    20.2    40.2
da2-map/lt_0_lowtown_docks_a3     514x386  scen    1040      68    3572    31.47    15.82    12.97     8.50   404.28    25.6    47.6
da2-map/lt_0_lowtown_docks_a3~    514x386  rand    1000      50    2522    29.22    13.58    10.52     7.64   275.87    20.3    36.1
da2-map/lt_0_lowtown_docks_a3~    514x386  scen    1050      70    3653    32.30    15.69    12.98     8.94   411.12    26.2    46.0
da2-map/lt_0_lowtown_docks_n      514x386  rand    1000      60    2941    34.64    15.60    11.87     8.46   332.53    21.3    39.3
da2-map/lt_0_lowtown_docks_n      514x386  scen    1030      75    3710    34.48    16.97    14.42    10.00   424.58    25.0    42.5
da2-map/lt_0_lowtown_n            514x514  rand    1000      65    3690    35.89    16.50    12.94     8.52   416.56    25.2    48.9
da2-map/lt_0_lowtown_n            514x514  scen    1200      93    5488    39.41    19.49    17.32    10.91   639.23    32.8    58.6
da2-map/lt_backalley_g            130x130  rand    1000      17     779    20.12     9.00     4.75     3.14    87.70     9.7    28.0
da2-map/lt_backalley_g            130x130  scen     420      23    1088    21.81     9.88     5.89     4.00   122.52    12.4    30.7
da2-map/lt_backalley_n            130x130  rand    1000      17     779    20.01     9.55     4.71     3.20    88.21     9.2    27.5
da2-map/lt_backalley_n            130x130  scen     420      23    1103    21.79    10.45     6.23     4.19   127.43    12.2    30.4
da2-map/lt_darktown               251x292  rand    1000      57    2109    30.72    14.70    10.37     6.96   231.89    15.8    33.3
da2-map/lt_darktown               251x292  scen     880      86    3147    34.49    18.38    14.68     9.35   345.46    18.8    37.0
da2-map/lt_foundry_n               109x92  rand    1000      28    1177    23.06    11.58     5.69     3.67   120.86    10.4    33.0
da2-map/lt_foundry_n               109x92  scen     510      33    1470    25.34    14.04     6.83     4.20   155.32    11.1    37.0
da2-map/lt_gallowscourtyard       514x642  rand    1000      60    2324    33.07    14.26    12.11     7.99   258.10    18.1    32.3
da2-map/lt_gallowscourtyard       514x642  scen    1030      98    3980    37.92    17.49    16.82    11.20   432.00    24.7    38.6
da2-map/lt_gallowscourtyard_n     514x642  rand    1000      18     762    15.81     7.06     4.77     3.30    81.80    11.6    24.8
da2-map/lt_gallowscourtyard_n     514x642  scen     730      26    1349    16.78     8.22     6.41     4.32   144.71    17.6    33.5
da2-map/lt_gallowsprison_n        116x242  rand    1000       6     182    18.06     6.71     2.67     2.23    24.58     3.7    11.0
da2-map/lt_gallowsprison_n        116x242  scen     320       8     318    15.29     6.98     4.67     2.32    48.51     7.0    20.9
da2-map/lt_gallowstemplar         251x180  rand    1000      51    1346    42.00    15.14    12.24     6.61   237.10    15.7    35.9
da2-map/lt_gallowstemplar         251x180  scen     610      59    1643    41.37    20.65    15.17     9.49   286.22    13.9    30.2
da2-map/lt_gallowstemplar_f       251x180  rand    1000      49    1276    28.00    13.49     9.02     5.76   149.64    11.1    26.0
da2-map/lt_gallowstemplar_f       251x180  scen     600      61    1619    28.93    15.11    10.52     6.71   187.80    12.4    28.0
da2-map/lt_gallowstemplar_n       251x180  rand    1000      51    1356    26.90    13.78     9.31     6.21   150.87    11.0    24.3
da2-map/lt_gallowstemplar_n       251x180  scen     620      64    1728    29.54    14.97    11.39     7.60   192.96    12.9    25.4
da2-map/lt_gamlenshouse_n         156x102  rand    1000       6      84     6.73     4.89     2.15     1.54     9.96     2.0     6.5
da2-map/lt_gamlenshouse_n         156x102  scen     130       6     100     7.02     5.24     3.37     2.26    12.37     2.4     5.5
da2-map/lt_hangedman              129x135  rand    1000      43     865    20.02    12.04     7.26     5.28    96.92     8.0    18.3
da2-map/lt_hangedman              129x135  scen     520      67    1345    25.16    15.11    10.32     6.97   148.53     9.8    21.3
da2-map/lt_hangedman_n            129x135  rand    1000      43     865    19.77    11.48     7.55     5.39    93.77     8.2    17.4
da2-map/lt_hangedman_n            129x135  scen     500      62    1254    23.28    13.90    10.41     6.54   132.24     9.5    20.2
da2-map/lt_house                    54x53  rand    1000       8      94     7.43     5.85     2.34     1.56    11.76     2.0     7.5
da2-map/lt_house                    54x53  scen      20       2       7     6.91     6.62     6.23     5.21     5.20     0.8     1.0
da2-map/lt_ruinedhouse_n          156x102  rand    1000       6      85     6.39     4.43     2.34     1.63    10.32     2.3     6.4
da2-map/lt_ruinedhouse_n          156x102  scen     130       7      97     7.09     4.73     2.72     1.84    11.99     2.5     6.5
da2-map/lt_shop                   156x102  rand    1000       7      88     6.81     4.67     2.50     1.54    10.32     2.2     6.7
da2-map/lt_shop                   156x102  scen     130       9     117     6.86     4.82     2.99     2.30    13.47     2.8     5.9
da2-map/lt_undercitydungeon       184x177  rand    1000      86    2888    43.99    20.42    15.63     9.33   308.76    15.1    33.1
da2-map/lt_undercitydungeon       184x177  scen     930     111    3729    46.93    23.13    17.69    11.23   397.26    17.2    35.4
da2-map/lt_undercityencounter     128x283  rand    1000      44    2102    32.07    14.08     8.63     5.92   223.29    15.9    37.7
da2-map/lt_undercityencounter     128x283  scen     750      53    2635    34.81    14.83    10.08     6.58   277.74    18.7    42.2
da2-map/lt_undercityserialkil~    184x177  rand    1000     102    2756    56.08    28.50    19.17    10.78   359.72    12.6    33.4
da2-map/lt_undercityserialkil~    184x177  scen     910     139    3760    61.94    28.08    27.86    14.84   484.77    17.3    32.7
------------------------------------------------------------------------------------------------------------------------------------
map                                  size   tag   pairs  JPSexp   A*exp      cC#       cC      wC#       wC     A*us   A*/cC   A*/wC
------------------------------------------------------------------------------------------------------------------------------------
da2-map/lt_warehouse              194x130  rand    1000      28     959    19.04    10.17     6.19     4.21    99.89     9.8    23.7
da2-map/lt_warehouse              194x130  scen     450      36    1342    20.47    10.93     7.14     4.64   136.03    12.4    29.3
da2-map/lt_warehouse_n            194x130  rand    1000      26     891    18.63    10.31     6.25     4.18    94.72     9.2    22.6
da2-map/lt_warehouse_n            194x130  scen     450      36    1298    21.46    12.23     7.55     5.83   134.37    11.0    23.0
da2-map/w_blightlands             514x514  rand    1000     115    4628    34.95    21.36    17.70    13.37   479.14    22.4    35.8
da2-map/w_blightlands             514x514  scen    2150     174    6757    45.49    30.34    27.39    19.34   720.42    23.7    37.2
da2-map/w_bonepit                 514x450  rand    1000      55    2961    29.08    12.85     9.80     6.73   317.35    24.7    47.2
da2-map/w_bonepit                 514x450  scen    1120      92    5105    34.17    16.36    14.33    10.00   555.18    33.9    55.5
da2-map/w_bonepitdestroyed_a3     514x450  rand    1000      70    6891    46.22    18.32    13.58     9.15   708.00    38.6    77.3
da2-map/w_bonepitdestroyed_a3     514x450  scen    1720      99   10010    50.32    20.24    16.97    11.11  1005.66    49.7    90.5
da2-map/w_bonepitmining_a2        514x450  rand    1000      55    2893    29.17    13.41    10.12     7.36   308.21    23.0    41.9
da2-map/w_bonepitmining_a2        514x450  scen    1140      91    4905    33.40    16.59    14.60     9.96   531.19    32.0    53.3
da2-map/w_encounter1              258x514  rand    1000      17     647    16.00     7.14     4.58     3.02    75.80    10.6    25.1
da2-map/w_encounter1              258x514  scen     520      25     972    16.38     7.88     6.04     3.85   116.39    14.8    30.2
da2-map/w_encounter2              514x514  rand    1000      29    3316    37.65    12.38     9.01     5.74   372.91    30.1    65.0
da2-map/w_encounter2              514x514  scen    1150      43    5499    38.03    15.29    11.32     7.96   640.90    41.9    80.5
da2-map/w_encounter2_camp         514x514  rand    1000      37    3816    49.71    20.81    10.57    10.68   551.54    26.5    51.7
da2-map/w_encounter2_camp         514x514  scen    1190      51    5894    55.34    20.28    19.51    11.77   850.13    41.9    72.3
da2-map/w_encounter3              386x642  rand    1000      28    1055    16.98     9.30     5.93     4.46   121.83    13.1    27.3
da2-map/w_encounter3              386x642  scen     850      48    1847    18.79    10.46     9.27     7.45   211.45    20.2    28.4
da2-map/w_sundermount             770x770  rand    1000     103    5548    46.45    23.63    19.96    14.28   607.12    25.7    42.5
da2-map/w_sundermount             770x770  scen    1730     155    8188    54.85    28.31    28.25    19.05   923.51    32.6    48.5
da2-map/w_woundedcoast            642x578  rand    1000     191    7427    56.67    34.64    28.66    21.36   825.98    23.8    38.7
da2-map/w_woundedcoast            642x578  scen    2100     235    9363    60.24    36.69    34.38    24.83   989.93    27.0    39.9
dao-map/arena                       49x49  rand    1000       6      83     9.99     5.28     2.25     1.41     9.69     1.8     6.9
dao-map/arena                       49x49  scen     130       6      86    10.38     5.52     3.56     1.97    10.29     1.9     5.2
dao-map/arena2                    281x209  rand    1000      48    2929    48.00    17.38    11.20     6.43   330.72    19.0    51.4
dao-map/arena2                    281x209  scen     910      87    5536    61.63    24.96    17.34    11.38   645.34    25.9    56.7
dao-map/brc000d                   257x261  rand    1000     103    2019    60.51    25.07    19.08    12.15   230.28     9.2    19.0
dao-map/brc000d                   257x261  scen     850     258    4665    89.90    40.56    38.83    25.82   527.37    13.0    20.4
dao-map/brc100d                   512x492  rand    1000     204    6204    86.68    44.10    32.53    31.50   899.27    20.4    28.6
dao-map/brc100d                   512x492  scen    1360     317    9271   115.10    61.47    57.89    37.06  1348.92    21.9    36.4
dao-map/brc101d                   384x639  rand    1000     122    5309    55.74    25.34    21.22    14.84   601.75    23.8    40.5
dao-map/brc101d                   384x639  scen    1570     173    7475    62.25    30.01    27.27    18.81   861.82    28.7    45.8
dao-map/brc200d                   528x209  rand    1000      92    2740    35.48    19.01    15.95    10.19   322.14    16.9    31.6
dao-map/brc200d                   528x209  scen    1280     174    5224    48.07    28.26    25.54    17.16   640.26    22.7    37.3
dao-map/brc201d                   391x388  rand    1000     164    5727    59.20    30.07    25.80    18.16   593.34    19.7    32.7
dao-map/brc201d                   391x388  scen    2090     245    8508    70.16    38.24    36.15    25.22   881.82    23.1    35.0
dao-map/brc202d                   530x481  rand    1000     423   11855   103.76    58.50    58.08    40.15  1271.18    21.7    31.7
dao-map/brc202d                   530x481  scen    2550     581   16229   126.59    72.23    78.77    55.21  1749.81    24.2    31.7
dao-map/brc203d                   274x391  rand    1000     120    3500    47.48    25.74    20.40    13.05   412.58    16.0    31.6
dao-map/brc203d                   274x391  scen    1290     183    5452    56.17    30.04    27.21    18.05   632.99    21.1    35.1
dao-map/brc204d                   431x429  rand    1000     123    3729    46.03    22.36    19.71    12.55   437.92    19.6    34.9
dao-map/brc204d                   431x429  scen    1460     182    5577    56.73    28.97    28.10    18.12   659.81    22.8    36.4
dao-map/brc300d                   359x252  rand    1000      69    1600    19.50    12.77     9.69     7.12   158.45    12.4    22.3
dao-map/brc300d                   359x252  scen    1120      95    2259    23.01    15.92    12.42     9.13   223.49    14.0    24.5
dao-map/brc501d                   225x288  rand    1000     429    9515   209.51    72.43    66.83    41.28  1061.48    14.7    25.7
dao-map/brc501d                   225x288  scen    1410     779   16112   262.73   105.32   109.87    73.84  1699.15    16.1    23.0
dao-map/brc502d                   486x254  rand    1000      15     411    13.33     6.58     4.14     2.81    44.31     6.7    15.8
dao-map/brc502d                   486x254  scen     460      31     944    15.94     9.13     6.76     4.72   100.56    11.0    21.3
------------------------------------------------------------------------------------------------------------------------------------
map                                  size   tag   pairs  JPSexp   A*exp      cC#       cC      wC#       wC     A*us   A*/cC   A*/wC
------------------------------------------------------------------------------------------------------------------------------------
dao-map/brc503d                   320x257  rand    1000     494   11778   206.08    80.40    71.68    47.50  1284.33    16.0    27.0
dao-map/brc503d                   320x257  scen    1570     852   19394   264.64   116.70   121.05    79.77  2095.02    18.0    26.3
dao-map/brc504d                   260x256  rand    1000     623   11689   192.35    94.59    86.80    57.78  1260.06    13.3    21.8
dao-map/brc504d                   260x256  scen    1610     863   15645   222.46   113.42   118.13    80.04  1659.44    14.6    20.7
dao-map/brc505d                   261x193  rand    1000     496    7117   204.69    98.83    85.86    50.89   986.38    10.0    19.4
dao-map/brc505d                   261x193  scen    1510    1061   15006   354.16   174.01   184.87   126.43  2090.64    12.0    16.5
dao-map/brc997d                   256x256  rand    1000      36    1032    37.90    12.96     9.58     5.85   113.35     8.7    19.4
dao-map/brc997d                   256x256  scen     660      62    1941    48.61    17.79    14.41     9.29   241.55    13.6    26.0
dao-map/brc999d                   518x512  rand    1000      11     460    20.75     6.64     4.64     2.76    49.67     7.5    18.0
dao-map/brc999d                   518x512  scen     450      17     920    21.58     7.34     6.72     3.47    92.44    12.6    26.6
dao-map/combat                    177x193  rand    1000       5    1085    86.43     9.32     7.26     2.11   113.37    12.2    53.7
dao-map/combat                    177x193  scen     680       7    2185   100.85    12.04     8.81     3.13   245.45    20.4    78.5
dao-map/combat2                   177x193  rand    1000       5    1056    88.47     9.52     8.00     2.34   116.79    12.3    49.8
dao-map/combat2                   177x193  scen     680       7    2239    99.82    12.57     8.97     3.24   255.08    20.3    78.6
dao-map/den000d                   503x351  rand    1000     103    6909    85.32    28.82    22.58    13.74   836.62    29.0    60.9
dao-map/den000d                   503x351  scen    1310     171   11324    96.74    37.31    32.54    20.39  1426.23    38.2    70.0
dao-map/den001d                    211x80  rand    1000      21     889    23.96    11.39     5.14     3.25   102.93     9.0    31.6
dao-map/den001d                    211x80  scen     480      21     955    21.11     9.30     5.98     3.50   111.02    11.9    31.7
dao-map/den005d                   241x328  rand    1000     156    4599    52.69    29.03    24.09    15.54   529.75    18.2    34.1
dao-map/den005d                   241x328  scen    1500     246    7165    63.75    36.79    32.43    22.46   781.37    21.2    34.8
dao-map/den009d                     50x34  rand    1000       9     173     9.99     6.56     2.30     1.59    18.48     2.8    11.6
dao-map/den009d                     50x34  scen     170      11     240    12.97     7.18     3.14     2.11    24.08     3.4    11.4
dao-map/den011d                   247x167  rand    1000      80    2138    37.68    20.05    13.53     9.26   233.29    11.6    25.2
dao-map/den011d                   247x167  scen     750     105    2838    40.47    22.16    16.58    11.19   308.87    13.9    27.6
dao-map/den012d                   310x350  rand    1000     120    4342    57.21    25.15    19.92    13.43   470.76    18.7    35.1
dao-map/den012d                   310x350  scen    1180     174    6391    65.25    28.34    26.10    17.68   701.79    24.8    39.7
dao-map/den020d                    89x118  rand    1000      24     516    15.16     8.64     4.75     3.20    55.87     6.5    17.5
dao-map/den020d                    89x118  scen     380      33     737    17.04    10.03     5.83     4.28    79.42     7.9    18.6
dao-map/den101d                     73x41  rand    1000      14     211     9.88     6.78     3.06     2.19    23.13     3.4    10.5
dao-map/den101d                     73x41  scen     210      18     292    12.37    10.58     4.59     2.89    32.62     3.1    11.3
dao-map/den200d                   320x455  rand    1000      79    2363    35.79    17.46    13.64     9.56   281.50    16.1    29.5
dao-map/den200d                   320x455  scen    1030     126    3952    44.70    21.80    20.84    14.03   478.76    22.0    34.1
dao-map/den200n                   320x455  rand    1000      85    2308    36.95    18.21    14.43     9.69   265.33    14.6    27.4
dao-map/den200n                   320x455  scen     990     137    3806    47.31    24.16    21.74    14.92   449.25    18.6    30.1
dao-map/den201d                     37x37  rand    1000       5      43     5.83     4.62     1.89     1.45     5.57     1.2     3.8
dao-map/den201d                     37x37  scen     100       6      61     6.83     5.16     2.69     1.90     7.77     1.5     4.1
dao-map/den202d                     39x40  rand    1000       5      50     6.03     4.57     1.87     1.40     6.42     1.4     4.6
dao-map/den202d                     39x40  scen     110       7      98     8.85     6.74     3.66     2.50    12.41     1.8     5.0
dao-map/den203d                     93x77  rand    1000      28     504    15.14     9.23     5.63     3.50    52.02     5.6    14.9
dao-map/den203d                     93x77  scen     330      35     663    16.71    10.68     6.37     4.58    67.47     6.3    14.7
dao-map/den204d                     66x66  rand    1000      13     182    12.30     7.47     3.52     2.54    20.80     2.8     8.2
dao-map/den204d                     66x66  scen     200      19     303    15.85     8.65     5.05     3.28    34.24     4.0    10.4
dao-map/den206d                    50x190  rand    1000      32    1033    22.95    12.31     6.17     4.15   112.64     9.1    27.2
dao-map/den206d                    50x190  scen     580      39    1259    24.55    12.88     6.95     4.97   137.00    10.6    27.6
dao-map/den207d                     38x50  rand    1000       7      84     7.59     5.23     2.37     1.60    10.56     2.0     6.6
dao-map/den207d                     38x50  scen     140       9     123     9.02     6.54     3.35     2.44    14.85     2.3     6.1
dao-map/den308d                    100x88  rand    1000      16     358    15.22     8.00     4.05     2.94    40.11     5.0    13.6
dao-map/den308d                    100x88  scen     290      23     549    16.54     8.61     5.16     3.38    60.07     7.0    17.8
dao-map/den312d                     65x81  rand    1000      22     343    12.94     8.43     4.33     2.99    38.10     4.5    12.8
dao-map/den312d                     65x81  scen     290      28     477    14.72     9.30     5.34     3.60    50.58     5.4    14.0
------------------------------------------------------------------------------------------------------------------------------------
map                                  size   tag   pairs  JPSexp   A*exp      cC#       cC      wC#       wC     A*us   A*/cC   A*/wC
------------------------------------------------------------------------------------------------------------------------------------
dao-map/den400d                   259x268  rand    1000      61    1996    57.21    18.00    13.23     8.19   218.18    12.1    26.6
dao-map/den400d                   259x268  scen     810     114    3786    69.16    24.84    20.99    13.64   424.60    17.1    31.1
dao-map/den401d                   259x113  rand    1000      70    1862    32.91    18.67    11.85     8.32   213.93    11.5    25.7
dao-map/den401d                   259x113  scen     730      85    2253    34.67    19.44    13.95     9.20   258.05    13.3    28.1
dao-map/den403d                     74x49  rand    1000      13     246    12.16     7.30     3.25     2.48    27.53     3.8    11.1
dao-map/den403d                     74x49  scen     200      13     291    14.13     8.55     4.30     3.52    35.20     4.1    10.0
dao-map/den404d                     28x34  rand    1000       6      64     6.09     4.83     1.76     1.54     8.01     1.7     5.2
dao-map/den404d                     28x34  scen     100       7      76     6.19     4.93     2.14     1.54     8.67     1.8     5.6
dao-map/den405d                     74x42  rand    1000       8      93     7.16     5.46     2.36     1.73    11.46     2.1     6.6
dao-map/den405d                     74x42  scen     140       9     111     7.28     5.64     3.30     2.42    13.29     2.4     5.5
dao-map/den407d                     33x57  rand    1000       6      69     7.51     5.07     2.40     1.74     8.74     1.7     5.0
dao-map/den407d                     33x57  scen     140       7      96     8.50     5.85     3.13     1.99    10.98     1.9     5.5
dao-map/den408d                     34x50  rand    1000       6      48     6.22     4.44     2.26     1.43     6.27     1.4     4.4
dao-map/den408d                     34x50  scen     120       8      75     7.39     5.67     3.19     2.28     9.39     1.7     4.1
dao-map/den500d                   288x417  rand    1000     125    6129    63.46    27.78    21.39    13.97   698.52    25.1    50.0
dao-map/den500d                   288x417  scen    1600     177    8564    70.00    32.48    27.26    18.97   955.14    29.4    50.4
dao-map/den501d                   320x338  rand    1000     161    4725    63.93    30.72    26.24    17.21   512.00    16.7    29.7
dao-map/den501d                   320x338  scen    1170     200    6014    64.79    33.26    31.39    20.01   643.63    19.4    32.2
dao-map/den502d                   211x251  rand    1000      13    1533    50.37    11.44     7.01     3.89   166.56    14.6    42.8
dao-map/den502d                   211x251  scen     680      18    2627    55.34    11.62     8.64     4.27   285.99    24.6    67.0
dao-map/den504d                   158x227  rand    1000      51    1748    35.81    14.96     9.76     6.93   196.77    13.2    28.4
dao-map/den504d                   158x227  scen     630      58    2153    38.35    17.26    12.04     7.37   243.19    14.1    33.0
dao-map/den505d                   288x432  rand    1000     116    5904    62.60    27.62    20.40    13.06   665.72    24.1    51.0
dao-map/den505d                   288x432  scen    1600     175    8666    68.88    32.07    28.71    18.76   970.70    30.3    51.7
dao-map/den510d                   385x467  rand    1000     314   11149   120.54    52.05    47.58    31.47  1256.06    24.1    39.9
dao-map/den510d                   385x467  scen    1940     650   20853   178.89    86.52    93.23    63.09  2449.29    28.3    38.8
dao-map/den520d                   256x257  rand    1000      75    3418    82.41    23.28    21.26     9.88   496.04    21.3    50.2
dao-map/den520d                   256x257  scen     870     104    4742    83.48    29.19    21.35    17.29   677.76    23.2    39.2
dao-map/den600d                   354x169  rand    1000     117    3905    41.52    23.60    17.90    11.67   425.19    18.0    36.4
dao-map/den600d                   354x169  scen    1390     177    5895    50.15    29.46    24.16    16.41   641.12    21.8    39.1
dao-map/den601d                   374x187  rand    1000     150    5032    55.89    30.04    23.44    16.26   566.42    18.9    34.8
dao-map/den601d                   374x187  scen    1450     235    7725    71.41    40.46    34.84    23.12   848.69    21.0    36.7
dao-map/den602d                   710x402  rand    1000     370    9491    87.45    54.13    52.50    37.01  1084.21    20.0    29.3
dao-map/den602d                   710x402  scen    2660     593   14782   116.10    72.08    80.11    56.01  1654.46    23.0    29.5
dao-map/den900d                   128x128  rand    1000      13     395    21.90     9.78     5.68     3.41    60.28     6.2    17.7
dao-map/den900d                   128x128  scen     360      15     545    20.53    11.35     5.34     3.81    76.16     6.7    20.0
dao-map/den901d                   129x128  rand    1000      14     565    38.70    12.22     6.06     3.47    76.08     6.2    21.9
dao-map/den901d                   129x128  scen     440      27    1268    34.81    13.98     7.56     4.56   176.22    12.6    38.6
dao-map/den998d                     62x86  rand    1000      17     207    10.80     6.56     3.32     2.33    23.13     3.5     9.9
dao-map/den998d                     62x86  scen     230      21     282    13.17     7.93     4.91     3.70    31.77     4.0     8.6
dao-map/hrt000d                   408x876  rand    1000     289   12507   171.14    54.15    50.59    32.70  1495.22    27.6    45.7
dao-map/hrt000d                   408x876  scen    2260     584   24337   234.18    87.55    88.18    64.13  3020.47    34.5    47.1
dao-map/hrt001d                   104x112  rand    1000      15     343    16.43     9.80     5.24     3.74    51.38     5.2    13.8
dao-map/hrt001d                   104x112  scen     320      23     578    22.83     9.87     8.40     5.14    74.84     7.6    14.6
dao-map/hrt002d                     49x50  rand    1000      13     118    10.74     6.08     3.48     2.65    16.84     2.8     6.4
dao-map/hrt002d                     49x50  scen     170      20     209    14.32     8.75     4.37     4.53    28.04     3.2     6.2
dao-map/hrt201d                   297x272  rand    1000     119    3106    61.51    25.95    25.17    17.99   465.06    17.9    25.9
dao-map/hrt201d                   297x272  scen    1100     212    5404    78.10    43.51    41.30    23.36   777.55    17.9    33.3
dao-map/hrt201n                   294x305  rand    1000     162    4329    57.54    30.61    24.40    16.11   488.46    16.0    30.3
dao-map/hrt201n                   294x305  scen    1180     213    5687    63.58    34.80    32.34    20.45   639.24    18.4    31.3
------------------------------------------------------------------------------------------------------------------------------------
map                                  size   tag   pairs  JPSexp   A*exp      cC#       cC      wC#       wC     A*us   A*/cC   A*/wC
------------------------------------------------------------------------------------------------------------------------------------
dao-map/isound1                     55x63  rand    1000       5     290    17.22     6.79     2.39     1.36    30.74     4.5    22.5
dao-map/isound1                     55x63  scen     200       5     352    17.66     7.08     3.34     1.64    35.67     5.0    21.8
dao-map/lak100c                   538x793  rand    1000     240    8805    69.01    35.91    34.52    24.75   940.76    26.2    38.0
dao-map/lak100c                   538x793  scen    1920     353   12884    82.66    46.68    47.93    34.63  1376.66    29.5    39.8
dao-map/lak100d                   538x792  rand    1000     286    9245    83.68    44.20    42.60    30.95  1039.67    23.5    33.6
dao-map/lak100d                   538x792  scen    2040     469   14572   109.81    61.57    65.87    46.34  1644.07    26.7    35.5
dao-map/lak100n                   538x793  rand    1000     282    8525    77.19    43.19    41.13    28.79   961.69    22.3    33.4
dao-map/lak100n                   538x793  scen    1910     416   12455    92.75    53.81    58.10    40.59  1388.74    25.8    34.2
dao-map/lak101d                     30x31  rand    1000       3      26     6.77     5.67     2.11     1.10     5.28     0.9     4.8
dao-map/lak101d                     30x31  scen      60       3      29     7.97     5.20     4.46     3.34     5.59     1.1     1.7
dao-map/lak102d                     38x30  rand    1000       7      61     6.57     6.94     2.35     1.84     7.82     1.1     4.2
dao-map/lak102d                     38x30  scen     100       8      74     6.61     5.39     3.03     2.25     9.70     1.8     4.3
dao-map/lak103d                     49x49  rand    1000      15     191    12.21     8.86     5.06     3.12    24.64     2.8     7.9
dao-map/lak103d                     49x49  scen     230      20     279    13.61    10.85     6.11     4.33    29.50     2.7     6.8
dao-map/lak104d                     41x41  rand    1000       7      67     9.79     5.38     2.40     1.80    10.18     1.9     5.6
dao-map/lak104d                     41x41  scen     120       8      90     8.45     6.48     3.39     3.85    16.01     2.5     4.2
dao-map/lak105d                     31x25  rand    1000       8      58     6.96     6.60     3.49     2.22     9.86     1.5     4.5
dao-map/lak105d                     31x25  scen      90       9      71     9.80     7.77     4.58     3.09    10.93     1.4     3.5
dao-map/lak106d                    97x113  rand    1000       7     160    15.24     5.35     3.38     2.65    24.06     4.5     9.1
dao-map/lak106d                    97x113  scen     230      11     295    18.41     9.05     4.92     2.98    45.03     5.0    15.1
dao-map/lak107d                     36x26  rand    1000       4      47     6.25     5.13     1.95     1.48     6.59     1.3     4.5
dao-map/lak107d                     36x26  scen     100       6      79    10.06     7.42     4.01     2.63    11.46     1.5     4.4
dao-map/lak108d                     27x26  rand    1000       4      27     6.40     4.86     2.03     1.60     5.58     1.1     3.5
dao-map/lak108d                     27x26  scen      60       5      28     5.51     4.56     2.97     2.37     5.82     1.3     2.5
dao-map/lak109d                     33x42  rand    1000       7      48     7.26     5.85     2.13     1.79     6.73     1.2     3.8
dao-map/lak109d                     33x42  scen     100       8      57     5.86     4.80     2.73     2.07     7.63     1.6     3.7
dao-map/lak110d                     30x21  rand    1000       4      19     4.48     4.14     1.48     1.78     4.48     1.1     2.5
dao-map/lak110d                     30x21  scen      50       4      19     5.61     4.85     3.33     2.80     4.51     0.9     1.6
dao-map/lak200d                   352x261  rand    1000      20     966    21.31    10.76     5.76     3.74   137.70    12.8    36.8
dao-map/lak200d                   352x261  scen     560      32    1736    27.75    13.26     8.06     7.01   225.62    17.0    32.2
dao-map/lak201d                   252x163  rand    1000      72    2288    45.98    20.30    14.67    11.38   318.13    15.7    27.9
dao-map/lak201d                   252x163  scen     790      85    2692    41.93    21.00    19.15    10.36   353.46    16.8    34.1
dao-map/lak202d                   159x182  rand    1000      44    1403    28.84    13.43     8.08     5.40   195.84    14.6    36.3
dao-map/lak202d                   159x182  scen     670      60    1963    32.80    16.81     9.60     6.84   262.66    15.6    38.4
dao-map/lak203d                   112x146  rand    1000      14     243    13.31     8.04     4.68     3.39    33.05     4.1     9.7
dao-map/lak203d                   112x146  scen     320      24     455    11.86     8.02     5.66     3.87    52.17     6.5    13.5
dao-map/lak250d                   257x257  rand    1000      10     164    13.91     6.74     4.34     2.61    24.87     3.7     9.5
dao-map/lak250d                   257x257  scen     270      21     359    15.95     7.82     8.40     3.98    51.24     6.5    12.9
dao-map/lak300d                   384x528  rand    1000      24     993    30.96    12.80     8.61     5.85   138.41    10.8    23.7
dao-map/lak300d                   384x528  scen     730      40    1789    38.46    15.54    12.27     7.33   257.01    16.5    35.1
dao-map/lak302d                   193x289  rand    1000      88    3421    52.30    25.19    15.47    12.63   478.51    19.0    37.9
dao-map/lak302d                   193x289  scen    1000     115    4528    62.36    28.30    17.66    17.28   630.89    22.3    36.5
dao-map/lak303d                   194x194  rand    1000     163    3472    61.06    32.01    23.54    15.82   367.74    11.5    23.2
dao-map/lak303d                   194x194  scen    1040     250    5140    73.22    39.04    33.29    23.08   509.31    13.0    22.1
dao-map/lak304d                   193x194  rand    1000     104    2725    46.58    24.30    16.83    10.98   293.61    12.1    26.7
dao-map/lak304d                   193x194  scen     750     156    3851    52.99    29.26    22.62    15.77   407.99    13.9    25.9
dao-map/lak307d                     84x84  rand    1000       6     179    25.71     6.70     3.12     2.83    21.52     3.2     7.6
dao-map/lak307d                     84x84  scen     200       6     211    26.74     8.63     5.99     2.31    29.01     3.4    12.5
dao-map/lak308d                   298x324  rand    1000     106    2596    34.24    19.78    15.83    11.00   290.13    14.7    26.4
dao-map/lak308d                   298x324  scen    1240     148    3595    39.28    24.06    20.71    14.96   408.98    17.0    27.3
------------------------------------------------------------------------------------------------------------------------------------
map                                  size   tag   pairs  JPSexp   A*exp      cC#       cC      wC#       wC     A*us   A*/cC   A*/wC
------------------------------------------------------------------------------------------------------------------------------------
dao-map/lak400d                 1057x1057  rand    1000     143    5294    55.02    25.99    25.76    17.51   614.42    23.6    35.1
dao-map/lak400d                 1057x1057  scen    1320     202    7467    62.14    32.10    34.45    23.82   875.50    27.3    36.7
dao-map/lak401d                   401x593  rand    1000     270    9429   121.50    60.06    57.67    38.53  1351.14    22.5    35.1
dao-map/lak401d                   401x593  scen    2180     392   13411   142.53    70.93    77.61    49.23  1930.60    27.2    39.2
dao-map/lak403d                   403x649  rand    1000      31    1444    37.72    11.69     8.35     5.25   154.44    13.2    29.4
dao-map/lak403d                   403x649  scen    1090      34    2301    36.74    11.19     8.76     5.71   247.66    22.1    43.4
dao-map/lak404d                    528x70  rand    1000      52    2217    32.96    15.95    11.39     6.59   260.06    16.3    39.5
dao-map/lak404d                    528x70  scen    1330      81    3509    42.11    20.30    13.84     9.24   413.52    20.4    44.7
dao-map/lak405d                  833x1006  rand    1000     402   12131    93.87    54.96    60.54    42.10  1357.83    24.7    32.3
dao-map/lak405d                  833x1006  scen    4040     519   15860   109.87    71.69    74.88    59.18  1811.22    25.3    30.6
dao-map/lak503d                   194x194  rand    1000     175    4717    67.46    35.44    25.43    17.40   482.10    13.6    27.7
dao-map/lak503d                   194x194  scen    1220     265    7032    83.21    44.36    36.39    25.09   691.55    15.6    27.6
dao-map/lak504d                   193x194  rand    1000      98    2617    44.19    23.53    15.98    10.80   295.56    12.6    27.4
dao-map/lak504d                   193x194  scen     720     138    3612    51.15    29.25    21.97    13.97   399.74    13.7    28.6
dao-map/lak505d                   194x195  rand    1000     191    3804    73.83    36.81    27.73    18.88   404.83    11.0    21.4
dao-map/lak505d                   194x195  scen     920     279    5549    84.33    44.70    37.71    25.38   539.26    12.1    21.3
dao-map/lak506d                   194x205  rand    1000     201    4063    62.89    35.21    27.92    19.23   420.96    12.0    21.9
dao-map/lak506d                   194x205  scen    1110     255    5149    69.72    40.04    33.49    22.91   529.90    13.2    23.1
dao-map/lak507d                     84x84  rand    1000       4     163    17.21     5.69     2.36     1.44    17.91     3.1    12.4
dao-map/lak507d                     84x84  scen     210       5     231    18.38     6.30     4.53     2.17    24.65     3.9    11.4
dao-map/lak510d                   287x253  rand    1000      15     565    15.84     6.93     4.24     2.73    60.43     8.7    22.1
dao-map/lak510d                   287x253  scen     420      18     734    16.31     7.57     5.18     3.24    76.88    10.2    23.7
dao-map/lak511d                   207x533  rand    1000      66    2385    44.17    18.17    13.03     8.21   270.00    14.9    32.9
dao-map/lak511d                   207x533  scen    1050     111    4381    53.12    22.43    18.69    12.08   506.47    22.6    41.9
dao-map/lak512d                   297x658  rand    1000     205    6748    71.55    34.47    31.82    21.25   771.45    22.4    36.3
dao-map/lak512d                   297x658  scen    2100     288    9623    86.01    44.00    43.07    29.05  1097.04    24.9    37.8
dao-map/lak513d                   389x637  rand    1000      59    2444    39.65    16.85    12.45     7.76   261.11    15.5    33.7
dao-map/lak513d                   389x637  scen     880      65    2926    36.64    15.99    13.86     8.44   317.17    19.8    37.6
dao-map/lak514d                   409x339  rand    1000      11     403    19.84     8.82     4.87     2.83    46.41     5.3    16.4
dao-map/lak514d                   409x339  scen     420      17     938    19.53     8.17     7.98     4.25   104.44    12.8    24.5
dao-map/lak515d                   114x112  rand    1000       6      86     9.36     4.86     2.24     1.56    10.05     2.1     6.4
dao-map/lak515d                   114x112  scen     180       8     155    10.73     5.45     3.68     2.23    16.81     3.1     7.5
dao-map/lak519d                   168x145  rand    1000      27     888    32.57    11.29     6.72     4.30    95.89     8.5    22.3
dao-map/lak519d                   168x145  scen     480      39    1487    38.43    13.73     9.51     5.65   164.29    12.0    29.1
dao-map/lak526d                   129x124  rand    1000      10     129     7.30     5.06     3.06     2.08    14.43     2.9     6.9
dao-map/lak526d                   129x124  scen     210      14     202     8.45     5.88     3.66     2.72    21.89     3.7     8.0
dao-map/lgt101d                     44x28  rand    1000      10      57     6.28     5.04     2.42     1.82     7.21     1.4     4.0
dao-map/lgt101d                     44x28  scen     110      14      83     7.33     5.97     3.88     2.86    10.40     1.7     3.6
dao-map/lgt300d                   531x747  rand    1000     183    5745    71.54    31.90    30.63    20.86   655.58    20.5    31.4
dao-map/lgt300d                   531x747  scen    1730     317    9339    94.67    45.60    48.76    33.56  1105.80    24.3    32.9
dao-map/lgt600d                   643x645  rand    1000      18    1497    26.61     8.56     6.10     3.83   165.75    19.4    43.3
dao-map/lgt600d                   643x645  scen     940      41    4137    32.75    13.62    11.09     7.08   510.43    37.5    72.1
dao-map/lgt601d                   258x258  rand    1000      30    1566    47.61    13.51     8.86     5.34   171.44    12.7    32.1
dao-map/lgt601d                   258x258  scen     800      40    2475    56.93    16.89    11.84     7.55   278.66    16.5    36.9
dao-map/lgt602d                   266x277  rand    1000     110    4751    70.27    27.50    19.13    12.34   526.73    19.2    42.7
dao-map/lgt602d                   266x277  scen     980     147    6401    73.59    30.46    23.39    15.79   710.92    23.3    45.0
dao-map/lgt603d                   261x262  rand    1000     184    7067    73.20    33.36    25.85    17.39   750.03    22.5    43.1
dao-map/lgt603d                   261x262  scen    1480     248    9575    86.69    40.40    35.87    24.11  1060.00    26.2    44.0
dao-map/lgt604d                   258x252  rand    1000      24    1284    27.86    12.40     6.66     3.74   185.74    15.0    49.7
dao-map/lgt604d                   258x252  scen     770      42    2278    32.47    13.30    10.03     5.35   261.98    19.7    49.0
------------------------------------------------------------------------------------------------------------------------------------
map                                  size   tag   pairs  JPSexp   A*exp      cC#       cC      wC#       wC     A*us   A*/cC   A*/wC
------------------------------------------------------------------------------------------------------------------------------------
dao-map/lgt605d                   107x125  rand    1000       5     169    14.12     6.28     2.55     1.59    19.33     3.1    12.2
dao-map/lgt605d                   107x125  scen     220       6     216    13.23     5.67     4.87     1.82    24.91     4.4    13.7
dao-map/orz000d                    79x137  rand    1000       9     286    19.23     6.42     3.25     2.14    36.36     5.7    17.0
dao-map/orz000d                    79x137  scen     320      12     430    20.77     7.22     4.48     2.66    49.00     6.8    18.4
dao-map/orz100d                   412x395  rand    1000     704   25526   288.34   112.57   108.12    72.48  2997.96    26.6    41.4
dao-map/orz100d                   412x395  scen    2420     999   35185   318.52   133.56   146.87   101.41  4089.85    30.6    40.3
dao-map/orz101d                     48x95  rand    1000      10     168    10.23     6.26     2.88     2.04    19.05     3.0     9.4
dao-map/orz101d                     48x95  scen     210      11     195    11.13     6.70     4.28     2.61    22.94     3.4     8.8
dao-map/orz102d                     46x47  rand    1000       5      57     6.90     4.60     1.95     1.40     7.35     1.6     5.2
dao-map/orz102d                     46x47  scen     110       6      72     7.57     5.36     3.27     2.38     9.39     1.8     3.9
dao-map/orz103d                   463x456  rand    1000     590   15283   122.58    75.39    77.59    55.20  1574.16    20.9    28.5
dao-map/orz103d                   463x456  scen    3790     778   20130   144.36    90.79    99.85    68.31  2050.55    22.6    30.0
dao-map/orz105d                     47x60  rand    1000       5      55     6.81     4.39     1.95     1.29     6.99     1.6     5.4
dao-map/orz105d                     47x60  scen     120       6      73     7.40     5.05     2.99     2.18     9.26     1.8     4.2
dao-map/orz106d                     25x33  rand    1000       4      25     4.92     3.96     1.66     1.23     3.85     1.0     3.1
dao-map/orz106d                     25x33  scen      70       5      34     5.87     4.94     2.86     2.14     5.62     1.1     2.6
dao-map/orz107d                     34x48  rand    1000       5      56     6.71     5.09     1.81     1.32     7.20     1.4     5.4
dao-map/orz107d                     34x48  scen     100       5      63     7.11     4.89     2.84     1.82     8.05     1.6     4.4
dao-map/orz200d                   272x260  rand    1000      44     730    18.23    11.46     7.98     5.46    81.29     7.1    14.9
dao-map/orz200d                   272x260  scen     510      75    1277    22.71    14.11    11.66     8.52   135.63     9.6    15.9
dao-map/orz201d                     47x45  rand    1000       8      83     7.45     5.36     2.36     1.86    10.06     1.9     5.4
dao-map/orz201d                     47x45  scen     120       9     101     8.84     6.34     3.86     2.99    12.92     2.0     4.3
dao-map/orz203d                     19x35  rand    1000       3      20     4.34     3.74     1.46     1.09     3.71     1.0     3.4
dao-map/orz203d                     19x35  scen      60       3      27     6.05     5.10     3.24     2.37     4.88     1.0     2.1
dao-map/orz300d                   649x386  rand    1000     303   12155   121.86    54.40    50.98    31.47  1434.82    26.4    45.6
dao-map/orz300d                   649x386  scen    1560     429   16604   147.74    66.18    65.09    42.60  1987.17    30.0    46.6
dao-map/orz301d                   120x180  rand    1000      22     479    17.40     9.02     5.07     3.41    54.00     6.0    15.8
dao-map/orz301d                   120x180  scen     390      25     593    16.77     8.57     5.67     4.07    66.24     7.7    16.3
dao-map/orz302d                   146x145  rand    1000      18     699    17.95     8.94     4.80     3.23    75.45     8.4    23.3
dao-map/orz302d                   146x145  scen     490      27    1125    20.26    10.60     6.62     4.43   121.20    11.4    27.4
dao-map/orz303d                   390x267  rand    1000      93    3716    63.11    30.82    25.80    14.11   537.68    17.4    38.1
dao-map/orz303d                   390x267  scen    1140     132    5275    70.97    36.04    30.45    20.79   777.46    21.6    37.4
dao-map/orz304d                    75x155  rand    1000      21     523    21.26    10.37     5.12     3.55    64.18     6.2    18.1
dao-map/orz304d                    75x155  scen     380      24     679    23.39    10.59     6.00     4.19    87.57     8.3    20.9
dao-map/orz500d                   303x342  rand    1000      33    1238    32.01    12.44     7.98     4.82   139.63    11.2    29.0
dao-map/orz500d                   303x342  scen     860      57    2144    33.84    13.94    11.77     7.25   244.39    17.5    33.7
dao-map/orz601d                    107x47  rand    1000      11     216     9.32     6.61     2.92     1.74    27.43     4.2    15.7
dao-map/orz601d                    107x47  scen     240      12     289    10.44     6.83     3.64     2.51    31.44     4.6    12.5
dao-map/orz700d                 1104x1260  rand    1000     631   20796   145.20    82.91    96.31    66.61  2330.22    28.1    35.0
dao-map/orz700d                 1104x1260  scen    3880     923   29577   183.61   110.77   130.15    93.45  3266.17    29.5    35.0
dao-map/orz701d                   839x722  rand    1000     372   11609    88.33    52.20    55.04    37.59  1259.30    24.1    33.5
dao-map/orz701d                   839x722  scen    3040     517   16210   106.54    64.24    70.38    50.28  1726.09    26.9    34.3
dao-map/orz702d                   718x939  rand    1000     829   20168   260.54   139.54   163.60   109.49  2879.07    20.6    26.3
dao-map/orz702d                   718x939  scen    4130    1412   33465   367.48   215.10   262.22   189.30  4829.68    22.5    25.5
dao-map/orz703d                   652x502  rand    1000     116    9776    89.76    27.99    24.44    15.45  1166.70    41.7    75.5
dao-map/orz703d                   652x502  scen    2240     206   16898    93.53    36.17    34.03    23.34  1964.01    54.3    84.1
dao-map/orz704d                     84x46  rand    1000       5     103     9.06     4.88     1.95     1.25    12.26     2.5     9.8
dao-map/orz704d                     84x46  scen     200       6     188     9.78     5.41     2.93     1.63    19.23     3.6    11.8
dao-map/orz800d                   868x844  rand    1000     147   11472    63.63    27.37    26.71    18.68  1252.42    45.8    67.0
dao-map/orz800d                   868x844  scen    3690     224   16337    76.34    36.00    35.19    26.24  1795.54    49.9    68.4
------------------------------------------------------------------------------------------------------------------------------------
map                                  size   tag   pairs  JPSexp   A*exp      cC#       cC      wC#       wC     A*us   A*/cC   A*/wC
------------------------------------------------------------------------------------------------------------------------------------
dao-map/orz900d                  1491x656  rand    1000     885   35777   182.16   109.31   127.47    89.62  3754.39    34.3    41.9
dao-map/orz900d                  1491x656  scen    7070    1247   50101   238.21   147.70   175.29   127.40  5324.92    36.1    41.8
dao-map/orz901d                   601x678  rand    1000     490   15618   117.18    67.88    67.68    48.77  1700.31    25.0    34.9
dao-map/orz901d                   601x678  scen    4190     679   21746   135.43    79.85    87.90    62.64  2237.18    28.0    35.7
dao-map/orz999d                   632x698  rand    1000      78    7036    57.97    21.56    17.06    11.42   812.37    37.7    71.1
dao-map/orz999d                   632x698  scen    2430     118   10767    67.55    24.16    22.08    15.70  1241.35    51.4    79.1
dao-map/ost000a                   487x969  rand    1000    1038   20594   325.66   149.45   159.49   107.29  2499.54    16.7    23.3
dao-map/ost000a                   487x969  scen    2520    1322   25443   352.57   179.50   209.66   141.54  3235.99    18.0    22.9
dao-map/ost000t                   487x971  rand    1000     977   19726   288.22   129.80   138.36    94.15  2224.78    17.1    23.6
dao-map/ost000t                   487x971  scen    2620    1345   26692   317.77   159.67   191.26   129.22  3113.09    19.5    24.1
dao-map/ost001d                   194x194  rand    1000      64    1863    35.47    16.45    10.53     7.14   212.53    12.9    29.7
dao-map/ost001d                   194x194  scen     620      96    2779    40.29    19.80    14.81     9.69   317.16    16.0    32.7
dao-map/ost002d                   181x145  rand    1000      78    1433    38.59    19.39    13.36     9.09   159.23     8.2    17.5
dao-map/ost002d                   181x145  scen     610     128    2310    50.05    24.80    21.68    12.79   247.62    10.0    19.4
dao-map/ost003d                   194x194  rand    1000     103    3096    53.72    24.06    16.57    10.52   332.37    13.8    31.6
dao-map/ost003d                   194x194  scen     810     142    4258    60.83    28.89    23.72    14.02   439.45    15.2    31.4
dao-map/ost004d                     84x84  rand    1000       7     177    18.66     5.74     3.00     1.57    20.46     3.6    13.0
dao-map/ost004d                     84x84  scen     210       8     252    18.75     6.60     4.22     2.17    27.36     4.1    12.6
dao-map/ost100d                 1024x1025  rand    1000    1203   22571   310.38   159.59   182.02   129.65  2947.34    18.5    22.7
dao-map/ost100d                 1024x1025  scen    2930    2099   37682   467.97   253.59   328.65   235.86  4807.89    19.0    20.4
dao-map/ost101d                   768x704  rand    1000      11     330     9.90     5.50     4.07     2.14    36.62     6.7    17.1
dao-map/ost101d                   768x704  scen     290      14     456    11.57     5.94     4.36     2.57    51.82     8.7    20.2
dao-map/ost102d                     28x22  rand    1000       4      22     4.49     3.97     2.02     1.18     3.50     0.9     3.0
dao-map/ost102d                     28x22  scen      60       4      29     7.33     6.74     3.45     3.06     5.35     0.8     1.8
dao-map/oth000d                   384x384  rand    1000      78    4435    38.10    18.67    13.48     9.21   470.96    25.2    51.2
dao-map/oth000d                   384x384  scen    1750     123    7173    44.69    22.85    17.92    13.54   769.20    33.7    56.8
dao-map/oth001d                   384x382  rand    1000      14     221    12.79     6.98     4.16     3.05    25.17     3.6     8.3
dao-map/oth001d                   384x382  scen     310      23     422    13.90     7.82     7.46     4.16    45.99     5.9    11.0
dao-map/oth999d                     49x32  rand    1000       2      70     9.15     5.00     1.67     1.11     8.53     1.7     7.7
dao-map/oth999d                     49x32  scen     140       2     113     9.82     6.01     2.47     1.30    12.50     2.1     9.6
dao-map/rmtst                      182x50  rand    1000      15     483    17.20     7.85     3.95     2.51    54.57     7.0    21.7
dao-map/rmtst                      182x50  scen     440      20     705    19.25     9.65     6.03     3.17    76.57     7.9    24.2
dao-map/rmtst01                    182x50  rand    1000      15     497    18.01     8.01     4.13     2.51    56.13     7.0    22.4
dao-map/rmtst01                    182x50  scen     440      20     723    21.58     9.68     5.27     3.51    85.28     8.8    24.3
dao-map/rmtst03                    182x49  rand    1000      15     521    19.17     9.09     4.43     3.02    55.89     6.1    18.5
dao-map/rmtst03                    182x49  scen     450      20     718    19.89     9.39     5.53     3.07    79.30     8.4    25.8
mapf-map/Berlin_1_256             256x256  rand    1000     102    3511    79.21    26.85    18.46    12.74   429.87    16.0    33.7
mapf-map/Berlin_1_256             256x256  scen   24148     179    5805    99.38    36.56    25.83    18.66   715.16    19.6    38.3
mapf-map/Boston_0_256             256x256  rand    1000     128    3562    77.92    35.09    23.52    15.02   426.98    12.2    28.4
mapf-map/Boston_0_256             256x256  scen   23719     215    5553   109.69    50.10    34.07    24.10   686.13    13.7    28.5
mapf-map/brc202d                  530x481  rand    1000     423   11855   108.48    57.82    59.47    39.59  1279.50    22.1    32.3
mapf-map/brc202d                  530x481  scen   62029     562   15685   132.40    72.15    75.37    51.15  1696.85    23.5    33.2
mapf-map/den312d                    65x81  rand    1000      22     343    13.11     8.30     4.21     2.89    39.62     4.8    13.7
mapf-map/den312d                    65x81  scen    7082      29     490    15.74     9.56     5.03     3.33    55.13     5.8    16.6
mapf-map/den520d                  256x257  rand    1000      75    3418    60.00    21.67    14.64     9.90   392.31    18.1    39.6
mapf-map/den520d                  256x257  scen   21640     101    4637    76.37    27.86    19.11    12.34   572.01    20.5    46.3
mapf-map/empty-16-16                16x16  rand    1000       2      17     5.61     5.19     2.30     1.13     4.28     0.8     3.8
mapf-map/empty-16-16                16x16  scen    2992       2      17     5.87     5.37     1.78     1.24     3.70     0.7     3.0
mapf-map/empty-32-32                32x32  rand    1000       2      47     8.83     6.38     2.75     1.52     8.67     1.4     5.7
mapf-map/empty-32-32                32x32  scen   12736       2      47    10.48     6.78     2.30     1.34     7.98     1.2     6.0
------------------------------------------------------------------------------------------------------------------------------------
map                                  size   tag   pairs  JPSexp   A*exp      cC#       cC      wC#       wC     A*us   A*/cC   A*/wC
------------------------------------------------------------------------------------------------------------------------------------
mapf-map/empty-48-48                48x48  rand    1000       2      94    17.29     6.31     3.29     1.53    14.92     2.4     9.7
mapf-map/empty-48-48                48x48  scen   28731       2      89    18.93     7.51     2.82     1.53    13.56     1.8     8.9
mapf-map/empty-8-8                    8x8  rand    1000       2       7     4.08     2.88     1.26     1.06     1.68     0.6     1.6
mapf-map/empty-8-8                    8x8  scen     585       2       6     3.44     3.42     1.83     0.98     1.76     0.5     1.8
mapf-map/ht_chantry               162x141  rand    1000      44    1233    36.30    15.20    10.73     6.50   170.45    11.2    26.2
mapf-map/ht_chantry               162x141  scen   11513      56    1572    42.33    20.09    13.58     8.84   221.40    11.0    25.1
mapf-map/ht_mansion_n             133x270  rand    1000      43    1255    36.19    16.91    10.86     6.49   174.64    10.3    26.9
mapf-map/ht_mansion_n             133x270  scen   14015      62    1928    43.71    22.39    13.58    10.00   278.26    12.4    27.8
mapf-map/lak303d                  194x194  rand    1000     163    3472    61.71    32.94    24.46    16.48   389.56    11.8    23.6
mapf-map/lak303d                  194x194  scen   25657     251    5121    83.73    43.36    34.80    23.29   538.26    12.4    23.1
mapf-map/lt_gallowstemplar_n      251x180  rand    1000      51    1356    38.45    17.30    10.66     6.78   198.84    11.5    29.3
mapf-map/lt_gallowstemplar_n      251x180  scen   15399      62    1676    42.34    19.80    14.04     9.51   249.89    12.6    26.3
mapf-map/maze-128-128-1           128x128  rand    1000     880    3228   107.08    80.81    83.92    57.56   228.36     2.8     4.0
mapf-map/maze-128-128-1           128x128  scen   48648     885    3241   109.11    77.45    83.23    56.61   227.47     2.9     4.0
mapf-map/maze-128-128-10          128x128  rand    1000      37    4687    54.51    23.30    10.79     6.60   521.18    22.4    79.0
mapf-map/maze-128-128-10          128x128  scen   27046      47    6274    58.11    27.26    11.99     7.06   680.21    25.0    96.4
mapf-map/maze-128-128-2           128x128  rand    1000     757    4929   115.53    81.47    79.55    55.10   427.42     5.2     7.8
mapf-map/maze-128-128-2           128x128  scen   64662     748    4869   116.04    79.33    76.40    52.10   420.64     5.3     8.1
mapf-map/maze-32-32-2               32x32  rand    1000      40     241    14.23     9.38     7.40     3.80    25.75     2.7     6.8
mapf-map/maze-32-32-2               32x32  scen    4613      40     244    14.37    10.70     6.25     4.41    28.44     2.7     6.4
mapf-map/maze-32-32-4               32x32  rand    1000      13     227    10.44     9.84     3.11     2.91    30.94     3.1    10.6
mapf-map/maze-32-32-4               32x32  scen    3273      15     281    14.47    10.86     4.56     2.53    36.53     3.4    14.4
mapf-map/orz900d                 1491x656  rand    1000     885   35777   249.90   153.86   176.08   117.16  4899.25    31.8    41.8
mapf-map/orz900d                 1491x656  scen  161069    1161   46719   245.53   148.38   175.02   125.79  5033.05    33.9    40.0
mapf-map/ost003d                  194x194  rand    1000     103    3096    51.62    23.83    16.47    10.60   324.99    13.6    30.7
mapf-map/ost003d                  194x194  scen   20476     142    4245    59.26    28.38    20.11    13.40   415.41    14.6    31.0
mapf-map/Paris_1_256              256x256  rand    1000     157    3776    86.95    36.87    25.59    18.28   465.24    12.6    25.4
mapf-map/Paris_1_256              256x256  scen   26387     377    8108   155.43    70.25    54.14    37.44  1043.25    14.9    27.9
mapf-map/random-32-32-10            32x32  rand    1000      17      51     7.24     5.94     3.51     2.40     6.80     1.1     2.8
mapf-map/random-32-32-10            32x32  scen    2547      23      65     9.07     6.65     4.46     2.97     8.50     1.3     2.9
mapf-map/random-32-32-20            32x32  rand    1000      31      72     9.34     7.62     5.41     3.69     9.69     1.3     2.6
mapf-map/random-32-32-20            32x32  scen     971      50     118    13.37    10.10     7.73     5.17    14.55     1.4     2.8
mapf-map/random-64-64-10            64x64  rand    1000      50     153    17.12    10.95     8.71     5.53    18.79     1.7     3.4
mapf-map/random-64-64-10            64x64  scen    5155      72     216    23.12    15.07    11.83     8.46    28.48     1.9     3.4
mapf-map/random-64-64-20            64x64  rand    1000      95     228    25.30    17.01    14.48     9.82    27.94     1.6     2.8
mapf-map/random-64-64-20            64x64  scen    2483     186     436    42.31    30.27    26.94    19.65    54.08     1.8     2.8
mapf-map/room-32-32-4               32x32  rand    1000      28      93    11.15     7.80     5.85     3.28    12.04     1.5     3.7
mapf-map/room-32-32-4               32x32  scen    2998      36     118    11.13     9.20     6.18     4.24    13.75     1.5     3.2
mapf-map/room-64-64-16              64x64  rand    1000      29     858    23.90    14.06     6.33     3.87    90.37     6.4    23.4
mapf-map/room-64-64-16              64x64  scen    9942      40    1264    30.71    17.01     8.28     5.22   125.99     7.4    24.1
mapf-map/room-64-64-8               64x64  rand    1000      44     548    20.83    14.23     7.96     4.91    59.55     4.2    12.1
mapf-map/room-64-64-8               64x64  scen    7604      60     779    26.68    17.75    10.22     6.55    86.44     4.9    13.2
mapf-map/warehouse-10-20-10-2~     161x63  rand    1000      35     534    20.28     9.81     6.82     4.00    41.74     4.3    10.4
mapf-map/warehouse-10-20-10-2~     161x63  scen   11168      45     696    27.54    11.97     8.66     5.30    58.09     4.9    11.0
mapf-map/warehouse-10-20-10-2~     170x84  rand    1000     154     899    36.89    21.53    18.35    12.98    85.66     4.0     6.6
mapf-map/warehouse-10-20-10-2~     170x84  scen   12226     214    1211    47.19    28.01    23.92    16.61   116.72     4.2     7.0
mapf-map/warehouse-20-40-10-2~    321x123  rand    1000     128    2073    58.44    22.01    19.24    12.05   147.85     6.7    12.3
mapf-map/warehouse-20-40-10-2~    321x123  scen   22737     162    2707    68.30    26.39    22.09    14.51   195.22     7.4    13.5
mapf-map/warehouse-20-40-10-2~    340x164  rand    1000     616    3225   134.45    72.22    75.97    47.56   346.85     4.8     7.3
mapf-map/warehouse-20-40-10-2~    340x164  scen   24990     951    4801   190.88   101.19   109.08    77.39   521.88     5.2     6.7
------------------------------------------------------------------------------------------------------------------------------------
map                                  size   tag   pairs  JPSexp   A*exp      cC#       cC      wC#       wC     A*us   A*/cC   A*/wC
------------------------------------------------------------------------------------------------------------------------------------
mapf-map/w_woundedcoast           642x578  rand    1000     191    7427    57.74    34.26    28.82    21.96   830.41    24.2    37.8
mapf-map/w_woundedcoast           642x578  scen   52517     237    9411    64.61    38.66    34.69    24.62  1007.44    26.1    40.9
sc1-map/AcrosstheCape             768x768  rand    1000     466   43972   329.13    91.29    85.73    52.71  5502.40    60.3   104.4
sc1-map/AcrosstheCape             768x768  scen    3150     691   62790   347.04   109.56   111.27    74.88  7922.98    72.3   105.8
sc1-map/Aftershock                512x512  rand    1000     191   15771   182.63    50.58    42.18    24.89  1925.62    38.1    77.4
sc1-map/Aftershock                512x512  scen    1920     254   21571   191.21    54.98    49.30    31.69  2729.36    49.6    86.1
sc1-map/Archipelago               512x512  rand    1000     200   16391   151.29    51.62    42.36    26.94  2095.66    40.6    77.8
sc1-map/Archipelago               512x512  scen    2310     357   29112   187.47    73.18    66.09    44.83  3821.75    52.2    85.2
sc1-map/ArcticStation             768x768  rand    1000    1150   82589   464.60   186.31   201.29   138.84 10713.63    57.5    77.2
sc1-map/ArcticStation             768x768  scen    4300    1688  118487   500.14   227.66   252.28   184.86 14685.86    64.5    79.4
sc1-map/Aurora                   1024x768  rand    1000    1218   57069   420.00   184.95   174.37   124.18  7610.09    41.1    61.3
sc1-map/Aurora                   1024x768  scen    3250    1878   83627   485.15   238.56   254.40   185.11 11103.40    46.5    60.0
sc1-map/Backwoods                 768x512  rand    1000     868   29851   291.14   132.43   130.22    86.39  3542.96    26.8    41.0
sc1-map/Backwoods                 768x512  scen    2540     895   30743   282.65   132.38   140.88    93.46  3764.73    28.4    40.3
sc1-map/BigGameHunters            512x512  rand    1000     125   17727   159.88    38.67    34.41    18.77  2054.69    53.1   109.5
sc1-map/BigGameHunters            512x512  scen    1890     127   18992   141.55    35.33    30.29    18.30  2200.19    62.3   120.2
sc1-map/BlackLotus                768x768  rand    1000     830   63633   297.54   121.35   126.23    85.57  7520.63    62.0    87.9
sc1-map/BlackLotus                768x768  scen    4130    1234   90019   331.98   153.17   168.23   118.61 10785.76    70.4    90.9
sc1-map/BlastFurnace              768x768  rand    1000     620   45348   360.25   117.14   120.66    68.49  6021.38    51.4    87.9
sc1-map/BlastFurnace              768x768  scen    3390    1075   76841   427.34   159.66   165.92   120.17 10330.31    64.7    86.0
sc1-map/BrokenSteppes             768x768  rand    1000     294   31546   268.03    69.24    61.62    36.79  3965.41    57.3   107.8
sc1-map/BrokenSteppes             768x768  scen    3000     564   56807   307.44    96.92    93.54    63.73  7322.57    75.5   114.9
sc1-map/Brushfire                 512x512  rand    1000     354   20629   162.92    62.90    58.36    39.73  2410.54    38.3    60.7
sc1-map/Brushfire                 512x512  scen    2180     394   22451   158.46    64.11    61.08    42.36  2639.81    41.2    62.3
sc1-map/Caldera                   512x512  rand    1000      99   10763   153.33    33.30    29.53    15.22  1343.96    40.4    88.3
sc1-map/Caldera                   512x512  scen    1840     160   17228   158.86    40.55    34.76    21.59  2060.44    50.8    95.5
sc1-map/CatwalkAlley              512x512  rand    1000    1047   47588   311.28   161.16   152.16   117.47  5593.01    34.7    47.6
sc1-map/CatwalkAlley              512x512  scen    2720    1272   57628   324.40   175.95   176.38   132.64  6965.18    39.6    52.5
sc1-map/Cauldron                1024x1024  rand    1000    1070   66557   457.82   178.74   172.84   119.81  8456.89    47.3    70.6
sc1-map/Cauldron                1024x1024  scen    4050    1841  107521   567.18   253.15   270.58   194.28 14249.54    56.3    73.3
sc1-map/CrashSites                768x768  rand    1000     290   22924   176.03    56.78    53.28    36.21  2750.35    48.4    76.0
sc1-map/CrashSites                768x768  scen    2690     438   35872   198.06    73.03    72.09    52.82  4414.85    60.5    83.6
sc1-map/CrescentMoon              512x512  rand    1000     106   13827   153.01    33.63    27.83    17.96  1721.47    51.2    95.9
sc1-map/CrescentMoon              512x512  scen    1920     151   21161   145.06    35.21    31.84    20.92  2591.24    73.6   123.9
sc1-map/Crossroads                768x768  rand    1000     313   33122   337.65    70.80    73.03    40.36  4010.07    56.6    99.4
sc1-map/Crossroads                768x768  scen    2960     421   45637   355.13    83.56    80.64    52.74  5513.67    66.0   104.5
sc1-map/DarkContinent             512x768  rand    1000     375   36956   278.04    79.42    73.49    45.82  4794.24    60.4   104.6
sc1-map/DarkContinent             512x768  scen    2650     496   49154   285.75    86.92    83.13    57.63  6506.02    74.8   112.9
sc1-map/Desolation                512x512  rand    1000     155   13081   170.13    39.78    35.68    20.53  1580.42    39.7    77.0
sc1-map/Desolation                512x512  scen    1900     214   18543   190.68    50.42    42.28    27.41  2321.84    46.0    84.7
sc1-map/EbonLakes                 512x512  rand    1000     246   20297   169.30    53.34    45.46    28.42  2428.29    45.5    85.4
sc1-map/EbonLakes                 512x512  scen    2010     344   28249   178.22    61.87    57.04    36.84  3410.66    55.1    92.6
sc1-map/Elderlands                768x768  rand    1000     390   26209   335.07    96.67    87.66    52.24  3245.43    33.6    62.1
sc1-map/Elderlands                768x768  scen    2780     507   31812   337.11   101.21    98.15    69.03  4188.94    41.4    60.7
sc1-map/Enigma                    768x768  rand    1000     853   43803   233.28   117.89   121.06    86.03  5116.96    43.4    59.5
sc1-map/Enigma                    768x768  scen    3370    1019   50993   247.59   129.89   140.52    98.41  6122.40    47.1    62.2
sc1-map/Entanglement              512x512  rand    1000     197    9999   142.33    45.19    37.95    23.40  1177.97    26.1    50.3
sc1-map/Entanglement              512x512  scen    1820     365   17737   172.01    63.46    57.50    40.46  2208.54    34.8    54.6
sc1-map/Eruption                  512x512  rand    1000     255   18118   170.43    56.51    49.02    30.91  2174.98    38.5    70.4
sc1-map/Eruption                  512x512  scen    1920     329   22807   160.83    60.23    55.94    35.79  2776.87    46.1    77.6
------------------------------------------------------------------------------------------------------------------------------------
map                                  size   tag   pairs  JPSexp   A*exp      cC#       cC      wC#       wC     A*us   A*/cC   A*/wC
------------------------------------------------------------------------------------------------------------------------------------
sc1-map/Expedition              1024x1024  rand    1000     691   34284   413.14   122.00   126.37    80.97  4193.86    34.4    51.8
sc1-map/Expedition              1024x1024  scen    3580    1416   58623   499.37   196.61   210.54   154.99  7429.25    37.8    47.9
sc1-map/FireWalker                512x384  rand    1000     328   27821   193.13    69.14    61.60    39.46  3274.75    47.4    83.0
sc1-map/FireWalker                512x384  scen    2550     392   33667   179.30    70.32    61.26    45.09  3839.44    54.6    85.2
sc1-map/FloodedPlains             768x768  rand    1000     437   32300   266.84    91.41    84.47    56.56  4404.20    48.2    77.9
sc1-map/FloodedPlains             768x768  scen    3050     768   53731   302.73   126.65   126.50    88.89  7235.71    57.1    81.4
sc1-map/GhostTown                 768x512  rand    1000     359   16912   261.31    71.32    62.94    40.04  1917.79    26.9    47.9
sc1-map/GhostTown                 768x512  scen    2510     970   39827   367.69   129.59   132.45    95.06  4696.88    36.2    49.4
sc1-map/GladiatorPits             768x512  rand    1000     367   34740   249.73    74.26    69.38    40.27  4312.61    58.1   107.1
sc1-map/GladiatorPits             768x512  scen    2710     544   50026   267.20    92.34    88.12    61.56  6431.85    69.7   104.5
sc1-map/GreenerPastures           768x512  rand    1000     177   24525   279.40    47.45    45.61    23.96  2766.39    58.3   115.5
sc1-map/GreenerPastures           768x512  scen    2700     342   46794   318.44    65.81    62.62    40.53  5450.66    82.8   134.5
sc1-map/Hellfire                  768x768  rand    1000     294   29613   228.31    64.45    58.45    35.87  3537.33    54.9    98.6
sc1-map/Hellfire                  768x768  scen    3030     462   46183   244.96    79.25    76.03    52.28  5666.35    71.5   108.4
sc1-map/HotZone                   512x512  rand    1000     126   12800   155.05    39.14    33.50    17.98  1586.05    40.5    88.2
sc1-map/HotZone                   512x512  scen    1850     166   17398   163.48    45.56    40.05    23.46  2246.55    49.3    95.8
sc1-map/IceFloes                  384x384  rand    1000     283   14650   128.16    53.31    45.51    28.99  1664.62    31.2    57.4
sc1-map/IceFloes                  384x384  scen    1680     417   21137   142.92    62.86    57.73    38.69  2371.67    37.7    61.3
sc1-map/IceMountain               512x512  rand    1000     934   43828   351.17   136.33   138.66    94.20  4857.05    35.6    51.6
sc1-map/IceMountain               512x512  scen    3580    1496   68540   431.03   190.98   207.12   145.51  7637.79    40.0    52.5
sc1-map/Inferno                   768x768  rand    1000    2114   99218   451.50   245.47   276.77   188.93 11236.81    45.8    59.5
sc1-map/Inferno                   768x768  scen    6010    2546  120085   515.91   289.33   330.66   234.21 13960.02    48.2    59.6
sc1-map/Isolation                 512x512  rand    1000     157   21006   217.86    46.66    40.95    22.67  2507.23    53.7   110.6
sc1-map/Isolation                 512x512  scen    2090     298   37596   244.94    66.19    55.96    36.68  4601.67    69.5   125.4
sc1-map/JungleSiege               768x768  rand    1000     867   67619   329.15   123.94   132.33    89.43  8295.39    66.9    92.8
sc1-map/JungleSiege               768x768  scen    3490    1074   83736   339.11   146.58   153.34   107.88 10458.81    71.4    96.9
sc1-map/Labyrinth                768x1024  rand    1000     804   69388   310.73   115.55   127.33    81.43  8257.89    71.5   101.4
sc1-map/Labyrinth                768x1024  scen    4440    1029   87872   321.87   132.52   144.45   101.51 10643.38    80.3   104.8
sc1-map/LakeShore                 768x768  rand    1000     938   76349   349.70   139.83   144.83    96.40  9067.99    64.8    94.1
sc1-map/LakeShore                 768x768  scen    3950    1449  114286   411.59   187.80   200.72   142.47 14231.24    75.8    99.9
sc1-map/Legacy                    512x512  rand    1000    1209   21695   361.44   164.51   175.81   118.46  2587.18    15.7    21.8
sc1-map/Legacy                    512x512  scen    2060    1830   29530   439.19   225.72   250.22   176.58  3731.88    16.5    21.1
sc1-map/Medusa                    768x768  rand    1000     803   48569   316.98   131.20   128.21    84.79  6287.46    47.9    74.2
sc1-map/Medusa                    768x768  scen    3360    1281   72487   368.16   172.87   181.32   131.55  9369.24    54.2    71.2
sc1-map/Nightshade               1024x768  rand    1000     484   45121   297.97    94.93    88.92    57.40  5517.28    58.1    96.1
sc1-map/Nightshade               1024x768  scen    3610     785   71179   329.24   118.97   119.58    86.13  9224.24    77.5   107.1
sc1-map/NovaStation               512x512  rand    1000     439   24605   147.42    71.19    65.24    46.31  2898.64    40.7    62.6
sc1-map/NovaStation               512x512  scen    2770     512   28848   157.26    79.19    74.65    56.09  3455.93    43.6    61.6
sc1-map/Octopus                 1024x1024  rand    1000     654   40838   269.52   106.59   109.21    74.70  4878.81    45.8    65.3
sc1-map/Octopus                 1024x1024  scen    3480     912   54343   293.30   132.41   139.48   100.87  6714.75    50.7    66.6
sc1-map/OrbitalGully              512x512  rand    1000     270   20873   190.77    58.04    49.18    35.77  2702.28    46.6    75.5
sc1-map/OrbitalGully              512x512  scen    2110     487   36538   219.88    80.26    74.05    51.34  4792.67    59.7    93.3
sc1-map/Predators                 512x512  rand    1000     130   10917   129.56    35.14    30.15    16.98  1274.71    36.3    75.1
sc1-map/Predators                 512x512  scen    1510     180   14970   142.75    39.55    35.84    22.07  1771.73    44.8    80.3
sc1-map/PrimevalIsles           1024x1024  rand    1000    1132   47540   419.57   186.16   190.72   127.75  6427.08    34.5    50.3
sc1-map/PrimevalIsles           1024x1024  scen    3870    1940   78382   542.00   269.75   302.91   210.32 10844.39    40.2    51.6
sc1-map/Ramparts                  512x512  rand    1000     729   36081   245.29   103.57    99.66    68.56  4164.84    40.2    60.7
sc1-map/Ramparts                  512x512  scen    2930     947   47245   264.13   119.49   121.32    87.41  5449.63    45.6    62.3
sc1-map/RedCanyons                512x512  rand    1000     132   13900   152.99    38.76    32.47    18.18  1637.09    42.2    90.0
sc1-map/RedCanyons                512x512  scen    1900     201   21347   169.37    47.01    42.01    25.56  2641.01    56.2   103.3
------------------------------------------------------------------------------------------------------------------------------------
map                                  size   tag   pairs  JPSexp   A*exp      cC#       cC      wC#       wC     A*us   A*/cC   A*/wC
------------------------------------------------------------------------------------------------------------------------------------
sc1-map/RiverLethe                512x768  rand    1000     608   30684   321.07   101.33    99.69    67.88  3856.62    38.1    56.8
sc1-map/RiverLethe                512x768  scen    3110    1539   68900   492.73   205.62   231.16   164.70  9379.64    45.6    57.0
sc1-map/Rosewood                  512x512  rand    1000     360   13853   174.47    64.96    59.23    38.24  1616.43    24.9    42.3
sc1-map/Rosewood                  512x512  scen    2020     763   26780   248.26   109.00   115.28    76.69  3306.88    30.3    43.1
sc1-map/Sanctuary                 512x512  rand    1000     266   27099   194.29    56.94    54.21    33.95  3193.24    56.1    94.1
sc1-map/Sanctuary                 512x512  scen    2240     363   35573   199.88    66.60    62.92    41.99  4138.50    62.1    98.6
sc1-map/Sandstorm                 512x384  rand    1000     132   11473    88.55    30.40    25.05    15.96  1270.67    41.8    79.6
sc1-map/Sandstorm                 512x384  scen    1780     178   14838    92.12    34.39    29.74    20.08  1706.10    49.6    85.0
sc1-map/SapphireIsles             768x768  rand    1000     341   23528   192.53    69.47    60.49    40.53  2740.88    39.5    67.6
sc1-map/SapphireIsles             768x768  scen    3610     820   52254   282.40   117.11   126.83    87.34  6264.98    53.5    71.7
sc1-map/ShroudPlatform            512x512  rand    1000     483   29193   180.49    74.23    72.29    45.50  3474.25    46.8    76.4
sc1-map/ShroudPlatform            512x512  scen    2540     798   47443   227.16   100.63   101.97    70.59  5686.11    56.5    80.5
sc1-map/Sirocco                   768x512  rand    1000     643   62093   322.96   109.46   106.76    68.39  7381.08    67.4   107.9
sc1-map/Sirocco                   768x512  scen    3190     947   88296   359.89   135.83   140.30    97.22 10702.87    78.8   110.1
sc1-map/SpaceAtoll                512x512  rand    1000     670   36134   223.42    97.92    93.80    62.04  4190.00    42.8    67.5
sc1-map/SpaceAtoll                512x512  scen    2800     895   47782   242.23   112.23   113.95    80.21  5579.01    49.7    69.6
sc1-map/SpaceDebris               512x512  rand    1000     300   22012   166.50    56.75    51.20    32.84  2682.73    47.3    81.7
sc1-map/SpaceDebris               512x512  scen    2410     479   32935   187.99    75.51    69.81    50.24  3989.36    52.8    79.4
sc1-map/SpringThaw               1024x512  rand    1000     870   40626   419.35   146.09   140.33    93.22  4772.82    32.7    51.2
sc1-map/SpringThaw               1024x512  scen    3210    1356   61049   469.14   184.88   195.08   140.91  7242.34    39.2    51.4
sc1-map/SteppingStones            512x512  rand    1000     127   11684   166.02    38.12    32.56    18.81  1365.49    35.8    72.6
sc1-map/SteppingStones            512x512  scen    2450     402   31462   227.69    70.80    67.63    45.74  3723.91    52.6    81.4
sc1-map/TaleofTwoCities           768x512  rand    1000     381   22500   271.15    74.27    70.81    45.73  2596.64    35.0    56.8
sc1-map/TaleofTwoCities           768x512  scen    2510     663   37214   322.61   102.11   100.54    69.72  4387.23    43.0    62.9
sc1-map/TheatreofWar              768x768  rand    1000     389   36764   263.36    77.83    73.90    46.12  4564.04    58.6    99.0
sc1-map/TheatreofWar              768x768  scen    3430     563   50952   272.05    85.23    90.55    62.38  6303.49    74.0   101.1
sc1-map/TheFrozenSea            1024x1024  rand    1000    1395   76380   501.51   214.23   218.00   144.58  9882.29    46.1    68.3
sc1-map/TheFrozenSea            1024x1024  scen    4090    2098  111764   600.23   284.52   314.05   222.43 15297.88    53.8    68.8
sc1-map/TheHighway                768x512  rand    1000    1144   60296   375.35   159.67   167.69   113.68  6772.31    42.4    59.6
sc1-map/TheHighway                768x512  scen    4090    1871   97087   490.60   228.02   260.14   180.71 11095.29    48.7    61.4
sc1-map/ThinIce                   768x512  rand    1000     649   38592   219.40   102.63   102.00    66.17  4548.77    44.3    68.7
sc1-map/ThinIce                   768x512  scen    3040     953   54089   251.51   126.61   136.01    90.98  6585.88    52.0    72.4
sc1-map/Tribes                    768x768  rand    1000     133   18769   215.60    41.77    41.20    21.71  2210.04    52.9   101.8
sc1-map/Tribes                    768x768  scen    2570     242   34023   231.51    56.13    49.84    34.40  4326.08    77.1   125.8
sc1-map/Triskelion                512x512  rand    1000     441   29224   222.85    79.14    72.39    45.74  3497.61    44.2    76.5
sc1-map/Triskelion                512x512  scen    2250     597   38751   228.34    88.17    85.10    57.38  4697.24    53.3    81.9
sc1-map/Turbo                     768x768  rand    1000     331   42045   265.31    70.79    74.43    41.83  5259.71    74.3   125.7
sc1-map/Turbo                     768x768  scen    3650     629   77599   308.64   104.22   104.94    73.23  9775.10    93.8   133.5
sc1-map/Typhoon                   768x512  rand    1000     215   16446   148.20    46.80    42.58    27.43  1851.23    39.6    67.5
sc1-map/Typhoon                   768x512  scen    1910     212   16569   132.64    43.94    40.90    27.50  1887.85    43.0    68.6
sc1-map/ValleyofRe                768x768  rand    1000     779   48769   306.51   118.07   121.82    80.89  5817.73    49.3    71.9
sc1-map/ValleyofRe                768x768  scen    3920    1111   68211   351.48   149.77   162.55   115.70  8247.05    55.1    71.3
sc1-map/WarpGates                 512x512  rand    1000     233   14974   153.33    51.13    43.56    27.74  1785.89    34.9    64.4
sc1-map/WarpGates                 512x512  scen    2020     362   22701   177.92    65.06    60.23    40.65  2766.55    42.5    68.1
sc1-map/WatersEdge                512x512  rand    1000     201   21123   148.53    46.63    41.25    25.90  2412.66    51.7    93.2
sc1-map/WatersEdge                512x512  scen    2200     216   22254   137.23    45.68    40.25    27.07  2527.65    55.3    93.4
sc1-map/WaypointJunction          512x512  rand    1000     246   15570   152.26    51.46    44.27    27.27  1896.04    36.8    69.5
sc1-map/WaypointJunction          512x512  scen    1610     308   19777   156.50    53.53    47.98    30.96  2376.10    44.4    76.7
sc1-map/WheelofWar                768x768  rand    1000     402   50482   284.86    82.17    76.68    48.96  6171.15    75.1   126.1
sc1-map/WheelofWar                768x768  scen    3020     509   63364   284.70    89.66    83.98    58.54  8290.30    92.5   141.6
------------------------------------------------------------------------------------------------------------------------------------
map                                  size   tag   pairs  JPSexp   A*exp      cC#       cC      wC#       wC     A*us   A*/cC   A*/wC
------------------------------------------------------------------------------------------------------------------------------------
sc1-map/WinterConquest            512x512  rand    1000     386   26649   198.82    70.82    65.32    43.11  3005.12    42.4    69.7
sc1-map/WinterConquest            512x512  scen    2210     456   30518   204.36    75.97    72.64    50.25  3556.40    46.8    70.8
wc3maps512-map/battleground       512x512  rand    1000      35    4597    82.50    18.76    14.02     7.68   501.16    26.7    65.3
wc3maps512-map/battleground       512x512  scen    1330      62    8091    92.65    23.76    18.92    11.26   945.19    39.8    83.9
wc3maps512-map/blastedlands       512x512  rand    1000      62    6957   103.30    28.02    20.57    11.25   813.09    29.0    72.3
wc3maps512-map/blastedlands       512x512  scen    1360      83    9257   109.11    30.13    22.85    13.86  1104.20    36.7    79.7
wc3maps512-map/bloodvenomfalls    512x512  rand    1000     104    9188   121.75    33.19    26.17    15.28  1075.64    32.4    70.4
wc3maps512-map/bloodvenomfalls    512x512  scen    1570     197   16406   148.28    46.15    41.32    26.71  2043.77    44.3    76.5
wc3maps512-map/bootybay           512x512  rand    1000      82   12594    94.71    24.12    19.59    11.48  1424.38    59.1   124.1
wc3maps512-map/bootybay           512x512  scen    2210     179   27826   122.61    36.98    32.28    20.93  3224.07    87.2   154.0
wc3maps512-map/darkforest         512x512  rand    1000      45    6037    81.31    22.38    17.10     9.14   719.94    32.2    78.7
wc3maps512-map/darkforest         512x512  scen    1510      84   10929    90.30    28.15    22.60    14.64  1342.76    47.7    91.7
wc3maps512-map/deadwaterdrop      512x512  rand    1000      41    5330    82.90    19.10    15.35     8.21   607.24    31.8    74.0
wc3maps512-map/deadwaterdrop      512x512  scen    1120      59    7784    87.18    22.35    19.16    10.69   917.93    41.1    85.9
wc3maps512-map/divideandconqu~    512x512  rand    1000     125   11796   121.75    37.49    28.82    17.24  1441.19    38.4    83.6
wc3maps512-map/divideandconqu~    512x512  scen    1630     216   19850   139.31    47.35    41.40    26.05  2469.35    52.2    94.8
wc3maps512-map/dragonfire         512x512  rand    1000      65    7346    98.30    27.38    23.03    11.61   951.59    34.8    81.9
wc3maps512-map/dragonfire         512x512  scen    1460     112   12738   108.43    33.97    26.61    16.84  1590.41    46.8    94.4
wc3maps512-map/drywatergulch      512x512  rand    1000     174   21056   155.33    50.16    37.82    23.08  2539.17    50.6   110.0
wc3maps512-map/drywatergulch      512x512  scen    1980     315   36179   185.86    64.29    58.86    39.05  4474.93    69.6   114.6
wc3maps512-map/duskwood           512x512  rand    1000      39    7586   113.03    23.41    18.94     9.28   920.33    39.3    99.1
wc3maps512-map/duskwood           512x512  scen    1540      57   11236   114.39    27.02    20.02    11.95  1339.32    49.6   112.1
wc3maps512-map/dustwallowkeys     512x512  rand    1000      69   10771   165.26    31.50    24.34    12.67  1284.19    40.8   101.3
wc3maps512-map/dustwallowkeys     512x512  scen    1690     125   18533   183.95    41.06    31.11    20.20  2360.96    57.5   116.9
wc3maps512-map/frostsabre         512x512  rand    1000      41    5287    79.14    20.08    15.67     8.35   612.13    30.5    73.3
wc3maps512-map/frostsabre         512x512  scen    1310      64    8301    92.13    25.64    19.72    11.52  1047.88    40.9    91.0
wc3maps512-map/gardenofwar        512x512  rand    1000      58    8273   110.43    29.33    20.03    12.13  1027.99    35.0    84.7
wc3maps512-map/gardenofwar        512x512  scen    1440      73   11013   102.41    30.09    22.45    13.78  1355.39    45.0    98.3
wc3maps512-map/gnollwood          512x512  rand    1000      34    4535    83.19    20.02    14.65     7.83   497.93    24.9    63.6
wc3maps512-map/gnollwood          512x512  scen    1260      47    6278    88.42    22.27    16.74     9.89   697.05    31.3    70.5
wc3maps512-map/golemsinthemist    512x512  rand    1000      39    6414   100.39    22.19    16.83     8.74   763.59    34.4    87.3
wc3maps512-map/golemsinthemist    512x512  scen    1400      56    9429    99.94    24.59    18.90    11.23  1101.24    44.8    98.0
wc3maps512-map/harvestmoon        512x512  rand    1000      98   10729   111.68    34.14    25.75    14.92  1259.78    36.9    84.4
wc3maps512-map/harvestmoon        512x512  scen    1420     129   13786   112.22    36.33    29.12    18.72  1671.85    46.0    89.3
wc3maps512-map/heart2heart        512x512  rand    1000      70   17134   127.66    26.04    20.98    11.38  1886.22    72.4   165.8
wc3maps512-map/heart2heart        512x512  scen    2030     115   27256   133.60    32.11    26.66    16.36  2993.85    93.2   183.0
wc3maps512-map/hillsofglory       512x512  rand    1000      24    6900    90.83    18.53    14.39     6.98   827.58    44.7   118.5
wc3maps512-map/hillsofglory       512x512  scen    1350      40   12745   106.41    21.83    17.61     9.32  1675.99    76.8   179.7
wc3maps512-map/icecrown           512x512  rand    1000      41    6926   138.55    22.46    21.01     9.59   745.21    33.2    77.7
wc3maps512-map/icecrown           512x512  scen    1720     112   17063   188.00    36.20    29.42    18.27  2026.41    56.0   110.9
wc3maps512-map/isleofdread        512x512  rand    1000     120   12293   138.93    37.14    29.27    17.22  1435.57    38.7    83.4
wc3maps512-map/isleofdread        512x512  scen    1580     176   18590   144.41    43.29    36.09    22.94  2210.72    51.1    96.4
wc3maps512-map/losttemple         512x512  rand    1000      53    5444    90.68    22.79    17.90    10.79   634.88    27.9    58.8
wc3maps512-map/losttemple         512x512  scen    1390      90    8957    98.01    27.83    23.81    14.89  1036.72    37.3    69.6
wc3maps512-map/moonglade          512x512  rand    1000      43    6464   139.70    26.77    19.91    10.95   778.61    29.1    71.1
wc3maps512-map/moonglade          512x512  scen    1710     130   17467   167.25    40.62    34.55    21.79  2194.57    54.0   100.7
wc3maps512-map/mysticisles        512x512  rand    1000     107   14954   121.76    35.48    27.50    16.57  1697.22    47.8   102.5
wc3maps512-map/mysticisles        512x512  scen    2060     189   26072   137.46    45.76    38.86    25.52  2972.90    65.0   116.5
wc3maps512-map/nighthaven         512x512  rand    1000      33    9721   125.05    21.88    17.54     8.75  1101.48    50.3   125.9
wc3maps512-map/nighthaven         512x512  scen    1420      46   14172   130.04    24.42    19.35    11.06  1663.86    68.1   150.5
------------------------------------------------------------------------------------------------------------------------------------
map                                  size   tag   pairs  JPSexp   A*exp      cC#       cC      wC#       wC     A*us   A*/cC   A*/wC
------------------------------------------------------------------------------------------------------------------------------------
wc3maps512-map/petrifiedforest    512x512  rand    1000      71    7878   104.25    28.34    20.31    12.14   901.49    31.8    74.3
wc3maps512-map/petrifiedforest    512x512  scen    1520     124   12994   119.41    35.95    26.76    18.22  1559.62    43.4    85.6
wc3maps512-map/plaguelands        512x512  rand    1000      74    7920    86.64    26.11    19.95    12.17   935.47    35.8    76.9
wc3maps512-map/plaguelands        512x512  scen    1600     140   15273    99.80    35.01    29.48    21.47  1877.15    53.6    87.4
wc3maps512-map/plainsofsnow       512x512  rand    1000      23    7174    94.20    16.73    14.31     6.48   798.97    47.8   123.3
wc3maps512-map/plainsofsnow       512x512  scen    1480      35   12798    98.11    19.56    15.57     8.23  1467.05    75.0   178.3
wc3maps512-map/plunderisle        512x512  rand    1000      59   12761   168.09    30.71    25.65    12.53  1536.62    50.0   122.7
wc3maps512-map/plunderisle        512x512  scen    1640      78   16564   165.93    32.86    27.82    15.48  2023.86    61.6   130.8
wc3maps512-map/riverrun           512x512  rand    1000     263   15994   158.77    58.01    47.66    31.53  1853.35    31.9    58.8
wc3maps512-map/riverrun           512x512  scen    2010     494   28300   192.17    80.75    78.68    52.94  3207.81    39.7    60.6
wc3maps512-map/scorchedbasin      512x512  rand    1000      28    4337    69.49    17.38    13.05     7.12   479.82    27.6    67.4
wc3maps512-map/scorchedbasin      512x512  scen    1270      54    8613    80.53    22.39    17.85    10.64   998.14    44.6    93.8
wc3maps512-map/stromguarde        512x512  rand    1000      60    3535    93.75    21.71    18.34    10.10   423.85    19.5    42.0
wc3maps512-map/stromguarde        512x512  scen    1090     162    8507   123.82    35.02    31.75    21.44  1050.09    30.0    49.0
wc3maps512-map/swampofsorrows     512x512  rand    1000      74    6556   103.41    27.28    21.76    12.24   752.49    27.6    61.5
wc3maps512-map/swampofsorrows     512x512  scen    1310     118   10067   115.59    32.97    27.30    17.46  1193.92    36.2    68.4
wc3maps512-map/thecrucible        512x512  rand    1000      54    5848    66.23    21.98    16.64     9.85   664.37    30.2    67.5
wc3maps512-map/thecrucible        512x512  scen    1180      67    7517    68.57    23.32    18.30    11.25   873.47    37.5    77.6
wc3maps512-map/theglaive          512x512  rand    1000      32    6397   100.94    20.22    15.33     8.21   725.28    35.9    88.4
wc3maps512-map/theglaive          512x512  scen    1450      59   12642   111.27    25.00    19.12    11.29  1450.20    58.0   128.5
wc3maps512-map/timbermawhold      512x512  rand    1000      74    9793   151.58    30.30    24.42    13.19  1105.26    36.5    83.8
wc3maps512-map/timbermawhold      512x512  scen    2080     296   30614   229.17    63.84    57.35    38.73  3560.00    55.8    91.9
wc3maps512-map/tranquilpaths      512x512  rand    1000      69    6827    68.77    24.17    17.69    11.05   769.12    31.8    69.6
wc3maps512-map/tranquilpaths      512x512  scen    1340      96    9662    71.18    26.71    20.90    13.81  1110.09    41.6    80.4
------------------------------------------------------------------------------------------------------------------------------------
[rand] 562000 pairs: C# cold 44877ms / hot 14374ms; C cold 16464ms / hot 9317ms; A* 521099ms; A*/C cold 31.7x hot 55.9x; C#/C cold 2.73x hot 1.54x
[scen] 1414808 pairs: C# cold 201753ms / hot 99758ms; C cold 97239ms / hot 69692ms; A* 3262121ms; A*/C cold 33.5x hot 46.8x; C#/C cold 2.07x hot 1.43x
